app_id,tat_days,issued
APP-00001,0.149,1
APP-00002,0.099,1
APP-00003,0.162,0
APP-00004,0.135,1
APP-00005,0.13,1
APP-00006,0.154,1
APP-00007,9.866,0
APP-00008,8.311,0
APP-00009,0.29,1
APP-00010,0.138,1
APP-00011,0.112,0
APP-00012,7.356,0
APP-00013,0.088,0
APP-00014,0.208,1
APP-00015,0.041,0
APP-00016,6.015,0
APP-00017,0.234,0
APP-00018,8.74,0
APP-00019,0.11,1
APP-00020,8.185,0
APP-00021,0.157,1
APP-00022,14.413,1
APP-00023,0.109,1
APP-00024,2.861,1
APP-00025,0.06,1
APP-00026,0.079,0
APP-00027,0.056,0
APP-00028,2.841,1
APP-00029,0.088,1
APP-00030,0.128,1
APP-00031,0.08,1
APP-00032,0.266,0
APP-00033,0.094,0
APP-00034,0.088,0
APP-00035,3.497,1
APP-00036,9.01,0
APP-00037,0.108,1
APP-00038,5.97,1
APP-00039,0.552,1
APP-00040,0.163,1
APP-00041,4.468,0
APP-00042,0.071,0
APP-00043,0.193,1
APP-00044,0.067,1
APP-00045,1.033,1
APP-00046,0.149,1
APP-00047,0.044,1
APP-00048,0.204,0
APP-00049,0.163,1
APP-00050,11.621,0
APP-00051,2.62,1
APP-00052,4.969,0
APP-00053,0.095,1
APP-00054,0.286,0
APP-00055,0.107,1
APP-00056,0.142,0
APP-00057,0.156,0
APP-00058,0.153,1
APP-00059,0.069,0
APP-00060,0.276,1
APP-00061,0.7,1
APP-00062,0.128,1
APP-00063,0.102,0
APP-00064,0.116,1
APP-00065,0.182,1
APP-00066,0.141,1
APP-00067,0.504,1
APP-00068,0.12,0
APP-00069,5.552,0
APP-00070,6.507,1
APP-00071,0.08,1
APP-00072,16.633,0
APP-00073,0.179,1
APP-00074,0.04,0
APP-00075,0.083,1
APP-00076,0.582,1
APP-00077,7.385,0
APP-00078,9.686,0
APP-00079,0.095,1
APP-00080,0.122,0
APP-00081,0.17,1
APP-00082,6.662,0
APP-00083,0.131,1
APP-00084,16.433,1
APP-00085,0.206,0
APP-00086,0.193,1
APP-00087,0.321,1
APP-00088,0.127,0
APP-00089,0.108,1
APP-00090,0.156,1
APP-00091,0.327,1
APP-00092,0.068,1
APP-00093,11.13,1
APP-00094,0.177,1
APP-00095,0.108,1
APP-00096,0.108,1
APP-00097,0.073,1
APP-00098,4.187,0
APP-00099,3.738,1
APP-00100,0.088,1
APP-00101,0.159,1
APP-00102,0.137,0
APP-00103,0.281,0
APP-00104,6.247,0
APP-00105,0.6,1
APP-00106,0.154,1
APP-00107,0.138,1
APP-00108,0.153,0
APP-00109,6.991,1
APP-00110,0.092,1
APP-00111,0.075,1
APP-00112,0.262,0
APP-00113,0.11,1
APP-00114,0.31,0
APP-00115,0.191,1
APP-00116,0.464,1
APP-00117,0.171,1
APP-00118,0.063,1
APP-00119,15.77,0
APP-00120,0.166,1
APP-00121,0.199,1
APP-00122,0.126,1
APP-00123,0.448,0
APP-00124,0.279,1
APP-00125,0.258,1
APP-00126,0.272,1
APP-00127,9.962,1
APP-00128,0.136,1
APP-00129,0.283,0
APP-00130,0.077,1
APP-00131,0.119,1
APP-00132,10.279,0
APP-00133,0.109,1
APP-00134,0.041,1
APP-00135,4.32,1
APP-00136,0.09,0
APP-00137,6.729,1
APP-00138,0.129,0
APP-00139,15.265,1
APP-00140,0.204,0
APP-00141,0.157,1
APP-00142,0.257,1
APP-00143,0.083,1
APP-00144,7.767,0
APP-00145,0.14,1
APP-00146,0.065,0
APP-00147,0.279,1
APP-00148,0.301,1
APP-00149,0.094,1
APP-00150,0.327,0
APP-00151,0.051,1
APP-00152,0.093,1
APP-00153,0.317,1
APP-00154,0.19,1
APP-00155,0.123,1
APP-00156,1.549,1
APP-00157,9.759,0
APP-00158,7.742,0
APP-00159,10.08,0
APP-00160,0.275,1
APP-00161,9.933,1
APP-00162,7.178,0
APP-00163,0.12,0
APP-00164,0.098,1
APP-00165,0.058,0
APP-00166,0.12,1
APP-00167,3.686,0
APP-00168,10.752,0
APP-00169,0.188,1
APP-00170,10.893,1
APP-00171,0.264,0
APP-00172,0.074,0
APP-00173,0.146,0
APP-00174,0.098,0
APP-00175,10.582,1
APP-00176,0.135,1
APP-00177,0.336,1
APP-00178,0.153,0
APP-00179,0.19,1
APP-00180,0.152,1
APP-00181,0.093,0
APP-00182,0.069,1
APP-00183,0.139,1
APP-00184,0.215,1
APP-00185,0.147,0
APP-00186,0.357,1
APP-00187,7.433,0
APP-00188,0.312,0
APP-00189,7.083,0
APP-00190,0.129,0
APP-00191,6.733,0
APP-00192,0.281,1
APP-00193,0.179,1
APP-00194,0.098,0
APP-00195,0.126,1
APP-00196,0.301,0
APP-00197,3.456,0
APP-00198,0.216,0
APP-00199,0.135,1
APP-00200,0.185,0
APP-00201,5.666,0
APP-00202,6.373,0
APP-00203,0.06,1
APP-00204,0.222,0
APP-00205,0.273,1
APP-00206,0.132,1
APP-00207,4.333,1
APP-00208,4.226,1
APP-00209,0.096,1
APP-00210,0.062,1
APP-00211,0.133,0
APP-00212,0.098,0
APP-00213,0.307,1
APP-00214,6.88,0
APP-00215,7.07,1
APP-00216,0.043,1
APP-00217,0.272,1
APP-00218,1.006,1
APP-00219,5.363,0
APP-00220,0.09,0
APP-00221,0.166,0
APP-00222,8.677,0
APP-00223,0.157,1
APP-00224,0.156,0
APP-00225,0.271,1
APP-00226,0.374,1
APP-00227,0.115,0
APP-00228,8.706,0
APP-00229,0.124,1
APP-00230,0.05,0
APP-00231,0.471,1
APP-00232,0.167,0
APP-00233,0.086,1
APP-00234,0.074,0
APP-00235,2.573,1
APP-00236,0.156,1
APP-00237,0.171,1
APP-00238,0.124,1
APP-00239,0.125,1
APP-00240,0.111,1
APP-00241,0.178,1
APP-00242,0.168,1
APP-00243,8.393,1
APP-00244,0.142,1
APP-00245,0.059,1
APP-00246,0.141,1
APP-00247,7.667,0
APP-00248,5.764,0
APP-00249,0.196,1
APP-00250,0.095,1
APP-00251,0.13,0
APP-00252,0.215,1
APP-00253,5.684,1
APP-00254,9.615,0
APP-00255,0.151,0
APP-00256,0.109,1
APP-00257,0.228,1
APP-00258,0.163,1
APP-00259,0.174,0
APP-00260,0.149,0
APP-00261,5.105,0
APP-00262,0.235,1
APP-00263,2.935,0
APP-00264,0.155,0
APP-00265,2.585,0
APP-00266,3.925,0
APP-00267,0.103,1
APP-00268,10.762,1
APP-00269,1.799,0
APP-00270,3.747,0
APP-00271,6.69,0
APP-00272,3.055,0
APP-00273,0.297,1
APP-00274,0.176,1
APP-00275,0.414,1
APP-00276,0.146,0
APP-00277,0.19,1
APP-00278,1.999,1
APP-00279,0.22,1
APP-00280,0.074,1
APP-00281,0.383,1
APP-00282,1.162,0
APP-00283,0.24,1
APP-00284,0.131,1
APP-00285,0.154,0
APP-00286,0.211,0
APP-00287,0.067,1
APP-00288,0.287,1
APP-00289,10.491,1
APP-00290,7.391,0
APP-00291,0.178,1
APP-00292,0.106,1
APP-00293,0.08,1
APP-00294,0.094,1
APP-00295,0.164,1
APP-00296,0.255,0
APP-00297,4.462,0
APP-00298,0.173,1
APP-00299,0.119,1
APP-00300,1.149,1
APP-00301,6.264,0
APP-00302,0.17,1
APP-00303,0.2,0
APP-00304,0.071,1
APP-00305,0.068,1
APP-00306,12.642,1
APP-00307,0.141,0
APP-00308,4.174,1
APP-00309,0.072,0
APP-00310,0.243,0
APP-00311,7.243,0
APP-00312,0.112,0
APP-00313,0.234,1
APP-00314,2.412,1
APP-00315,0.18,0
APP-00316,0.065,1
APP-00317,5.897,1
APP-00318,0.216,1
APP-00319,0.114,1
APP-00320,0.318,0
APP-00321,0.061,1
APP-00322,8.748,0
APP-00323,6.023,1
APP-00324,6.99,1
APP-00325,8.199,0
APP-00326,0.083,1
APP-00327,0.172,0
APP-00328,10.961,0
APP-00329,0.135,1
APP-00330,0.156,1
APP-00331,0.127,0
APP-00332,0.317,1
APP-00333,6.393,0
APP-00334,0.228,0
APP-00335,0.15,1
APP-00336,3.884,0
APP-00337,0.201,1
APP-00338,0.088,0
APP-00339,9.033,0
APP-00340,0.091,1
APP-00341,0.066,1
APP-00342,0.6,0
APP-00343,0.193,1
APP-00344,5.19,0
APP-00345,10.901,0
APP-00346,0.149,1
APP-00347,0.324,1
APP-00348,0.344,0
APP-00349,4.255,0
APP-00350,6.544,0
APP-00351,0.182,1
APP-00352,0.305,1
APP-00353,0.255,0
APP-00354,0.157,1
APP-00355,0.105,1
APP-00356,0.128,1
APP-00357,0.109,0
APP-00358,0.062,1
APP-00359,0.082,0
APP-00360,0.204,1
APP-00361,0.241,1
APP-00362,0.237,1
APP-00363,4.685,0
APP-00364,0.092,1
APP-00365,7.197,0
APP-00366,0.396,1
APP-00367,6.308,1
APP-00368,0.083,1
APP-00369,0.101,0
APP-00370,0.164,0
APP-00371,0.181,1
APP-00372,0.039,0
APP-00373,0.1,1
APP-00374,6.665,0
APP-00375,4.267,1
APP-00376,0.161,1
APP-00377,7.396,0
APP-00378,0.15,1
APP-00379,8.272,0
APP-00380,0.175,1
APP-00381,9.674,0
APP-00382,0.16,1
APP-00383,12.587,1
APP-00384,0.124,1
APP-00385,0.252,1
APP-00386,0.14,1
APP-00387,0.15,1
APP-00388,10.083,1
APP-00389,5.965,0
APP-00390,9.129,1
APP-00391,6.003,1
APP-00392,6.306,0
APP-00393,0.102,0
APP-00394,0.138,1
APP-00395,0.151,1
APP-00396,0.063,1
APP-00397,0.083,1
APP-00398,8.43,0
APP-00399,0.13,1
APP-00400,0.185,1
APP-00401,0.185,1
APP-00402,0.098,0
APP-00403,0.108,1
APP-00404,0.216,1
APP-00405,7.723,0
APP-00406,6.059,1
APP-00407,11.005,1
APP-00408,7.125,1
APP-00409,0.251,0
APP-00410,0.141,0
APP-00411,0.129,1
APP-00412,0.09,0
APP-00413,0.233,1
APP-00414,0.071,1
APP-00415,0.32,0
APP-00416,0.088,1
APP-00417,7.057,1
APP-00418,0.348,1
APP-00419,0.219,1
APP-00420,7.257,1
APP-00421,0.136,1
APP-00422,0.217,1
APP-00423,8.189,0
APP-00424,6.721,0
APP-00425,0.058,1
APP-00426,0.317,1
APP-00427,0.201,0
APP-00428,0.186,1
APP-00429,10.598,0
APP-00430,0.247,1
APP-00431,0.105,1
APP-00432,0.254,1
APP-00433,0.133,1
APP-00434,0.114,1
APP-00435,0.383,0
APP-00436,6.499,0
APP-00437,6.438,0
APP-00438,0.365,1
APP-00439,0.073,1
APP-00440,0.106,1
APP-00441,0.216,1
APP-00442,0.279,1
APP-00443,9.253,0
APP-00444,0.6,1
APP-00445,0.059,1
APP-00446,3.677,1
APP-00447,0.093,1
APP-00448,0.112,1
APP-00449,0.202,0
APP-00450,0.141,1
APP-00451,6.051,0
APP-00452,0.078,1
APP-00453,0.26,1
APP-00454,6.031,1
APP-00455,0.116,0
APP-00456,0.132,1
APP-00457,4.586,0
APP-00458,0.073,1
APP-00459,0.159,1
APP-00460,0.701,1
APP-00461,12.753,0
APP-00462,0.083,1
APP-00463,4.601,0
APP-00464,7.414,0
APP-00465,0.21,1
APP-00466,9.754,1
APP-00467,0.104,1
APP-00468,0.189,1
APP-00469,0.553,1
APP-00470,0.149,1
APP-00471,3.022,0
APP-00472,0.234,0
APP-00473,4.07,0
APP-00474,0.169,1
APP-00475,9.371,1
APP-00476,0.172,1
APP-00477,0.052,1
APP-00478,0.37,1
APP-00479,0.089,1
APP-00480,0.077,1
APP-00481,0.111,1
APP-00482,0.248,1
APP-00483,0.251,1
APP-00484,5.227,0
APP-00485,0.123,1
APP-00486,0.104,1
APP-00487,0.061,1
APP-00488,0.6,1
APP-00489,0.831,1
APP-00490,0.177,1
APP-00491,6.436,0
APP-00492,4.613,1
APP-00493,0.097,1
APP-00494,0.144,1
APP-00495,4.687,0
APP-00496,7.6,1
APP-00497,7.52,0
APP-00498,2.371,1
APP-00499,9.116,0
APP-00500,0.09,0
APP-00501,0.066,1
APP-00502,6.122,0
APP-00503,12.233,1
APP-00504,0.07,0
APP-00505,0.097,1
APP-00506,0.097,0
APP-00507,2.844,1
APP-00508,8.649,1
APP-00509,0.105,1
APP-00510,7.641,0
APP-00511,2.143,1
APP-00512,0.187,1
APP-00513,0.181,1
APP-00514,0.071,0
APP-00515,0.075,0
APP-00516,0.156,0
APP-00517,0.112,0
APP-00518,8.278,0
APP-00519,8.948,0
APP-00520,0.085,1
APP-00521,0.189,1
APP-00522,0.178,0
APP-00523,0.14,1
APP-00524,3.432,0
APP-00525,0.098,1
APP-00526,0.314,1
APP-00527,7.079,0
APP-00528,9.504,0
APP-00529,0.263,0
APP-00530,9.595,0
APP-00531,0.119,1
APP-00532,0.168,1
APP-00533,0.124,1
APP-00534,5.17,0
APP-00535,0.6,1
APP-00536,0.189,1
APP-00537,0.079,1
APP-00538,0.186,1
APP-00539,7.552,1
APP-00540,0.355,1
APP-00541,0.154,1
APP-00542,0.146,1
APP-00543,11.545,0
APP-00544,8.758,0
APP-00545,0.098,1
APP-00546,0.107,1
APP-00547,0.096,1
APP-00548,0.071,1
APP-00549,0.195,1
APP-00550,0.177,1
APP-00551,0.304,1
APP-00552,0.246,1
APP-00553,0.067,0
APP-00554,0.122,0
APP-00555,5.935,0
APP-00556,0.105,1
APP-00557,1.958,0
APP-00558,0.263,1
APP-00559,0.173,1
APP-00560,0.261,1
APP-00561,3.128,0
APP-00562,0.15,0
APP-00563,9.03,0
APP-00564,7.59,1
APP-00565,10.446,0
APP-00566,0.269,1
APP-00567,0.135,1
APP-00568,0.084,1
APP-00569,0.154,1
APP-00570,7.098,0
APP-00571,4.947,1
APP-00572,0.108,1
APP-00573,0.142,0
APP-00574,0.242,1
APP-00575,0.145,1
APP-00576,6.132,1
APP-00577,0.066,1
APP-00578,0.151,1
APP-00579,0.137,1
APP-00580,0.103,0
APP-00581,0.083,1
APP-00582,0.21,1
APP-00583,0.028,0
APP-00584,0.189,1
APP-00585,0.17,1
APP-00586,0.094,1
APP-00587,0.08,0
APP-00588,7.749,0
APP-00589,6.002,0
APP-00590,0.102,1
APP-00591,0.152,1
APP-00592,0.055,0
APP-00593,5.726,0
APP-00594,6.085,1
APP-00595,0.33,0
APP-00596,5.493,1
APP-00597,4.804,0
APP-00598,0.069,1
APP-00599,4.424,0
APP-00600,0.168,0
APP-00601,0.06,0
APP-00602,0.21,1
APP-00603,0.177,1
APP-00604,0.17,0
APP-00605,0.067,0
APP-00606,12.755,0
APP-00607,0.215,1
APP-00608,0.303,0
APP-00609,5.911,0
APP-00610,0.067,1
APP-00611,9.119,1
APP-00612,0.089,0
APP-00613,0.315,1
APP-00614,0.145,1
APP-00615,0.393,0
APP-00616,1.172,0
APP-00617,0.154,1
APP-00618,0.125,0
APP-00619,0.347,1
APP-00620,0.255,1
APP-00621,0.222,1
APP-00622,0.19,1
APP-00623,0.277,0
APP-00624,0.142,1
APP-00625,0.231,0
APP-00626,0.113,1
APP-00627,5.335,1
APP-00628,0.148,1
APP-00629,0.287,1
APP-00630,0.047,1
APP-00631,0.163,1
APP-00632,0.122,1
APP-00633,0.243,1
APP-00634,0.155,1
APP-00635,0.199,1
APP-00636,0.06,1
APP-00637,2.596,0
APP-00638,0.103,1
APP-00639,5.835,1
APP-00640,7.325,1
APP-00641,0.059,1
APP-00642,4.772,1
APP-00643,6.95,0
APP-00644,0.289,1
APP-00645,0.088,0
APP-00646,0.149,0
APP-00647,0.162,0
APP-00648,0.109,0
APP-00649,0.211,1
APP-00650,0.201,1
APP-00651,0.208,0
APP-00652,0.262,1
APP-00653,0.168,0
APP-00654,0.094,1
APP-00655,0.084,1
APP-00656,11.589,0
APP-00657,0.123,1
APP-00658,0.182,1
APP-00659,0.18,1
APP-00660,0.6,1
APP-00661,0.186,1
APP-00662,0.201,0
APP-00663,6.645,0
APP-00664,0.123,1
APP-00665,0.415,1
APP-00666,0.106,1
APP-00667,0.204,1
APP-00668,0.273,1
APP-00669,0.108,1
APP-00670,0.104,1
APP-00671,0.141,1
APP-00672,7.33,0
APP-00673,0.104,1
APP-00674,5.326,0
APP-00675,11.648,1
APP-00676,8.999,1
APP-00677,0.076,1
APP-00678,2.342,1
APP-00679,7.514,0
APP-00680,0.257,0
APP-00681,0.142,1
APP-00682,0.088,1
APP-00683,0.198,1
APP-00684,8.989,1
APP-00685,2.55,1
APP-00686,0.166,1
APP-00687,2.495,0
APP-00688,0.08,1
APP-00689,0.147,1
APP-00690,0.16,1
APP-00691,0.185,1
APP-00692,4.962,1
APP-00693,3.708,0
APP-00694,0.174,0
APP-00695,0.152,1
APP-00696,6.582,0
APP-00697,4.215,1
APP-00698,0.2,1
APP-00699,0.208,1
APP-00700,8.136,1
APP-00701,0.327,1
APP-00702,0.164,1
APP-00703,0.157,1
APP-00704,0.1,0
APP-00705,11.151,1
APP-00706,0.895,1
APP-00707,0.063,0
APP-00708,0.088,1
APP-00709,8.163,1
APP-00710,5.408,0
APP-00711,0.136,0
APP-00712,0.118,1
APP-00713,0.18,1
APP-00714,0.095,1
APP-00715,0.174,0
APP-00716,5.682,1
APP-00717,0.305,0
APP-00718,0.191,0
APP-00719,0.153,1
APP-00720,0.276,1
APP-00721,0.404,1
APP-00722,0.046,1
APP-00723,0.066,1
APP-00724,0.123,1
APP-00725,0.272,1
APP-00726,0.218,1
APP-00727,0.405,0
APP-00728,0.43,1
APP-00729,0.172,1
APP-00730,0.085,0
APP-00731,0.198,1
APP-00732,0.086,1
APP-00733,3.05,1
APP-00734,0.138,0
APP-00735,8.218,0
APP-00736,0.153,1
APP-00737,0.185,1
APP-00738,0.126,0
APP-00739,9.773,1
APP-00740,0.098,1
APP-00741,0.163,0
APP-00742,0.299,1
APP-00743,0.233,1
APP-00744,0.507,1
APP-00745,0.089,1
APP-00746,0.371,0
APP-00747,0.35,0
APP-00748,0.295,1
APP-00749,5.956,1
APP-00750,0.108,1
APP-00751,6.332,0
APP-00752,0.143,1
APP-00753,0.233,1
APP-00754,10.272,1
APP-00755,0.171,0
APP-00756,8.736,1
APP-00757,0.21,1
APP-00758,0.19,1
APP-00759,11.327,0
APP-00760,5.628,0
APP-00761,0.142,0
APP-00762,0.127,1
APP-00763,0.245,1
APP-00764,8.123,1
APP-00765,5.549,1
APP-00766,0.131,0
APP-00767,0.056,0
APP-00768,7.796,1
APP-00769,6.452,0
APP-00770,0.106,1
APP-00771,6.383,0
APP-00772,8.845,0
APP-00773,0.387,1
APP-00774,0.203,1
APP-00775,0.066,1
APP-00776,4.215,0
APP-00777,0.131,1
APP-00778,2.516,0
APP-00779,0.103,0
APP-00780,0.063,1
APP-00781,0.218,0
APP-00782,0.112,1
APP-00783,0.149,0
APP-00784,0.108,1
APP-00785,5.823,1
APP-00786,0.134,1
APP-00787,0.064,1
APP-00788,5.192,1
APP-00789,6.006,0
APP-00790,0.22,1
APP-00791,4.546,0
APP-00792,0.073,1
APP-00793,0.089,0
APP-00794,0.157,1
APP-00795,10.792,0
APP-00796,0.148,1
APP-00797,2.498,0
APP-00798,0.108,1
APP-00799,0.139,1
APP-00800,0.21,1
APP-00801,0.127,1
APP-00802,0.179,1
APP-00803,0.107,0
APP-00804,7.09,0
APP-00805,0.4,1
APP-00806,0.259,0
APP-00807,2.586,0
APP-00808,0.393,0
APP-00809,0.214,0
APP-00810,0.333,1
APP-00811,0.087,1
APP-00812,0.089,1
APP-00813,0.275,1
APP-00814,6.747,0
APP-00815,0.176,1
APP-00816,4.271,1
APP-00817,0.178,1
APP-00818,7.706,0
APP-00819,8.854,0
APP-00820,0.302,1
APP-00821,0.155,1
APP-00822,0.214,1
APP-00823,0.14,1
APP-00824,0.17,1
APP-00825,0.21,1
APP-00826,0.135,1
APP-00827,5.504,1
APP-00828,0.41,1
APP-00829,4.713,1
APP-00830,0.255,1
APP-00831,0.343,1
APP-00832,15.948,0
APP-00833,0.162,1
APP-00834,0.171,0
APP-00835,9.643,0
APP-00836,7.125,1
APP-00837,0.12,0
APP-00838,0.445,1
APP-00839,0.086,0
APP-00840,6.324,0
APP-00841,0.088,1
APP-00842,0.115,1
APP-00843,0.104,0
APP-00844,0.111,1
APP-00845,0.064,1
APP-00846,9.356,0
APP-00847,0.377,0
APP-00848,3.96,0
APP-00849,0.19,0
APP-00850,0.251,1
APP-00851,10.155,1
APP-00852,0.35,0
APP-00853,0.182,1
APP-00854,0.173,1
APP-00855,0.156,1
APP-00856,9.64,1
APP-00857,0.115,1
APP-00858,0.201,1
APP-00859,0.172,1
APP-00860,7.756,1
APP-00861,5.994,1
APP-00862,0.15,1
APP-00863,0.248,1
APP-00864,9.911,0
APP-00865,0.18,0
APP-00866,0.042,1
APP-00867,0.178,1
APP-00868,1.072,0
APP-00869,0.153,1
APP-00870,0.037,0
APP-00871,2.055,1
APP-00872,0.187,1
APP-00873,11.881,1
APP-00874,0.061,1
APP-00875,1.651,0
APP-00876,0.162,1
APP-00877,4.777,0
APP-00878,0.081,1
APP-00879,0.6,1
APP-00880,0.342,1
APP-00881,0.13,1
APP-00882,0.1,1
APP-00883,0.095,0
APP-00884,0.197,0
APP-00885,0.093,0
APP-00886,0.139,1
APP-00887,0.05,0
APP-00888,0.11,0
APP-00889,0.249,1
APP-00890,4.191,0
APP-00891,0.106,1
APP-00892,0.054,1
APP-00893,0.157,1
APP-00894,0.229,1
APP-00895,0.064,1
APP-00896,0.161,0
APP-00897,0.175,0
APP-00898,8.0,0
APP-00899,0.19,1
APP-00900,0.293,1
APP-00901,0.182,0
APP-00902,0.229,1
APP-00903,5.462,0
APP-00904,0.116,1
APP-00905,0.073,1
APP-00906,13.019,0
APP-00907,0.138,0
APP-00908,0.1,1
APP-00909,0.224,1
APP-00910,0.32,0
APP-00911,9.465,0
APP-00912,0.069,1
APP-00913,0.316,1
APP-00914,0.197,1
APP-00915,0.312,1
APP-00916,0.235,0
APP-00917,6.678,1
APP-00918,0.35,1
APP-00919,0.118,0
APP-00920,0.102,0
APP-00921,0.06,0
APP-00922,7.721,0
APP-00923,0.201,1
APP-00924,0.07,1
APP-00925,8.499,1
APP-00926,16.495,0
APP-00927,0.105,0
APP-00928,0.254,1
APP-00929,0.098,0
APP-00930,0.108,1
APP-00931,0.133,1
APP-00932,0.222,1
APP-00933,0.075,1
APP-00934,0.096,1
APP-00935,0.071,0
APP-00936,3.865,1
APP-00937,0.158,1
APP-00938,0.115,1
APP-00939,0.141,1
APP-00940,0.213,0
APP-00941,0.078,1
APP-00942,0.415,1
APP-00943,0.042,1
APP-00944,13.834,1
APP-00945,0.347,0
APP-00946,0.266,1
APP-00947,0.321,1
APP-00948,0.084,1
APP-00949,1.948,1
APP-00950,0.489,1
APP-00951,0.318,0
APP-00952,0.052,0
APP-00953,0.276,1
APP-00954,0.136,1
APP-00955,0.124,0
APP-00956,10.178,0
APP-00957,0.222,1
APP-00958,0.158,0
APP-00959,0.075,1
APP-00960,0.03,1
APP-00961,0.175,1
APP-00962,4.73,1
APP-00963,0.124,1
APP-00964,9.544,1
APP-00965,13.074,0
APP-00966,0.361,1
APP-00967,0.053,0
APP-00968,0.229,1
APP-00969,0.251,1
APP-00970,0.111,0
APP-00971,5.413,0
APP-00972,0.184,1
APP-00973,0.265,1
APP-00974,7.692,0
APP-00975,0.215,0
APP-00976,4.305,1
APP-00977,0.199,1
APP-00978,0.071,0
APP-00979,0.167,1
APP-00980,0.142,0
APP-00981,0.6,1
APP-00982,0.077,1
APP-00983,3.511,0
APP-00984,0.069,1
APP-00985,0.088,0
APP-00986,0.051,1
APP-00987,0.065,1
APP-00988,0.164,1
APP-00989,0.213,1
APP-00990,2.034,0
APP-00991,3.87,0
APP-00992,0.15,0
APP-00993,0.34,1
APP-00994,7.828,1
APP-00995,0.215,1
APP-00996,0.128,1
APP-00997,6.802,0
APP-00998,0.315,1
APP-00999,0.209,1
APP-01000,0.108,0
APP-01001,0.163,1
APP-01002,0.163,0
APP-01003,0.046,1
APP-01004,0.173,1
APP-01005,0.127,1
APP-01006,0.267,0
APP-01007,7.3,0
APP-01008,9.452,0
APP-01009,9.487,1
APP-01010,0.252,0
APP-01011,4.387,0
APP-01012,0.146,0
APP-01013,0.227,0
APP-01014,0.156,0
APP-01015,3.573,1
APP-01016,10.841,1
APP-01017,0.12,0
APP-01018,0.276,1
APP-01019,7.462,0
APP-01020,12.259,0
APP-01021,0.302,0
APP-01022,0.301,0
APP-01023,5.304,1
APP-01024,0.124,1
APP-01025,0.196,1
APP-01026,0.209,1
APP-01027,0.068,1
APP-01028,2.316,1
APP-01029,0.274,1
APP-01030,8.844,1
APP-01031,6.903,1
APP-01032,0.109,1
APP-01033,0.082,1
APP-01034,0.259,1
APP-01035,0.276,0
APP-01036,6.394,0
APP-01037,8.186,0
APP-01038,7.558,0
APP-01039,5.485,1
APP-01040,6.807,0
APP-01041,10.687,1
APP-01042,0.133,1
APP-01043,9.933,0
APP-01044,0.178,0
APP-01045,0.195,1
APP-01046,0.183,1
APP-01047,9.922,0
APP-01048,0.09,0
APP-01049,0.134,1
APP-01050,7.948,0
APP-01051,10.346,0
APP-01052,0.076,1
APP-01053,9.724,1
APP-01054,0.134,1
APP-01055,7.06,0
APP-01056,0.261,1
APP-01057,4.486,1
APP-01058,0.087,1
APP-01059,0.174,1
APP-01060,0.173,1
APP-01061,0.169,1
APP-01062,0.13,0
APP-01063,0.217,1
APP-01064,4.712,1
APP-01065,8.429,0
APP-01066,0.06,1
APP-01067,0.082,1
APP-01068,0.331,0
APP-01069,0.083,1
APP-01070,0.194,1
APP-01071,0.064,0
APP-01072,0.13,0
APP-01073,0.18,1
APP-01074,0.072,1
APP-01075,0.107,0
APP-01076,5.596,0
APP-01077,0.057,1
APP-01078,0.194,1
APP-01079,12.156,1
APP-01080,0.213,1
APP-01081,0.112,1
APP-01082,0.332,0
APP-01083,0.292,1
APP-01084,8.096,1
APP-01085,0.135,0
APP-01086,0.426,0
APP-01087,0.366,0
APP-01088,4.355,0
APP-01089,0.155,1
APP-01090,0.111,0
APP-01091,10.163,0
APP-01092,4.862,0
APP-01093,0.188,0
APP-01094,0.13,1
APP-01095,0.062,1
APP-01096,0.133,0
APP-01097,0.12,1
APP-01098,9.507,0
APP-01099,0.154,1
APP-01100,15.606,1
APP-01101,0.13,1
APP-01102,0.21,0
APP-01103,3.665,0
APP-01104,0.079,1
APP-01105,0.105,1
APP-01106,0.092,0
APP-01107,8.718,0
APP-01108,11.007,1
APP-01109,5.217,0
APP-01110,0.121,1
APP-01111,10.488,0
APP-01112,11.071,0
APP-01113,11.582,1
APP-01114,1.664,1
APP-01115,0.096,1
APP-01116,0.255,1
APP-01117,6.893,1
APP-01118,0.24,1
APP-01119,0.128,1
APP-01120,0.115,1
APP-01121,0.123,1
APP-01122,0.278,1
APP-01123,0.248,1
APP-01124,0.396,1
APP-01125,0.159,0
APP-01126,9.138,0
APP-01127,0.07,0
APP-01128,0.03,1
APP-01129,0.144,1
APP-01130,0.068,1
APP-01131,3.591,0
APP-01132,0.172,1
APP-01133,0.038,0
APP-01134,0.075,1
APP-01135,0.095,1
APP-01136,0.106,0
APP-01137,14.441,1
APP-01138,0.6,1
APP-01139,0.143,0
APP-01140,0.294,1
APP-01141,15.117,0
APP-01142,6.535,1
APP-01143,0.11,1
APP-01144,0.078,0
APP-01145,0.156,1
APP-01146,9.264,1
APP-01147,4.545,1
APP-01148,3.832,0
APP-01149,0.123,1
APP-01150,5.986,1
APP-01151,0.21,1
APP-01152,0.393,1
APP-01153,0.426,0
APP-01154,3.288,0
APP-01155,0.183,1
APP-01156,0.212,1
APP-01157,10.012,0
APP-01158,11.223,1
APP-01159,8.819,0
APP-01160,0.218,1
APP-01161,0.203,1
APP-01162,0.176,1
APP-01163,0.045,1
APP-01164,0.203,1
APP-01165,0.069,1
APP-01166,0.534,1
APP-01167,5.582,0
APP-01168,0.156,1
APP-01169,0.114,1
APP-01170,0.242,1
APP-01171,0.25,1
APP-01172,4.3,0
APP-01173,0.165,1
APP-01174,0.136,0
APP-01175,0.085,1
APP-01176,0.496,0
APP-01177,0.101,1
APP-01178,5.622,0
APP-01179,0.145,1
APP-01180,0.061,1
APP-01181,0.164,1
APP-01182,0.144,1
APP-01183,4.606,1
APP-01184,0.064,1
APP-01185,4.358,1
APP-01186,3.65,1
APP-01187,0.335,1
APP-01188,6.664,0
APP-01189,0.285,0
APP-01190,6.459,1
APP-01191,0.203,0
APP-01192,0.075,1
APP-01193,0.164,0
APP-01194,8.707,0
APP-01195,0.174,1
APP-01196,0.27,1
APP-01197,10.557,0
APP-01198,0.378,0
APP-01199,7.865,0
APP-01200,0.171,1
APP-01201,0.127,1
APP-01202,0.068,1
APP-01203,0.064,0
APP-01204,5.503,1
APP-01205,0.101,1
APP-01206,0.147,1
APP-01207,0.113,1
APP-01208,0.067,1
APP-01209,0.067,1
APP-01210,0.096,1
APP-01211,0.12,0
APP-01212,0.24,1
APP-01213,0.144,0
APP-01214,0.067,1
APP-01215,0.293,1
APP-01216,0.185,1
APP-01217,0.148,1
APP-01218,0.181,1
APP-01219,0.178,0
APP-01220,0.192,0
APP-01221,0.159,1
APP-01222,0.173,0
APP-01223,0.114,0
APP-01224,0.1,0
APP-01225,0.148,1
APP-01226,0.319,1
APP-01227,0.056,1
APP-01228,0.173,1
APP-01229,0.03,1
APP-01230,5.645,0
APP-01231,0.064,0
APP-01232,1.33,1
APP-01233,0.189,1
APP-01234,0.247,1
APP-01235,10.405,0
APP-01236,16.508,0
APP-01237,0.555,1
APP-01238,0.074,1
APP-01239,0.122,0
APP-01240,0.079,1
APP-01241,0.138,1
APP-01242,11.34,1
APP-01243,5.723,0
APP-01244,0.07,1
APP-01245,0.079,0
APP-01246,0.095,1
APP-01247,0.195,0
APP-01248,0.152,1
APP-01249,3.711,0
APP-01250,6.589,1
APP-01251,0.141,0
APP-01252,0.237,0
APP-01253,1.831,0
APP-01254,0.25,0
APP-01255,0.082,1
APP-01256,0.148,1
APP-01257,0.214,0
APP-01258,0.24,1
APP-01259,0.061,1
APP-01260,0.774,1
APP-01261,0.069,1
APP-01262,0.215,1
APP-01263,0.224,1
APP-01264,0.114,1
APP-01265,0.111,1
APP-01266,13.421,1
APP-01267,0.149,1
APP-01268,0.214,1
APP-01269,0.164,1
APP-01270,3.101,1
APP-01271,0.122,0
APP-01272,0.126,1
APP-01273,0.14,1
APP-01274,0.268,1
APP-01275,0.197,0
APP-01276,0.049,1
APP-01277,0.186,1
APP-01278,0.169,1
APP-01279,0.177,0
APP-01280,0.27,1
APP-01281,4.609,1
APP-01282,0.222,1
APP-01283,0.254,0
APP-01284,0.105,1
APP-01285,0.205,0
APP-01286,5.448,0
APP-01287,6.619,0
APP-01288,8.756,0
APP-01289,0.153,1
APP-01290,0.131,0
APP-01291,0.195,1
APP-01292,0.118,0
APP-01293,0.158,0
APP-01294,0.582,1
APP-01295,0.113,1
APP-01296,0.119,1
APP-01297,7.345,0
APP-01298,0.064,1
APP-01299,0.076,0
APP-01300,0.176,1
APP-01301,0.093,1
APP-01302,0.086,0
APP-01303,0.181,1
APP-01304,0.6,1
APP-01305,0.115,1
APP-01306,6.779,1
APP-01307,0.153,1
APP-01308,0.234,1
APP-01309,0.307,1
APP-01310,0.135,1
APP-01311,0.095,1
APP-01312,0.165,1
APP-01313,0.059,1
APP-01314,0.117,1
APP-01315,5.317,0
APP-01316,0.141,1
APP-01317,2.675,0
APP-01318,4.106,0
APP-01319,0.118,0
APP-01320,0.144,1
APP-01321,8.637,0
APP-01322,0.254,1
APP-01323,0.113,1
APP-01324,0.108,1
APP-01325,0.82,1
APP-01326,6.706,1
APP-01327,8.597,1
APP-01328,0.19,1
APP-01329,0.167,1
APP-01330,0.172,1
APP-01331,3.242,0
APP-01332,0.09,1
APP-01333,0.184,1
APP-01334,0.14,1
APP-01335,6.318,0
APP-01336,0.121,0
APP-01337,0.358,1
APP-01338,0.224,1
APP-01339,0.305,1
APP-01340,0.293,1
APP-01341,0.081,1
APP-01342,0.143,1
APP-01343,0.099,1
APP-01344,0.376,0
APP-01345,8.415,1
APP-01346,0.19,0
APP-01347,0.071,1
APP-01348,0.079,0
APP-01349,6.578,1
APP-01350,0.239,1
APP-01351,6.799,1
APP-01352,8.022,0
APP-01353,4.566,0
APP-01354,0.083,0
APP-01355,10.192,0
APP-01356,0.056,1
APP-01357,0.191,1
APP-01358,0.159,1
APP-01359,0.225,1
APP-01360,9.654,0
APP-01361,0.133,1
APP-01362,0.185,1
APP-01363,0.053,1
APP-01364,0.076,1
APP-01365,0.098,1
APP-01366,0.11,0
APP-01367,0.065,1
APP-01368,10.483,1
APP-01369,8.046,0
APP-01370,0.144,1
APP-01371,9.355,0
APP-01372,6.845,1
APP-01373,0.161,1
APP-01374,0.191,0
APP-01375,0.098,1
APP-01376,0.113,1
APP-01377,3.875,0
APP-01378,0.152,1
APP-01379,9.458,0
APP-01380,0.255,1
APP-01381,0.095,1
APP-01382,0.081,1
APP-01383,7.12,1
APP-01384,0.143,0
APP-01385,0.1,0
APP-01386,0.245,1
APP-01387,11.915,1
APP-01388,4.211,0
APP-01389,0.215,1
APP-01390,0.147,1
APP-01391,9.015,0
APP-01392,0.09,1
APP-01393,10.519,1
APP-01394,0.53,0
APP-01395,0.123,0
APP-01396,0.243,0
APP-01397,0.547,1
APP-01398,0.05,0
APP-01399,0.107,1
APP-01400,0.172,0
APP-01401,6.222,0
APP-01402,0.175,1
APP-01403,0.186,1
APP-01404,0.332,1
APP-01405,0.153,1
APP-01406,0.067,1
APP-01407,0.256,1
APP-01408,0.131,1
APP-01409,0.05,1
APP-01410,0.381,1
APP-01411,3.701,0
APP-01412,0.099,1
APP-01413,2.862,0
APP-01414,0.126,1
APP-01415,7.661,1
APP-01416,0.156,0
APP-01417,0.075,0
APP-01418,0.08,1
APP-01419,0.13,0
APP-01420,0.132,1
APP-01421,10.319,0
APP-01422,0.223,1
APP-01423,0.138,1
APP-01424,9.217,0
APP-01425,0.434,1
APP-01426,0.264,1
APP-01427,9.606,1
APP-01428,0.126,1
APP-01429,7.251,1
APP-01430,0.152,1
APP-01431,0.075,0
APP-01432,0.331,1
APP-01433,0.682,1
APP-01434,0.233,1
APP-01435,0.215,1
APP-01436,0.095,1
APP-01437,0.097,1
APP-01438,0.106,1
APP-01439,0.218,1
APP-01440,0.108,1
APP-01441,0.089,0
APP-01442,0.115,1
APP-01443,5.491,1
APP-01444,0.065,1
APP-01445,0.177,1
APP-01446,6.096,1
APP-01447,0.323,1
APP-01448,0.089,1
APP-01449,0.052,1
APP-01450,6.184,0
APP-01451,0.195,1
APP-01452,0.143,1
APP-01453,0.09,0
APP-01454,7.457,0
APP-01455,0.276,0
APP-01456,5.697,1
APP-01457,0.219,1
APP-01458,0.094,1
APP-01459,0.134,1
APP-01460,0.281,0
APP-01461,7.279,0
APP-01462,0.257,1
APP-01463,0.429,1
APP-01464,5.197,0
APP-01465,0.221,1
APP-01466,6.56,0
APP-01467,0.154,1
APP-01468,0.108,1
APP-01469,4.174,1
APP-01470,0.096,1
APP-01471,0.414,1
APP-01472,0.225,1
APP-01473,0.224,1
APP-01474,6.203,1
APP-01475,0.182,1
APP-01476,0.134,1
APP-01477,0.099,0
APP-01478,0.064,1
APP-01479,13.122,1
APP-01480,0.38,1
APP-01481,0.218,1
APP-01482,0.097,0
APP-01483,6.737,1
APP-01484,9.07,0
APP-01485,0.131,0
APP-01486,7.835,0
APP-01487,0.146,0
APP-01488,6.973,1
APP-01489,6.45,0
APP-01490,2.731,0
APP-01491,13.148,0
APP-01492,0.179,0
APP-01493,0.13,0
APP-01494,0.051,1
APP-01495,0.186,1
APP-01496,0.058,1
APP-01497,0.537,1
APP-01498,0.171,0
APP-01499,0.107,1
APP-01500,0.153,1
APP-01501,0.13,0
APP-01502,0.167,0
APP-01503,0.099,1
APP-01504,0.122,1
APP-01505,0.114,1
APP-01506,0.068,1
APP-01507,2.006,1
APP-01508,4.536,0
APP-01509,0.096,1
APP-01510,0.175,0
APP-01511,0.254,0
APP-01512,3.782,0
APP-01513,4.275,0
APP-01514,0.095,1
APP-01515,0.169,1
APP-01516,0.063,1
APP-01517,0.138,1
APP-01518,3.991,1
APP-01519,11.368,1
APP-01520,0.149,0
APP-01521,4.678,0
APP-01522,0.081,1
APP-01523,0.138,1
APP-01524,0.492,1
APP-01525,0.165,1
APP-01526,1.466,1
APP-01527,0.294,1
APP-01528,0.24,0
APP-01529,0.412,1
APP-01530,0.293,1
APP-01531,0.106,1
APP-01532,6.724,0
APP-01533,0.193,1
APP-01534,2.672,1
APP-01535,11.521,0
APP-01536,0.133,0
APP-01537,0.166,1
APP-01538,0.185,1
APP-01539,0.244,1
APP-01540,0.214,1
APP-01541,13.076,0
APP-01542,0.128,0
APP-01543,7.879,1
APP-01544,0.149,1
APP-01545,0.223,0
APP-01546,9.242,0
APP-01547,0.036,1
APP-01548,6.919,0
APP-01549,4.139,1
APP-01550,0.114,0
APP-01551,0.156,1
APP-01552,3.787,0
APP-01553,0.085,1
APP-01554,6.771,1
APP-01555,0.099,1
APP-01556,3.756,0
APP-01557,7.369,1
APP-01558,0.072,1
APP-01559,0.075,0
APP-01560,8.638,0
APP-01561,0.225,1
APP-01562,0.14,0
APP-01563,0.168,1
APP-01564,0.184,1
APP-01565,0.049,1
APP-01566,3.39,0
APP-01567,0.169,1
APP-01568,0.251,0
APP-01569,0.13,1
APP-01570,0.194,1
APP-01571,0.213,1
APP-01572,0.219,1
APP-01573,9.638,0
APP-01574,0.118,0
APP-01575,0.091,1
APP-01576,3.449,0
APP-01577,0.116,1
APP-01578,14.07,0
APP-01579,0.143,1
APP-01580,0.402,0
APP-01581,2.434,0
APP-01582,0.094,1
APP-01583,0.133,1
APP-01584,0.081,0
APP-01585,9.053,1
APP-01586,0.741,1
APP-01587,0.104,1
APP-01588,0.113,1
APP-01589,0.148,0
APP-01590,0.159,1
APP-01591,0.155,1
APP-01592,0.099,0
APP-01593,9.487,0
APP-01594,0.18,1
APP-01595,0.104,1
APP-01596,13.529,0
APP-01597,0.08,0
APP-01598,8.683,0
APP-01599,6.569,0
APP-01600,0.04,1
APP-01601,7.985,1
APP-01602,5.133,0
APP-01603,7.586,0
APP-01604,0.168,0
APP-01605,7.158,0
APP-01606,0.079,1
APP-01607,2.047,1
APP-01608,0.117,1
APP-01609,0.056,1
APP-01610,6.633,1
APP-01611,0.092,0
APP-01612,0.086,1
APP-01613,5.253,0
APP-01614,0.291,0
APP-01615,0.061,0
APP-01616,0.195,1
APP-01617,0.168,1
APP-01618,0.268,1
APP-01619,0.127,0
APP-01620,0.122,0
APP-01621,0.171,0
APP-01622,0.126,1
APP-01623,0.06,0
APP-01624,9.949,0
APP-01625,0.126,0
APP-01626,0.231,1
APP-01627,0.162,1
APP-01628,0.076,1
APP-01629,0.082,1
APP-01630,0.165,0
APP-01631,0.268,0
APP-01632,0.069,1
APP-01633,0.702,1
APP-01634,0.151,1
APP-01635,0.264,1
APP-01636,6.898,0
APP-01637,0.163,1
APP-01638,0.064,1
APP-01639,3.67,0
APP-01640,0.144,1
APP-01641,5.334,0
APP-01642,0.268,0
APP-01643,0.327,0
APP-01644,0.175,1
APP-01645,6.25,1
APP-01646,0.274,1
APP-01647,0.17,0
APP-01648,0.107,1
APP-01649,0.222,1
APP-01650,0.074,1
APP-01651,0.131,0
APP-01652,0.234,1
APP-01653,11.124,1
APP-01654,0.179,1
APP-01655,0.056,1
APP-01656,5.91,1
APP-01657,7.269,1
APP-01658,0.099,1
APP-01659,0.057,1
APP-01660,0.19,1
APP-01661,0.216,1
APP-01662,0.092,0
APP-01663,0.155,1
APP-01664,0.078,1
APP-01665,10.89,0
APP-01666,0.189,1
APP-01667,0.085,0
APP-01668,0.139,1
APP-01669,0.328,0
APP-01670,0.121,1
APP-01671,9.711,0
APP-01672,0.134,1
APP-01673,9.277,0
APP-01674,0.055,1
APP-01675,0.166,1
APP-01676,5.763,1
APP-01677,0.119,0
APP-01678,0.127,0
APP-01679,9.872,0
APP-01680,0.159,1
APP-01681,0.093,0
APP-01682,0.749,1
APP-01683,1.567,0
APP-01684,7.05,0
APP-01685,8.75,0
APP-01686,0.142,1
APP-01687,4.096,1
APP-01688,0.239,1
APP-01689,0.109,0
APP-01690,0.068,1
APP-01691,7.552,0
APP-01692,12.573,0
APP-01693,5.997,0
APP-01694,0.149,0
APP-01695,0.169,1
APP-01696,0.23,0
APP-01697,0.156,1
APP-01698,0.6,1
APP-01699,0.057,1
APP-01700,9.887,0
APP-01701,5.097,1
APP-01702,0.101,0
APP-01703,0.261,0
APP-01704,0.222,1
APP-01705,0.134,1
APP-01706,0.12,1
APP-01707,6.619,0
APP-01708,9.346,0
APP-01709,0.115,1
APP-01710,0.168,1
APP-01711,0.167,0
APP-01712,0.088,1
APP-01713,0.217,0
APP-01714,0.154,0
APP-01715,7.998,0
APP-01716,0.247,1
APP-01717,6.929,1
APP-01718,7.523,1
APP-01719,0.184,1
APP-01720,0.252,1
APP-01721,0.138,1
APP-01722,4.264,0
APP-01723,1.555,1
APP-01724,5.811,0
APP-01725,0.209,1
APP-01726,0.148,1
APP-01727,0.136,1
APP-01728,11.059,1
APP-01729,0.12,1
APP-01730,0.09,0
APP-01731,10.485,0
APP-01732,0.479,1
APP-01733,0.14,1
APP-01734,0.251,1
APP-01735,0.104,1
APP-01736,9.524,0
APP-01737,0.139,0
APP-01738,0.229,0
APP-01739,0.259,0
APP-01740,0.137,0
APP-01741,0.114,0
APP-01742,5.705,1
APP-01743,0.275,1
APP-01744,0.456,0
APP-01745,0.296,1
APP-01746,7.687,1
APP-01747,0.074,1
APP-01748,0.178,0
APP-01749,6.278,1
APP-01750,0.125,1
APP-01751,0.252,1
APP-01752,0.157,0
APP-01753,0.218,0
APP-01754,0.086,1
APP-01755,0.118,1
APP-01756,5.795,0
APP-01757,0.08,0
APP-01758,0.157,1
APP-01759,0.177,0
APP-01760,0.054,0
APP-01761,3.437,1
APP-01762,0.046,1
APP-01763,0.125,1
APP-01764,0.209,1
APP-01765,9.296,1
APP-01766,0.22,1
APP-01767,9.559,0
APP-01768,0.202,0
APP-01769,3.033,1
APP-01770,0.1,1
APP-01771,0.136,1
APP-01772,0.454,0
APP-01773,0.226,0
APP-01774,0.238,1
APP-01775,0.105,1
APP-01776,0.199,1
APP-01777,0.154,1
APP-01778,10.969,1
APP-01779,0.268,1
APP-01780,14.481,1
APP-01781,0.357,1
APP-01782,0.123,0
APP-01783,0.225,0
APP-01784,13.076,0
APP-01785,0.287,1
APP-01786,0.203,1
APP-01787,0.08,1
APP-01788,0.109,1
APP-01789,0.081,1
APP-01790,0.256,1
APP-01791,0.129,1
APP-01792,0.073,1
APP-01793,0.122,1
APP-01794,0.072,1
APP-01795,0.112,1
APP-01796,0.237,1
APP-01797,0.118,0
APP-01798,0.114,1
APP-01799,0.321,1
APP-01800,0.158,1
APP-01801,8.17,1
APP-01802,0.138,0
APP-01803,8.125,0
APP-01804,0.104,1
APP-01805,0.302,1
APP-01806,0.123,0
APP-01807,0.071,1
APP-01808,0.098,1
APP-01809,4.482,1
APP-01810,3.758,0
APP-01811,0.229,1
APP-01812,0.081,1
APP-01813,0.127,1
APP-01814,5.008,0
APP-01815,0.246,1
APP-01816,0.117,1
APP-01817,0.07,1
APP-01818,0.179,1
APP-01819,4.803,0
APP-01820,0.069,0
APP-01821,0.147,1
APP-01822,0.111,0
APP-01823,0.102,1
APP-01824,8.059,0
APP-01825,0.153,0
APP-01826,0.088,1
APP-01827,5.766,1
APP-01828,8.252,0
APP-01829,9.686,0
APP-01830,0.215,1
APP-01831,4.687,1
APP-01832,6.338,0
APP-01833,0.088,0
APP-01834,7.047,1
APP-01835,0.094,1
APP-01836,0.164,1
APP-01837,0.742,1
APP-01838,0.316,1
APP-01839,0.091,1
APP-01840,9.228,1
APP-01841,3.381,0
APP-01842,0.145,1
APP-01843,0.573,1
APP-01844,0.079,1
APP-01845,0.067,1
APP-01846,5.826,0
APP-01847,0.123,1
APP-01848,7.948,0
APP-01849,0.107,1
APP-01850,16.497,0
APP-01851,0.171,1
APP-01852,0.125,0
APP-01853,0.204,0
APP-01854,0.103,1
APP-01855,0.112,1
APP-01856,0.118,0
APP-01857,0.245,0
APP-01858,0.05,0
APP-01859,0.18,1
APP-01860,9.307,0
APP-01861,0.072,1
APP-01862,0.272,1
APP-01863,0.121,0
APP-01864,0.107,1
APP-01865,0.135,1
APP-01866,0.359,0
APP-01867,0.107,0
APP-01868,0.064,1
APP-01869,0.148,1
APP-01870,0.058,1
APP-01871,7.308,1
APP-01872,9.697,0
APP-01873,0.17,1
APP-01874,0.323,1
APP-01875,0.099,0
APP-01876,0.168,0
APP-01877,0.14,1
APP-01878,0.082,1
APP-01879,0.22,1
APP-01880,0.152,1
APP-01881,0.255,1
APP-01882,2.364,0
APP-01883,0.073,1
APP-01884,4.001,0
APP-01885,0.078,1
APP-01886,0.1,0
APP-01887,0.085,1
APP-01888,0.189,1
APP-01889,0.078,1
APP-01890,0.202,1
APP-01891,0.067,0
APP-01892,0.214,1
APP-01893,0.093,0
APP-01894,0.136,1
APP-01895,0.097,1
APP-01896,0.274,1
APP-01897,6.049,1
APP-01898,10.558,0
APP-01899,0.114,1
APP-01900,0.221,1
APP-01901,0.075,1
APP-01902,0.151,1
APP-01903,0.241,1
APP-01904,5.932,1
APP-01905,14.49,1
APP-01906,0.158,1
APP-01907,11.403,0
APP-01908,0.103,1
APP-01909,0.137,1
APP-01910,10.606,1
APP-01911,4.448,0
APP-01912,0.108,1
APP-01913,8.031,0
APP-01914,0.11,0
APP-01915,10.824,1
APP-01916,0.083,1
APP-01917,0.6,0
APP-01918,0.128,1
APP-01919,11.084,0
APP-01920,0.303,0
APP-01921,0.141,1
APP-01922,3.442,0
APP-01923,0.823,0
APP-01924,0.573,0
APP-01925,0.122,0
APP-01926,11.439,1
APP-01927,0.068,0
APP-01928,8.593,0
APP-01929,8.109,1
APP-01930,6.156,0
APP-01931,0.311,1
APP-01932,0.249,1
APP-01933,6.876,0
APP-01934,14.797,1
APP-01935,10.539,1
APP-01936,0.154,1
APP-01937,0.12,1
APP-01938,10.815,1
APP-01939,0.154,0
APP-01940,5.566,1
APP-01941,0.102,1
APP-01942,0.109,1
APP-01943,0.302,1
APP-01944,0.074,1
APP-01945,0.05,0
APP-01946,0.363,1
APP-01947,0.173,1
APP-01948,0.228,0
APP-01949,0.6,1
APP-01950,6.938,0
APP-01951,0.122,1
APP-01952,0.117,1
APP-01953,5.382,1
APP-01954,0.195,1
APP-01955,0.242,1
APP-01956,5.407,1
APP-01957,0.201,1
APP-01958,0.206,1
APP-01959,0.253,1
APP-01960,0.137,1
APP-01961,3.309,0
APP-01962,9.433,0
APP-01963,0.076,1
APP-01964,0.45,1
APP-01965,0.152,1
APP-01966,0.234,1
APP-01967,0.334,0
APP-01968,0.145,1
APP-01969,10.119,0
APP-01970,9.343,1
APP-01971,3.358,1
APP-01972,5.379,0
APP-01973,0.166,0
APP-01974,0.272,0
APP-01975,0.217,1
APP-01976,3.834,1
APP-01977,0.09,1
APP-01978,0.491,0
APP-01979,0.197,1
APP-01980,10.771,0
APP-01981,9.303,1
APP-01982,2.279,0
APP-01983,0.142,1
APP-01984,0.268,1
APP-01985,0.173,1
APP-01986,0.31,1
APP-01987,8.329,0
APP-01988,0.211,1
APP-01989,0.162,1
APP-01990,5.714,0
APP-01991,3.93,1
APP-01992,0.198,0
APP-01993,0.157,1
APP-01994,0.074,0
APP-01995,6.058,1
APP-01996,0.078,1
APP-01997,0.219,1
APP-01998,0.241,1
APP-01999,0.115,1
APP-02000,0.226,0
APP-02001,5.857,0
APP-02002,10.021,1
APP-02003,0.134,1
APP-02004,10.643,0
APP-02005,0.1,1
APP-02006,0.579,1
APP-02007,7.218,0
APP-02008,7.681,1
APP-02009,0.159,1
APP-02010,4.832,1
APP-02011,0.342,0
APP-02012,3.745,1
APP-02013,7.936,0
APP-02014,0.124,0
APP-02015,0.087,1
APP-02016,0.181,0
APP-02017,0.39,1
APP-02018,0.093,1
APP-02019,0.091,1
APP-02020,15.522,1
APP-02021,0.078,1
APP-02022,0.118,0
APP-02023,10.253,0
APP-02024,0.055,1
APP-02025,6.367,1
APP-02026,0.15,1
APP-02027,8.585,0
APP-02028,9.268,0
APP-02029,0.2,1
APP-02030,9.157,1
APP-02031,0.174,1
APP-02032,0.349,1
APP-02033,0.04,1
APP-02034,0.116,1
APP-02035,0.067,1
APP-02036,7.696,0
APP-02037,0.249,1
APP-02038,0.169,1
APP-02039,0.085,1
APP-02040,9.939,0
APP-02041,0.241,0
APP-02042,14.068,1
APP-02043,0.047,1
APP-02044,0.169,0
APP-02045,0.275,1
APP-02046,0.152,1
APP-02047,0.89,1
APP-02048,0.116,1
APP-02049,3.503,0
APP-02050,0.22,1
APP-02051,0.282,0
APP-02052,0.205,1
APP-02053,0.239,1
APP-02054,0.08,1
APP-02055,0.114,0
APP-02056,0.212,1
APP-02057,0.124,0
APP-02058,0.228,1
APP-02059,0.132,0
APP-02060,0.082,0
APP-02061,3.155,0
APP-02062,16.753,0
APP-02063,0.527,0
APP-02064,0.129,0
APP-02065,0.199,1
APP-02066,0.453,1
APP-02067,0.057,1
APP-02068,0.508,0
APP-02069,0.116,0
APP-02070,0.188,1
APP-02071,0.305,1
APP-02072,0.068,1
APP-02073,9.182,0
APP-02074,0.078,1
APP-02075,0.151,1
APP-02076,9.549,1
APP-02077,3.534,0
APP-02078,0.246,1
APP-02079,8.347,0
APP-02080,0.254,1
APP-02081,0.178,1
APP-02082,0.181,1
APP-02083,0.113,1
APP-02084,8.663,1
APP-02085,0.151,0
APP-02086,0.115,1
APP-02087,0.1,1
APP-02088,0.054,1
APP-02089,0.18,0
APP-02090,0.124,1
APP-02091,0.226,0
APP-02092,8.453,1
APP-02093,8.538,0
APP-02094,5.256,0
APP-02095,0.306,1
APP-02096,0.232,0
APP-02097,0.112,0
APP-02098,0.054,1
APP-02099,0.146,0
APP-02100,0.154,1
APP-02101,0.172,1
APP-02102,0.226,0
APP-02103,0.157,1
APP-02104,8.262,0
APP-02105,0.073,1
APP-02106,0.078,1
APP-02107,7.761,0
APP-02108,0.263,1
APP-02109,4.315,0
APP-02110,0.151,0
APP-02111,2.763,0
APP-02112,3.734,0
APP-02113,0.152,1
APP-02114,13.493,1
APP-02115,0.135,0
APP-02116,0.062,1
APP-02117,0.099,1
APP-02118,0.368,1
APP-02119,3.897,1
APP-02120,11.271,0
APP-02121,4.788,0
APP-02122,0.251,1
APP-02123,0.191,0
APP-02124,0.406,1
APP-02125,0.27,0
APP-02126,0.117,0
APP-02127,0.132,1
APP-02128,0.241,0
APP-02129,11.489,1
APP-02130,0.288,0
APP-02131,0.088,1
APP-02132,0.188,1
APP-02133,5.459,1
APP-02134,3.713,0
APP-02135,3.944,0
APP-02136,0.145,1
APP-02137,9.226,0
APP-02138,2.677,1
APP-02139,0.112,1
APP-02140,0.363,1
APP-02141,0.111,1
APP-02142,0.135,0
APP-02143,0.105,0
APP-02144,0.104,1
APP-02145,0.208,1
APP-02146,0.198,1
APP-02147,0.223,1
APP-02148,0.402,1
APP-02149,4.428,1
APP-02150,0.194,0
APP-02151,7.237,0
APP-02152,3.091,1
APP-02153,0.226,1
APP-02154,0.136,0
APP-02155,0.763,1
APP-02156,12.869,0
APP-02157,0.205,1
APP-02158,0.082,1
APP-02159,0.152,0
APP-02160,0.128,0
APP-02161,0.543,0
APP-02162,6.938,0
APP-02163,0.141,1
APP-02164,9.5,0
APP-02165,0.108,0
APP-02166,6.313,0
APP-02167,0.17,1
APP-02168,0.18,1
APP-02169,11.605,0
APP-02170,0.137,1
APP-02171,0.494,1
APP-02172,5.043,0
APP-02173,0.339,1
APP-02174,0.136,1
APP-02175,0.153,1
APP-02176,0.275,1
APP-02177,0.347,1
APP-02178,0.122,0
APP-02179,0.096,1
APP-02180,0.074,1
APP-02181,6.62,1
APP-02182,0.189,1
APP-02183,0.295,0
APP-02184,7.236,0
APP-02185,0.144,1
APP-02186,0.08,1
APP-02187,0.16,1
APP-02188,5.809,1
APP-02189,0.216,1
APP-02190,0.109,0
APP-02191,0.352,1
APP-02192,0.479,1
APP-02193,0.181,1
APP-02194,0.151,1
APP-02195,0.145,1
APP-02196,9.342,0
APP-02197,0.162,1
APP-02198,0.148,1
APP-02199,0.085,1
APP-02200,0.105,1
APP-02201,0.099,0
APP-02202,0.246,1
APP-02203,0.6,1
APP-02204,0.369,1
APP-02205,0.115,1
APP-02206,0.059,1
APP-02207,0.08,1
APP-02208,0.533,1
APP-02209,11.737,1
APP-02210,0.212,1
APP-02211,7.944,1
APP-02212,7.112,0
APP-02213,0.077,1
APP-02214,0.152,1
APP-02215,0.245,0
APP-02216,0.269,1
APP-02217,0.234,1
APP-02218,0.128,1
APP-02219,0.37,1
APP-02220,0.182,1
APP-02221,0.341,1
APP-02222,0.157,1
APP-02223,0.197,1
APP-02224,8.1,1
APP-02225,0.274,0
APP-02226,0.203,1
APP-02227,0.158,0
APP-02228,0.121,1
APP-02229,0.092,0
APP-02230,5.659,0
APP-02231,0.19,1
APP-02232,10.602,0
APP-02233,6.043,0
APP-02234,0.346,1
APP-02235,0.087,1
APP-02236,10.3,0
APP-02237,0.1,0
APP-02238,0.114,1
APP-02239,0.151,1
APP-02240,0.09,0
APP-02241,9.427,1
APP-02242,0.187,1
APP-02243,0.298,0
APP-02244,0.167,1
APP-02245,0.104,1
APP-02246,6.748,0
APP-02247,7.454,0
APP-02248,8.336,1
APP-02249,0.24,1
APP-02250,7.703,0
APP-02251,0.17,0
APP-02252,0.152,1
APP-02253,0.159,0
APP-02254,8.607,0
APP-02255,4.122,0
APP-02256,0.126,1
APP-02257,7.42,0
APP-02258,0.23,1
APP-02259,5.462,0
APP-02260,0.291,1
APP-02261,0.296,1
APP-02262,0.422,1
APP-02263,0.262,0
APP-02264,0.163,1
APP-02265,0.115,1
APP-02266,0.196,1
APP-02267,0.199,1
APP-02268,0.116,1
APP-02269,0.702,1
APP-02270,0.154,0
APP-02271,3.076,0
APP-02272,0.138,0
APP-02273,0.221,1
APP-02274,0.636,1
APP-02275,0.161,0
APP-02276,5.738,0
APP-02277,9.444,1
APP-02278,10.703,0
APP-02279,0.126,1
APP-02280,0.047,1
APP-02281,0.082,0
APP-02282,0.105,1
APP-02283,0.219,1
APP-02284,8.205,1
APP-02285,0.142,1
APP-02286,8.252,1
APP-02287,0.073,0
APP-02288,0.06,1
APP-02289,0.219,1
APP-02290,0.087,0
APP-02291,0.068,1
APP-02292,6.274,0
APP-02293,9.842,0
APP-02294,9.791,0
APP-02295,0.09,1
APP-02296,0.124,0
APP-02297,6.412,0
APP-02298,3.751,1
APP-02299,10.534,1
APP-02300,0.172,1
APP-02301,3.227,1
APP-02302,0.155,1
APP-02303,0.053,1
APP-02304,0.125,0
APP-02305,0.176,0
APP-02306,0.162,1
APP-02307,0.158,1
APP-02308,0.122,0
APP-02309,9.485,0
APP-02310,10.738,1
APP-02311,1.904,1
APP-02312,14.148,1
APP-02313,0.178,0
APP-02314,3.77,0
APP-02315,7.529,1
APP-02316,3.62,0
APP-02317,0.389,0
APP-02318,0.074,0
APP-02319,0.338,1
APP-02320,0.139,1
APP-02321,0.118,1
APP-02322,9.926,0
APP-02323,4.377,0
APP-02324,0.062,1
APP-02325,0.161,1
APP-02326,11.329,0
APP-02327,0.323,0
APP-02328,0.047,1
APP-02329,7.086,0
APP-02330,0.172,1
APP-02331,0.067,1
APP-02332,0.162,0
APP-02333,3.92,0
APP-02334,0.202,1
APP-02335,0.095,0
APP-02336,0.086,1
APP-02337,0.1,1
APP-02338,0.111,0
APP-02339,9.481,0
APP-02340,1.098,0
APP-02341,0.089,0
APP-02342,0.375,1
APP-02343,0.192,1
APP-02344,0.13,1
APP-02345,0.139,0
APP-02346,0.121,1
APP-02347,1.908,1
APP-02348,0.141,1
APP-02349,0.175,1
APP-02350,0.136,1
APP-02351,0.087,0
APP-02352,10.497,0
APP-02353,0.186,0
APP-02354,0.075,0
APP-02355,0.483,0
APP-02356,1.804,0
APP-02357,0.153,1
APP-02358,0.125,1
APP-02359,4.904,0
APP-02360,11.404,0
APP-02361,0.216,0
APP-02362,0.209,0
APP-02363,0.187,1
APP-02364,12.107,1
APP-02365,0.152,1
APP-02366,0.138,1
APP-02367,0.196,1
APP-02368,13.031,0
APP-02369,0.114,1
APP-02370,0.342,1
APP-02371,0.285,1
APP-02372,0.179,0
APP-02373,0.6,1
APP-02374,0.114,1
APP-02375,0.095,1
APP-02376,0.107,0
APP-02377,6.533,1
APP-02378,0.094,0
APP-02379,0.252,1
APP-02380,0.036,1
APP-02381,0.054,1
APP-02382,0.177,1
APP-02383,0.04,1
APP-02384,0.104,1
APP-02385,0.287,1
APP-02386,0.144,1
APP-02387,0.192,1
APP-02388,0.13,1
APP-02389,4.174,0
APP-02390,0.256,1
APP-02391,0.136,1
APP-02392,0.17,1
APP-02393,0.083,0
APP-02394,0.088,1
APP-02395,0.062,0
APP-02396,0.102,1
APP-02397,0.082,0
APP-02398,0.062,1
APP-02399,0.105,0
APP-02400,0.134,0
APP-02401,0.458,1
APP-02402,0.127,0
APP-02403,0.198,0
APP-02404,0.133,1
APP-02405,9.207,0
APP-02406,0.202,1
APP-02407,0.516,1
APP-02408,0.183,1
APP-02409,0.23,0
APP-02410,0.215,1
APP-02411,5.916,0
APP-02412,0.076,1
APP-02413,0.08,0
APP-02414,0.136,0
APP-02415,0.111,1
APP-02416,0.079,0
APP-02417,7.071,0
APP-02418,0.21,1
APP-02419,3.123,1
APP-02420,4.395,0
APP-02421,14.127,0
APP-02422,6.744,0
APP-02423,0.187,1
APP-02424,0.193,1
APP-02425,2.589,0
APP-02426,3.769,0
APP-02427,0.407,1
APP-02428,0.125,1
APP-02429,0.149,1
APP-02430,0.09,0
APP-02431,0.126,0
APP-02432,2.49,1
APP-02433,0.11,0
APP-02434,12.681,0
APP-02435,0.145,0
APP-02436,11.614,0
APP-02437,0.097,1
APP-02438,0.044,1
APP-02439,0.112,1
APP-02440,13.304,0
APP-02441,0.083,0
APP-02442,8.082,0
APP-02443,8.378,1
APP-02444,0.103,0
APP-02445,0.115,1
APP-02446,0.158,1
APP-02447,0.095,1
APP-02448,0.502,0
APP-02449,0.143,1
APP-02450,7.829,0
APP-02451,0.153,1
APP-02452,5.99,0
APP-02453,8.442,0
APP-02454,6.421,1
APP-02455,5.36,0
APP-02456,8.128,0
APP-02457,0.153,0
APP-02458,0.044,1
APP-02459,4.456,0
APP-02460,0.363,0
APP-02461,0.092,1
APP-02462,0.115,0
APP-02463,2.267,1
APP-02464,0.205,1
APP-02465,0.067,1
APP-02466,0.192,1
APP-02467,6.396,0
APP-02468,5.013,0
APP-02469,4.338,0
APP-02470,0.125,1
APP-02471,0.147,1
APP-02472,0.167,1
APP-02473,0.166,1
APP-02474,7.426,0
APP-02475,0.084,0
APP-02476,9.06,0
APP-02477,9.58,0
APP-02478,0.055,1
APP-02479,0.139,1
APP-02480,10.929,0
APP-02481,6.085,0
APP-02482,9.988,1
APP-02483,8.17,0
APP-02484,0.068,1
APP-02485,0.078,1
APP-02486,8.84,1
APP-02487,7.71,0
APP-02488,0.271,0
APP-02489,0.105,1
APP-02490,8.848,0
APP-02491,0.207,0
APP-02492,0.045,1
APP-02493,0.108,1
APP-02494,0.097,1
APP-02495,8.952,0
APP-02496,0.144,1
APP-02497,0.077,1
APP-02498,3.274,0
APP-02499,0.339,0
APP-02500,0.118,1
APP-02501,0.084,0
APP-02502,0.132,1
APP-02503,0.131,1
APP-02504,0.213,1
APP-02505,2.901,1
APP-02506,3.55,0
APP-02507,0.212,1
APP-02508,0.304,1
APP-02509,10.191,0
APP-02510,0.159,0
APP-02511,0.172,1
APP-02512,0.23,1
APP-02513,4.891,0
APP-02514,0.139,0
APP-02515,0.087,0
APP-02516,4.536,1
APP-02517,8.326,0
APP-02518,0.248,1
APP-02519,0.22,0
APP-02520,0.137,1
APP-02521,0.27,0
APP-02522,0.235,0
APP-02523,0.095,0
APP-02524,0.123,0
APP-02525,0.109,1
APP-02526,0.343,1
APP-02527,0.226,0
APP-02528,0.632,1
APP-02529,0.159,0
APP-02530,8.35,0
APP-02531,10.352,0
APP-02532,0.074,1
APP-02533,10.006,0
APP-02534,0.134,1
APP-02535,3.015,0
APP-02536,0.131,1
APP-02537,2.584,1
APP-02538,0.086,1
APP-02539,0.307,0
APP-02540,0.118,1
APP-02541,0.171,1
APP-02542,1.864,0
APP-02543,0.332,1
APP-02544,0.208,1
APP-02545,3.299,1
APP-02546,0.113,0
APP-02547,0.17,1
APP-02548,0.137,1
APP-02549,7.886,0
APP-02550,0.062,0
APP-02551,0.176,0
APP-02552,0.157,1
APP-02553,0.099,1
APP-02554,8.838,0
APP-02555,7.827,0
APP-02556,3.715,0
APP-02557,0.059,1
APP-02558,0.111,1
APP-02559,12.488,1
APP-02560,0.115,1
APP-02561,0.138,1
APP-02562,0.23,0
APP-02563,0.102,1
APP-02564,0.024,1
APP-02565,9.054,0
APP-02566,0.587,1
APP-02567,0.088,1
APP-02568,11.067,1
APP-02569,0.166,1
APP-02570,0.176,1
APP-02571,0.094,1
APP-02572,3.271,0
APP-02573,5.571,0
APP-02574,6.54,0
APP-02575,0.163,1
APP-02576,0.107,1
APP-02577,0.155,1
APP-02578,9.842,0
APP-02579,7.721,0
APP-02580,0.072,1
APP-02581,0.111,1
APP-02582,0.367,0
APP-02583,0.155,1
APP-02584,0.184,0
APP-02585,2.336,1
APP-02586,0.175,1
APP-02587,18.123,1
APP-02588,0.121,1
APP-02589,0.153,0
APP-02590,0.495,1
APP-02591,3.188,0
APP-02592,0.089,1
APP-02593,0.179,0
APP-02594,0.131,1
APP-02595,0.067,1
APP-02596,9.858,0
APP-02597,0.154,1
APP-02598,0.069,1
APP-02599,0.139,0
APP-02600,0.119,1
APP-02601,0.188,0
APP-02602,10.906,0
APP-02603,0.055,1
APP-02604,0.107,1
APP-02605,0.153,1
APP-02606,0.322,1
APP-02607,0.101,1
APP-02608,0.082,0
APP-02609,0.6,1
APP-02610,8.027,0
APP-02611,0.224,1
APP-02612,9.087,0
APP-02613,8.679,0
APP-02614,0.045,1
APP-02615,0.07,0
APP-02616,0.123,0
APP-02617,0.087,1
APP-02618,10.151,0
APP-02619,0.374,1
APP-02620,0.111,0
APP-02621,0.091,0
APP-02622,0.321,1
APP-02623,0.244,0
APP-02624,0.182,1
APP-02625,0.561,0
APP-02626,0.257,1
APP-02627,0.115,0
APP-02628,13.211,0
APP-02629,0.187,0
APP-02630,0.117,0
APP-02631,0.288,1
APP-02632,0.353,1
APP-02633,7.426,0
APP-02634,0.278,0
APP-02635,0.226,1
APP-02636,8.665,0
APP-02637,10.955,1
APP-02638,0.072,1
APP-02639,8.471,0
APP-02640,0.109,0
APP-02641,0.283,1
APP-02642,0.098,0
APP-02643,0.103,1
APP-02644,5.724,1
APP-02645,0.115,0
APP-02646,0.153,1
APP-02647,0.164,1
APP-02648,7.905,0
APP-02649,0.169,1
APP-02650,0.111,1
APP-02651,0.085,1
APP-02652,0.142,0
APP-02653,14.287,0
APP-02654,8.737,1
APP-02655,5.486,1
APP-02656,0.096,0
APP-02657,0.163,0
APP-02658,0.076,0
APP-02659,0.096,1
APP-02660,6.935,1
APP-02661,0.119,0
APP-02662,0.281,0
APP-02663,3.877,1
APP-02664,0.148,1
APP-02665,0.413,1
APP-02666,8.578,1
APP-02667,0.471,0
APP-02668,7.408,0
APP-02669,0.114,0
APP-02670,0.132,1
APP-02671,4.577,0
APP-02672,9.689,1
APP-02673,0.075,0
APP-02674,0.201,1
APP-02675,0.209,1
APP-02676,5.454,1
APP-02677,0.075,1
APP-02678,0.321,1
APP-02679,0.27,0
APP-02680,4.95,1
APP-02681,0.185,1
APP-02682,0.088,1
APP-02683,8.092,1
APP-02684,0.147,1
APP-02685,0.072,1
APP-02686,0.157,1
APP-02687,2.643,1
APP-02688,0.123,1
APP-02689,3.535,0
APP-02690,0.482,1
APP-02691,6.826,0
APP-02692,0.07,1
APP-02693,0.062,0
APP-02694,0.216,1
APP-02695,0.154,1
APP-02696,5.987,0
APP-02697,0.146,0
APP-02698,8.261,0
APP-02699,2.545,0
APP-02700,0.154,1
APP-02701,0.126,1
APP-02702,0.065,1
APP-02703,0.143,1
APP-02704,0.247,1
APP-02705,7.46,0
APP-02706,8.385,0
APP-02707,0.168,1
APP-02708,0.112,1
APP-02709,0.09,1
APP-02710,0.058,1
APP-02711,0.223,0
APP-02712,0.105,1
APP-02713,0.216,1
APP-02714,5.59,1
APP-02715,0.266,0
APP-02716,11.611,0
APP-02717,14.089,0
APP-02718,6.654,0
APP-02719,0.088,0
APP-02720,11.125,0
APP-02721,0.135,1
APP-02722,0.109,1
APP-02723,0.081,1
APP-02724,0.117,1
APP-02725,4.472,0
APP-02726,9.457,0
APP-02727,0.071,1
APP-02728,0.059,1
APP-02729,0.098,0
APP-02730,4.783,0
APP-02731,8.167,0
APP-02732,0.095,0
APP-02733,0.354,1
APP-02734,0.081,1
APP-02735,7.456,0
APP-02736,0.319,1
APP-02737,0.175,0
APP-02738,6.304,0
APP-02739,0.214,0
APP-02740,0.147,0
APP-02741,0.264,1
APP-02742,0.183,1
APP-02743,0.329,1
APP-02744,3.13,0
APP-02745,6.066,0
APP-02746,0.271,1
APP-02747,0.276,0
APP-02748,0.127,1
APP-02749,7.976,0
APP-02750,0.156,0
APP-02751,9.124,0
APP-02752,4.436,0
APP-02753,0.123,1
APP-02754,0.16,1
APP-02755,0.151,1
APP-02756,0.198,1
APP-02757,0.202,1
APP-02758,0.647,1
APP-02759,0.041,0
APP-02760,0.203,1
APP-02761,0.221,1
APP-02762,0.102,0
APP-02763,0.09,1
APP-02764,0.272,1
APP-02765,5.455,0
APP-02766,7.463,1
APP-02767,0.079,1
APP-02768,0.124,0
APP-02769,1.559,1
APP-02770,0.065,1
APP-02771,0.117,1
APP-02772,0.17,1
APP-02773,0.052,0
APP-02774,7.051,0
APP-02775,4.838,1
APP-02776,0.244,1
APP-02777,0.194,1
APP-02778,0.31,1
APP-02779,0.105,1
APP-02780,0.074,1
APP-02781,0.118,1
APP-02782,0.079,1
APP-02783,6.959,0
APP-02784,0.045,1
APP-02785,0.123,0
APP-02786,0.162,1
APP-02787,0.09,0
APP-02788,0.164,0
APP-02789,3.175,0
APP-02790,4.29,1
APP-02791,0.126,0
APP-02792,4.838,1
APP-02793,0.181,1
APP-02794,2.667,0
APP-02795,0.062,1
APP-02796,0.194,1
APP-02797,0.13,0
APP-02798,7.877,1
APP-02799,0.111,1
APP-02800,0.125,1
APP-02801,7.936,0
APP-02802,0.076,0
APP-02803,0.107,1
APP-02804,0.219,1
APP-02805,0.975,1
APP-02806,6.991,0
APP-02807,0.265,1
APP-02808,0.139,1
APP-02809,12.478,1
APP-02810,0.16,0
APP-02811,0.099,1
APP-02812,0.137,1
APP-02813,11.763,0
APP-02814,0.136,0
APP-02815,0.167,1
APP-02816,0.118,1
APP-02817,0.447,1
APP-02818,0.161,1
APP-02819,8.732,0
APP-02820,0.142,1
APP-02821,5.809,0
APP-02822,9.33,0
APP-02823,5.67,1
APP-02824,0.259,1
APP-02825,2.189,0
APP-02826,0.139,1
APP-02827,8.776,0
APP-02828,0.184,1
APP-02829,0.11,1
APP-02830,0.199,1
APP-02831,0.148,1
APP-02832,0.068,1
APP-02833,0.222,0
APP-02834,0.307,1
APP-02835,6.838,0
APP-02836,0.053,0
APP-02837,0.602,0
APP-02838,0.22,0
APP-02839,0.173,1
APP-02840,0.696,0
APP-02841,0.147,1
APP-02842,10.003,0
APP-02843,0.239,1
APP-02844,6.616,0
APP-02845,0.074,1
APP-02846,0.204,1
APP-02847,0.186,0
APP-02848,0.169,1
APP-02849,4.759,0
APP-02850,0.121,0
APP-02851,8.221,1
APP-02852,0.218,0
APP-02853,0.13,1
APP-02854,0.094,0
APP-02855,0.187,0
APP-02856,2.435,1
APP-02857,0.301,1
APP-02858,0.205,1
APP-02859,0.139,0
APP-02860,0.131,1
APP-02861,0.345,1
APP-02862,0.218,1
APP-02863,7.296,0
APP-02864,7.898,1
APP-02865,7.639,0
APP-02866,0.217,1
APP-02867,0.124,1
APP-02868,0.11,0
APP-02869,0.234,1
APP-02870,5.897,0
APP-02871,9.214,1
APP-02872,0.17,1
APP-02873,0.101,1
APP-02874,0.159,1
APP-02875,11.867,0
APP-02876,0.147,1
APP-02877,0.225,1
APP-02878,6.746,1
APP-02879,0.227,0
APP-02880,0.442,0
APP-02881,0.299,1
APP-02882,0.1,1
APP-02883,0.148,0
APP-02884,0.072,1
APP-02885,0.095,1
APP-02886,0.152,1
APP-02887,0.118,1
APP-02888,0.1,1
APP-02889,11.987,0
APP-02890,0.251,1
APP-02891,0.257,1
APP-02892,4.29,0
APP-02893,0.222,1
APP-02894,0.144,1
APP-02895,0.158,0
APP-02896,0.171,0
APP-02897,0.46,0
APP-02898,0.22,1
APP-02899,4.349,0
APP-02900,15.96,0
APP-02901,0.199,0
APP-02902,0.07,1
APP-02903,0.314,1
APP-02904,0.097,0
APP-02905,0.075,1
APP-02906,0.127,1
APP-02907,0.078,0
APP-02908,0.104,0
APP-02909,0.094,0
APP-02910,0.065,1
APP-02911,12.783,1
APP-02912,6.335,0
APP-02913,0.104,0
APP-02914,3.972,1
APP-02915,0.098,1
APP-02916,0.055,1
APP-02917,6.175,0
APP-02918,0.042,1
APP-02919,0.139,1
APP-02920,0.318,1
APP-02921,0.075,0
APP-02922,0.056,1
APP-02923,0.177,0
APP-02924,13.247,0
APP-02925,15.004,0
APP-02926,0.124,1
APP-02927,0.057,0
APP-02928,0.297,1
APP-02929,0.194,0
APP-02930,9.921,0
APP-02931,0.096,1
APP-02932,9.397,0
APP-02933,0.136,1
APP-02934,10.206,1
APP-02935,0.098,0
APP-02936,0.127,1
APP-02937,0.163,1
APP-02938,0.138,1
APP-02939,0.328,0
APP-02940,0.1,1
APP-02941,6.877,0
APP-02942,0.067,1
APP-02943,0.094,0
APP-02944,0.168,0
APP-02945,3.009,0
APP-02946,4.862,0
APP-02947,0.197,1
APP-02948,0.095,0
APP-02949,4.939,0
APP-02950,9.019,1
APP-02951,0.301,1
APP-02952,0.23,1
APP-02953,0.088,1
APP-02954,0.118,1
APP-02955,0.327,1
APP-02956,0.211,1
APP-02957,0.118,1
APP-02958,6.043,0
APP-02959,0.09,1
APP-02960,0.066,1
APP-02961,0.072,1
APP-02962,0.281,1
APP-02963,0.142,1
APP-02964,6.522,0
APP-02965,0.184,1
APP-02966,0.179,1
APP-02967,5.198,1
APP-02968,0.049,1
APP-02969,0.277,0
APP-02970,0.232,0
APP-02971,0.374,1
APP-02972,0.224,1
APP-02973,0.086,0
APP-02974,0.154,1
APP-02975,0.121,0
APP-02976,0.163,1
APP-02977,6.419,1
APP-02978,0.165,1
APP-02979,0.041,0
APP-02980,9.228,1
APP-02981,0.088,1
APP-02982,0.125,1
APP-02983,0.117,1
APP-02984,0.05,0
APP-02985,0.117,0
APP-02986,0.1,0
APP-02987,7.705,1
APP-02988,0.178,1
APP-02989,0.211,1
APP-02990,0.209,1
APP-02991,0.73,1
APP-02992,0.169,1
APP-02993,0.101,0
APP-02994,11.184,0
APP-02995,0.076,1
APP-02996,0.135,0
APP-02997,0.507,1
APP-02998,0.176,1
APP-02999,0.096,0
APP-03000,0.363,0
APP-03001,0.064,1
APP-03002,0.097,0
APP-03003,0.156,1
APP-03004,4.674,1
APP-03005,0.169,1
APP-03006,0.345,1
APP-03007,0.12,0
APP-03008,0.114,1
APP-03009,11.34,0
APP-03010,5.619,1
APP-03011,0.252,1
APP-03012,5.097,0
APP-03013,0.159,1
APP-03014,0.274,1
APP-03015,7.218,0
APP-03016,0.159,1
APP-03017,0.122,1
APP-03018,6.055,0
APP-03019,6.727,1
APP-03020,0.147,0
APP-03021,0.158,1
APP-03022,0.043,1
APP-03023,0.098,1
APP-03024,6.328,0
APP-03025,5.386,0
APP-03026,0.124,1
APP-03027,0.097,0
APP-03028,8.204,0
APP-03029,0.108,0
APP-03030,6.581,1
APP-03031,7.468,0
APP-03032,0.159,1
APP-03033,8.867,1
APP-03034,0.094,0
APP-03035,0.08,1
APP-03036,9.397,0
APP-03037,5.987,0
APP-03038,10.535,1
APP-03039,0.272,1
APP-03040,0.055,1
APP-03041,4.37,0
APP-03042,0.103,0
APP-03043,5.069,0
APP-03044,3.523,0
APP-03045,0.163,0
APP-03046,1.316,1
APP-03047,0.08,0
APP-03048,7.632,0
APP-03049,0.064,1
APP-03050,0.096,1
APP-03051,0.098,1
APP-03052,0.139,1
APP-03053,0.406,0
APP-03054,0.111,1
APP-03055,0.129,1
APP-03056,0.164,1
APP-03057,7.605,0
APP-03058,0.164,0
APP-03059,0.116,1
APP-03060,0.135,1
APP-03061,0.331,0
APP-03062,7.789,0
APP-03063,0.36,0
APP-03064,0.094,1
APP-03065,0.141,1
APP-03066,0.132,0
APP-03067,0.182,0
APP-03068,0.076,1
APP-03069,0.263,1
APP-03070,11.429,0
APP-03071,0.123,1
APP-03072,0.215,1
APP-03073,0.256,1
APP-03074,0.107,1
APP-03075,0.068,1
APP-03076,0.065,0
APP-03077,0.048,0
APP-03078,0.109,1
APP-03079,0.071,1
APP-03080,0.133,0
APP-03081,0.114,1
APP-03082,0.1,1
APP-03083,0.164,0
APP-03084,0.309,1
APP-03085,0.134,1
APP-03086,0.211,1
APP-03087,6.653,1
APP-03088,0.06,1
APP-03089,0.21,0
APP-03090,1.173,1
APP-03091,0.141,1
APP-03092,5.255,0
APP-03093,0.167,1
APP-03094,0.157,0
APP-03095,5.33,0
APP-03096,5.717,1
APP-03097,0.084,1
APP-03098,0.077,1
APP-03099,9.872,0
APP-03100,9.938,0
APP-03101,0.307,1
APP-03102,0.221,1
APP-03103,0.294,1
APP-03104,0.245,1
APP-03105,2.09,1
APP-03106,0.121,1
APP-03107,7.789,0
APP-03108,6.469,1
APP-03109,0.113,0
APP-03110,10.292,1
APP-03111,0.067,1
APP-03112,7.385,0
APP-03113,0.122,1
APP-03114,0.173,1
APP-03115,0.129,0
APP-03116,0.058,1
APP-03117,0.107,1
APP-03118,0.133,1
APP-03119,0.442,1
APP-03120,0.106,1
APP-03121,0.111,1
APP-03122,8.22,0
APP-03123,0.273,1
APP-03124,0.08,1
APP-03125,0.085,1
APP-03126,0.058,1
APP-03127,0.275,0
APP-03128,8.3,0
APP-03129,0.138,1
APP-03130,0.147,1
APP-03131,0.435,1
APP-03132,3.589,1
APP-03133,0.349,1
APP-03134,2.537,1
APP-03135,0.131,1
APP-03136,0.138,1
APP-03137,16.894,0
APP-03138,0.417,1
APP-03139,0.221,1
APP-03140,0.145,1
APP-03141,0.077,1
APP-03142,0.222,1
APP-03143,7.097,1
APP-03144,0.216,0
APP-03145,0.247,1
APP-03146,0.116,1
APP-03147,0.138,1
APP-03148,0.395,1
APP-03149,8.373,0
APP-03150,0.268,1
APP-03151,0.24,1
APP-03152,0.193,1
APP-03153,0.121,0
APP-03154,4.329,0
APP-03155,0.15,0
APP-03156,0.253,0
APP-03157,0.095,1
APP-03158,0.337,0
APP-03159,0.346,1
APP-03160,0.495,1
APP-03161,0.127,1
APP-03162,5.656,0
APP-03163,7.545,1
APP-03164,3.516,0
APP-03165,0.053,0
APP-03166,0.32,1
APP-03167,0.6,0
APP-03168,0.134,0
APP-03169,0.6,1
APP-03170,0.151,0
APP-03171,0.175,1
APP-03172,0.108,1
APP-03173,5.756,1
APP-03174,2.182,1
APP-03175,0.6,1
APP-03176,0.271,0
APP-03177,0.236,0
APP-03178,0.134,1
APP-03179,0.273,1
APP-03180,0.172,0
APP-03181,0.385,1
APP-03182,0.105,1
APP-03183,7.8,0
APP-03184,0.152,0
APP-03185,5.779,1
APP-03186,0.224,1
APP-03187,7.741,1
APP-03188,0.305,0
APP-03189,0.184,1
APP-03190,8.968,0
APP-03191,0.584,0
APP-03192,0.154,0
APP-03193,6.245,0
APP-03194,0.096,1
APP-03195,0.181,1
APP-03196,0.642,0
APP-03197,0.271,0
APP-03198,0.293,1
APP-03199,0.13,1
APP-03200,0.178,0
APP-03201,0.136,0
APP-03202,0.301,1
APP-03203,0.126,0
APP-03204,7.571,0
APP-03205,0.123,1
APP-03206,10.466,0
APP-03207,6.783,1
APP-03208,0.187,1
APP-03209,0.105,1
APP-03210,0.216,1
APP-03211,0.247,1
APP-03212,0.423,1
APP-03213,0.6,0
APP-03214,5.883,1
APP-03215,0.077,0
APP-03216,8.341,0
APP-03217,1.725,1
APP-03218,0.224,0
APP-03219,0.12,1
APP-03220,0.266,1
APP-03221,0.223,1
APP-03222,0.167,1
APP-03223,3.961,0
APP-03224,0.102,0
APP-03225,0.069,1
APP-03226,0.095,1
APP-03227,14.398,0
APP-03228,0.073,1
APP-03229,2.866,0
APP-03230,0.08,0
APP-03231,0.158,1
APP-03232,0.227,0
APP-03233,0.21,1
APP-03234,0.073,0
APP-03235,0.171,1
APP-03236,0.165,1
APP-03237,0.22,0
APP-03238,0.119,0
APP-03239,0.069,0
APP-03240,0.235,1
APP-03241,2.162,1
APP-03242,8.285,0
APP-03243,0.148,1
APP-03244,0.157,0
APP-03245,0.089,1
APP-03246,0.175,0
APP-03247,0.076,1
APP-03248,0.409,1
APP-03249,0.255,1
APP-03250,5.818,0
APP-03251,8.913,0
APP-03252,0.162,1
APP-03253,0.183,0
APP-03254,0.459,1
APP-03255,0.11,1
APP-03256,0.072,1
APP-03257,13.71,0
APP-03258,5.904,0
APP-03259,0.139,1
APP-03260,0.226,1
APP-03261,0.137,0
APP-03262,0.067,1
APP-03263,0.105,1
APP-03264,2.075,0
APP-03265,0.336,1
APP-03266,4.609,0
APP-03267,4.7,0
APP-03268,0.182,1
APP-03269,0.067,0
APP-03270,0.205,1
APP-03271,4.91,0
APP-03272,7.24,0
APP-03273,0.056,1
APP-03274,0.235,0
APP-03275,0.089,1
APP-03276,0.19,1
APP-03277,8.939,0
APP-03278,0.12,1
APP-03279,0.143,1
APP-03280,0.262,1
APP-03281,0.076,1
APP-03282,0.088,0
APP-03283,0.073,1
APP-03284,0.277,0
APP-03285,0.477,0
APP-03286,0.183,1
APP-03287,3.056,0
APP-03288,13.303,1
APP-03289,6.082,0
APP-03290,2.553,1
APP-03291,13.497,0
APP-03292,0.07,1
APP-03293,0.477,1
APP-03294,9.085,1
APP-03295,0.169,0
APP-03296,0.048,0
APP-03297,1.911,0
APP-03298,0.24,1
APP-03299,4.153,0
APP-03300,0.171,1
APP-03301,0.396,0
APP-03302,0.191,0
APP-03303,0.15,1
APP-03304,9.408,0
APP-03305,7.7,0
APP-03306,0.165,1
APP-03307,8.486,1
APP-03308,0.073,1
APP-03309,3.001,1
APP-03310,0.182,0
APP-03311,0.085,0
APP-03312,0.133,1
APP-03313,17.433,1
APP-03314,0.251,1
APP-03315,11.806,0
APP-03316,0.254,0
APP-03317,0.663,1
APP-03318,4.75,1
APP-03319,0.072,1
APP-03320,0.105,1
APP-03321,0.23,1
APP-03322,0.075,1
APP-03323,5.653,0
APP-03324,0.134,0
APP-03325,0.291,1
APP-03326,0.124,1
APP-03327,0.103,1
APP-03328,0.238,1
APP-03329,0.243,1
APP-03330,0.107,1
APP-03331,0.119,1
APP-03332,0.243,1
APP-03333,0.2,1
APP-03334,1.572,1
APP-03335,0.074,0
APP-03336,0.253,1
APP-03337,11.717,0
APP-03338,0.223,1
APP-03339,5.59,1
APP-03340,0.1,1
APP-03341,10.081,0
APP-03342,0.099,1
APP-03343,0.189,1
APP-03344,0.219,1
APP-03345,0.113,1
APP-03346,0.272,1
APP-03347,4.099,1
APP-03348,8.963,0
APP-03349,0.415,0
APP-03350,0.198,0
APP-03351,0.064,0
APP-03352,6.141,1
APP-03353,0.071,1
APP-03354,0.235,1
APP-03355,0.078,1
APP-03356,0.087,1
APP-03357,5.023,1
APP-03358,0.071,1
APP-03359,6.007,1
APP-03360,0.29,0
APP-03361,0.158,0
APP-03362,0.238,1
APP-03363,0.124,1
APP-03364,0.044,1
APP-03365,0.116,1
APP-03366,0.102,1
APP-03367,14.192,1
APP-03368,0.3,1
APP-03369,0.143,1
APP-03370,0.086,1
APP-03371,13.003,0
APP-03372,0.375,1
APP-03373,2.876,1
APP-03374,0.256,1
APP-03375,0.214,1
APP-03376,0.31,1
APP-03377,0.093,1
APP-03378,0.6,1
APP-03379,0.248,1
APP-03380,0.059,1
APP-03381,14.927,0
APP-03382,0.468,1
APP-03383,0.218,1
APP-03384,0.19,1
APP-03385,0.088,0
APP-03386,6.312,1
APP-03387,0.139,1
APP-03388,0.238,1
APP-03389,0.036,1
APP-03390,7.474,1
APP-03391,0.06,1
APP-03392,0.108,1
APP-03393,2.291,1
APP-03394,0.158,1
APP-03395,0.25,1
APP-03396,0.172,1
APP-03397,0.055,1
APP-03398,0.161,1
APP-03399,12.744,1
APP-03400,0.108,1
APP-03401,0.155,1
APP-03402,0.422,1
APP-03403,0.076,0
APP-03404,0.103,1
APP-03405,0.141,1
APP-03406,0.144,1
APP-03407,0.236,1
APP-03408,0.125,1
APP-03409,0.096,1
APP-03410,0.143,1
APP-03411,8.036,0
APP-03412,11.605,0
APP-03413,0.055,1
APP-03414,0.116,1
APP-03415,0.173,1
APP-03416,0.199,0
APP-03417,4.956,0
APP-03418,0.104,1
APP-03419,0.17,1
APP-03420,0.293,1
APP-03421,0.484,0
APP-03422,0.098,1
APP-03423,0.089,1
APP-03424,0.082,1
APP-03425,0.207,0
APP-03426,0.102,1
APP-03427,0.118,1
APP-03428,6.911,0
APP-03429,0.218,1
APP-03430,3.9,0
APP-03431,0.139,1
APP-03432,0.276,1
APP-03433,0.211,1
APP-03434,0.123,1
APP-03435,0.144,1
APP-03436,0.26,1
APP-03437,0.331,1
APP-03438,0.289,1
APP-03439,0.33,0
APP-03440,0.313,1
APP-03441,11.473,0
APP-03442,0.093,1
APP-03443,0.147,1
APP-03444,7.977,0
APP-03445,2.603,1
APP-03446,0.287,1
APP-03447,0.138,0
APP-03448,0.099,0
APP-03449,7.176,0
APP-03450,0.223,1
APP-03451,0.498,1
APP-03452,0.189,1
APP-03453,3.284,1
APP-03454,0.147,0
APP-03455,11.355,0
APP-03456,0.109,1
APP-03457,8.819,0
APP-03458,3.386,0
APP-03459,7.112,0
APP-03460,0.293,1
APP-03461,0.139,1
APP-03462,4.589,0
APP-03463,0.085,1
APP-03464,0.14,1
APP-03465,0.077,1
APP-03466,0.203,0
APP-03467,0.183,1
APP-03468,0.21,1
APP-03469,0.082,1
APP-03470,0.076,0
APP-03471,5.828,1
APP-03472,0.092,1
APP-03473,11.316,0
APP-03474,14.231,0
APP-03475,0.435,0
APP-03476,0.154,1
APP-03477,0.165,1
APP-03478,0.35,1
APP-03479,0.097,0
APP-03480,0.171,1
APP-03481,0.054,1
APP-03482,0.157,1
APP-03483,4.949,0
APP-03484,0.122,0
APP-03485,0.239,1
APP-03486,0.146,1
APP-03487,0.051,1
APP-03488,0.078,1
APP-03489,9.26,1
APP-03490,0.187,1
APP-03491,0.139,1
APP-03492,0.394,0
APP-03493,8.93,0
APP-03494,0.126,0
APP-03495,0.148,1
APP-03496,0.357,1
APP-03497,0.36,1
APP-03498,0.142,1
APP-03499,0.201,1
APP-03500,0.198,0
APP-03501,0.07,0
APP-03502,0.172,1
APP-03503,0.125,0
APP-03504,0.216,1
APP-03505,3.833,0
APP-03506,3.457,1
APP-03507,0.135,0
APP-03508,0.332,1
APP-03509,0.178,0
APP-03510,0.077,1
APP-03511,5.201,0
APP-03512,0.342,1
APP-03513,0.137,0
APP-03514,0.381,1
APP-03515,0.156,0
APP-03516,6.909,0
APP-03517,6.668,0
APP-03518,0.154,1
APP-03519,0.22,0
APP-03520,0.04,1
APP-03521,2.811,1
APP-03522,0.273,0
APP-03523,0.261,1
APP-03524,7.671,1
APP-03525,0.209,1
APP-03526,9.148,0
APP-03527,0.195,0
APP-03528,4.135,0
APP-03529,0.043,1
APP-03530,0.6,1
APP-03531,5.518,1
APP-03532,0.097,1
APP-03533,0.189,1
APP-03534,0.127,0
APP-03535,0.096,1
APP-03536,0.172,1
APP-03537,0.271,1
APP-03538,3.115,1
APP-03539,0.223,1
APP-03540,7.364,0
APP-03541,10.275,0
APP-03542,0.357,1
APP-03543,0.066,0
APP-03544,0.092,0
APP-03545,6.223,0
APP-03546,0.6,0
APP-03547,1.392,1
APP-03548,0.063,1
APP-03549,3.168,1
APP-03550,0.293,0
APP-03551,0.074,1
APP-03552,0.177,1
APP-03553,0.112,1
APP-03554,0.064,1
APP-03555,4.143,0
APP-03556,0.28,0
APP-03557,0.676,1
APP-03558,9.765,0
APP-03559,0.11,0
APP-03560,0.088,1
APP-03561,3.76,1
APP-03562,0.117,1
APP-03563,0.196,1
APP-03564,0.114,1
APP-03565,0.134,0
APP-03566,11.497,1
APP-03567,0.124,0
APP-03568,0.162,1
APP-03569,0.348,1
APP-03570,0.193,1
APP-03571,0.245,1
APP-03572,0.159,0
APP-03573,0.143,1
APP-03574,4.585,1
APP-03575,0.063,1
APP-03576,0.212,1
APP-03577,7.298,0
APP-03578,4.008,1
APP-03579,0.276,1
APP-03580,0.064,1
APP-03581,2.607,1
APP-03582,0.077,1
APP-03583,0.133,1
APP-03584,9.29,1
APP-03585,0.102,1
APP-03586,0.369,1
APP-03587,11.797,1
APP-03588,0.12,0
APP-03589,0.129,1
APP-03590,0.089,1
APP-03591,10.671,0
APP-03592,0.106,1
APP-03593,4.376,1
APP-03594,0.164,1
APP-03595,0.143,1
APP-03596,9.643,0
APP-03597,0.085,0
APP-03598,0.154,1
APP-03599,0.08,1
APP-03600,0.266,0
APP-03601,0.067,1
APP-03602,0.223,1
APP-03603,0.108,1
APP-03604,10.45,0
APP-03605,0.426,0
APP-03606,10.18,0
APP-03607,0.132,1
APP-03608,0.18,1
APP-03609,9.079,1
APP-03610,8.221,0
APP-03611,0.036,1
APP-03612,0.144,1
APP-03613,0.362,1
APP-03614,0.09,1
APP-03615,0.119,1
APP-03616,5.922,1
APP-03617,0.461,1
APP-03618,0.077,1
APP-03619,0.139,1
APP-03620,6.497,0
APP-03621,0.403,0
APP-03622,2.994,1
APP-03623,4.834,1
APP-03624,0.205,1
APP-03625,0.136,0
APP-03626,0.6,1
APP-03627,0.046,1
APP-03628,0.058,1
APP-03629,0.35,1
APP-03630,0.152,1
APP-03631,0.218,1
APP-03632,0.26,0
APP-03633,6.619,1
APP-03634,10.164,1
APP-03635,0.263,0
APP-03636,0.161,1
APP-03637,0.265,1
APP-03638,6.794,1
APP-03639,13.493,0
APP-03640,0.27,1
APP-03641,0.109,1
APP-03642,0.175,1
APP-03643,7.937,0
APP-03644,0.154,0
APP-03645,7.151,0
APP-03646,0.172,1
APP-03647,0.165,1
APP-03648,12.366,0
APP-03649,0.211,1
APP-03650,0.338,1
APP-03651,0.133,0
APP-03652,9.939,0
APP-03653,7.755,0
APP-03654,0.177,1
APP-03655,0.293,1
APP-03656,0.2,1
APP-03657,0.061,0
APP-03658,7.434,0
APP-03659,4.735,1
APP-03660,9.267,0
APP-03661,0.084,1
APP-03662,0.185,1
APP-03663,0.106,1
APP-03664,0.158,1
APP-03665,0.116,0
APP-03666,0.105,1
APP-03667,6.169,1
APP-03668,0.113,1
APP-03669,8.349,0
APP-03670,0.152,1
APP-03671,9.296,0
APP-03672,0.195,0
APP-03673,0.28,0
APP-03674,0.25,0
APP-03675,0.072,0
APP-03676,8.419,1
APP-03677,6.613,1
APP-03678,0.322,1
APP-03679,8.543,0
APP-03680,0.16,0
APP-03681,0.235,1
APP-03682,0.074,1
APP-03683,0.082,1
APP-03684,8.919,0
APP-03685,0.087,1
APP-03686,0.298,1
APP-03687,5.01,1
APP-03688,0.208,0
APP-03689,0.622,1
APP-03690,0.296,0
APP-03691,0.139,1
APP-03692,0.118,1
APP-03693,0.161,1
APP-03694,0.415,1
APP-03695,0.157,1
APP-03696,0.186,1
APP-03697,0.175,1
APP-03698,0.293,1
APP-03699,0.111,1
APP-03700,0.186,0
APP-03701,0.119,1
APP-03702,0.094,1
APP-03703,0.145,1
APP-03704,0.123,1
APP-03705,0.549,0
APP-03706,0.157,0
APP-03707,0.143,1
APP-03708,0.123,1
APP-03709,0.153,1
APP-03710,0.368,0
APP-03711,0.031,1
APP-03712,0.112,0
APP-03713,0.15,1
APP-03714,9.364,0
APP-03715,0.171,1
APP-03716,0.166,1
APP-03717,5.306,0
APP-03718,0.241,1
APP-03719,5.34,1
APP-03720,12.823,0
APP-03721,5.773,0
APP-03722,0.251,1
APP-03723,0.174,1
APP-03724,0.083,1
APP-03725,0.212,0
APP-03726,0.406,1
APP-03727,0.348,0
APP-03728,1.854,0
APP-03729,0.131,1
APP-03730,0.135,1
APP-03731,0.189,1
APP-03732,7.797,1
APP-03733,0.25,1
APP-03734,0.102,1
APP-03735,0.05,1
APP-03736,0.099,1
APP-03737,0.157,1
APP-03738,0.15,0
APP-03739,0.11,1
APP-03740,0.079,1
APP-03741,0.105,1
APP-03742,0.065,1
APP-03743,5.143,0
APP-03744,0.099,1
APP-03745,0.11,1
APP-03746,0.264,0
APP-03747,0.327,1
APP-03748,0.056,1
APP-03749,6.691,1
APP-03750,0.082,1
APP-03751,0.253,1
APP-03752,0.437,1
APP-03753,0.082,1
APP-03754,0.059,1
APP-03755,0.16,0
APP-03756,6.979,1
APP-03757,0.325,0
APP-03758,0.137,1
APP-03759,0.194,1
APP-03760,0.048,0
APP-03761,0.272,1
APP-03762,0.108,0
APP-03763,8.182,0
APP-03764,0.899,1
APP-03765,0.201,1
APP-03766,7.476,0
APP-03767,8.214,1
APP-03768,0.058,1
APP-03769,1.182,0
APP-03770,0.089,1
APP-03771,0.075,0
APP-03772,0.253,0
APP-03773,0.152,0
APP-03774,7.104,0
APP-03775,0.178,1
APP-03776,0.045,0
APP-03777,0.137,1
APP-03778,0.184,0
APP-03779,0.063,1
APP-03780,0.175,1
APP-03781,6.09,0
APP-03782,0.12,1
APP-03783,0.148,0
APP-03784,0.169,1
APP-03785,0.107,0
APP-03786,0.274,1
APP-03787,5.308,0
APP-03788,0.329,0
APP-03789,0.222,1
APP-03790,0.103,0
APP-03791,0.238,1
APP-03792,0.115,0
APP-03793,10.772,0
APP-03794,0.328,1
APP-03795,4.128,1
APP-03796,0.156,1
APP-03797,0.102,1
APP-03798,11.525,0
APP-03799,0.08,1
APP-03800,0.113,0
APP-03801,3.65,1
APP-03802,0.171,0
APP-03803,0.104,1
APP-03804,10.452,0
APP-03805,6.498,0
APP-03806,0.274,0
APP-03807,0.101,0
APP-03808,0.113,1
APP-03809,0.265,1
APP-03810,0.182,1
APP-03811,0.321,1
APP-03812,0.125,1
APP-03813,0.144,0
APP-03814,0.389,1
APP-03815,0.059,1
APP-03816,0.273,1
APP-03817,0.159,1
APP-03818,0.075,1
APP-03819,7.945,0
APP-03820,0.031,0
APP-03821,0.245,1
APP-03822,6.281,1
APP-03823,0.193,0
APP-03824,0.195,1
APP-03825,9.269,0
APP-03826,4.994,0
APP-03827,0.138,0
APP-03828,0.471,1
APP-03829,0.291,0
APP-03830,13.182,0
APP-03831,4.558,0
APP-03832,6.29,0
APP-03833,0.339,1
APP-03834,0.16,0
APP-03835,0.128,1
APP-03836,0.285,1
APP-03837,0.316,1
APP-03838,0.142,0
APP-03839,0.35,1
APP-03840,7.495,0
APP-03841,0.089,1
APP-03842,0.056,1
APP-03843,2.171,0
APP-03844,0.252,0
APP-03845,0.124,1
APP-03846,0.315,1
APP-03847,0.068,0
APP-03848,11.445,0
APP-03849,0.142,0
APP-03850,6.518,0
APP-03851,0.204,1
APP-03852,0.101,0
APP-03853,0.079,0
APP-03854,0.111,1
APP-03855,0.265,1
APP-03856,0.045,1
APP-03857,0.248,0
APP-03858,0.043,1
APP-03859,0.171,1
APP-03860,0.159,1
APP-03861,0.125,0
APP-03862,0.113,1
APP-03863,0.264,0
APP-03864,0.265,1
APP-03865,0.107,1
APP-03866,1.69,1
APP-03867,4.975,0
APP-03868,7.463,0
APP-03869,0.168,1
APP-03870,2.285,1
APP-03871,0.126,1
APP-03872,5.828,1
APP-03873,0.047,1
APP-03874,0.131,0
APP-03875,2.443,0
APP-03876,0.225,1
APP-03877,0.116,1
APP-03878,0.6,1
APP-03879,0.188,1
APP-03880,0.114,1
APP-03881,0.145,0
APP-03882,3.351,0
APP-03883,2.464,1
APP-03884,0.111,1
APP-03885,0.184,0
APP-03886,5.633,1
APP-03887,3.643,0
APP-03888,0.278,1
APP-03889,3.514,0
APP-03890,3.437,1
APP-03891,0.254,1
APP-03892,6.592,1
APP-03893,0.239,0
APP-03894,0.1,1
APP-03895,10.508,0
APP-03896,7.782,1
APP-03897,6.813,1
APP-03898,0.073,0
APP-03899,0.265,1
APP-03900,1.811,0
APP-03901,0.15,1
APP-03902,0.391,1
APP-03903,0.116,1
APP-03904,0.224,0
APP-03905,3.902,0
APP-03906,0.089,1
APP-03907,0.096,0
APP-03908,6.389,1
APP-03909,0.181,0
APP-03910,0.08,0
APP-03911,6.349,1
APP-03912,0.226,1
APP-03913,0.104,0
APP-03914,8.321,1
APP-03915,8.8,0
APP-03916,0.346,0
APP-03917,0.127,1
APP-03918,2.753,1
APP-03919,0.407,1
APP-03920,0.236,1
APP-03921,0.213,0
APP-03922,0.6,0
APP-03923,0.399,1
APP-03924,7.168,1
APP-03925,0.229,0
APP-03926,0.083,1
APP-03927,3.311,0
APP-03928,0.29,1
APP-03929,0.147,1
APP-03930,0.153,1
APP-03931,0.136,0
APP-03932,0.516,1
APP-03933,0.128,0
APP-03934,0.187,1
APP-03935,4.725,1
APP-03936,2.75,1
APP-03937,13.0,0
APP-03938,0.139,1
APP-03939,5.745,1
APP-03940,5.254,1
APP-03941,0.185,0
APP-03942,0.229,0
APP-03943,0.081,1
APP-03944,0.101,1
APP-03945,0.119,1
APP-03946,0.064,1
APP-03947,0.212,0
APP-03948,0.077,0
APP-03949,0.128,1
APP-03950,0.032,0
APP-03951,0.591,1
APP-03952,0.15,0
APP-03953,0.104,1
APP-03954,0.094,0
APP-03955,0.221,1
APP-03956,0.209,1
APP-03957,0.081,1
APP-03958,0.133,1
APP-03959,4.187,0
APP-03960,0.061,1
APP-03961,0.149,1
APP-03962,10.229,0
APP-03963,0.182,1
APP-03964,5.573,0
APP-03965,10.184,0
APP-03966,7.109,1
APP-03967,0.093,0
APP-03968,0.167,1
APP-03969,11.502,1
APP-03970,0.168,1
APP-03971,0.358,1
APP-03972,5.273,0
APP-03973,0.434,1
APP-03974,0.094,1
APP-03975,0.26,1
APP-03976,0.114,0
APP-03977,0.049,1
APP-03978,0.169,1
APP-03979,0.146,1
APP-03980,0.132,1
APP-03981,0.157,1
APP-03982,0.242,1
APP-03983,0.126,1
APP-03984,0.125,1
APP-03985,0.234,1
APP-03986,0.078,1
APP-03987,0.126,1
APP-03988,7.072,0
APP-03989,0.276,1
APP-03990,0.132,1
APP-03991,6.483,1
APP-03992,3.751,0
APP-03993,4.86,1
APP-03994,8.268,0
APP-03995,0.103,1
APP-03996,0.097,1
APP-03997,0.071,1
APP-03998,0.544,1
APP-03999,0.125,1
APP-04000,9.5,0
APP-04001,3.991,1
APP-04002,0.124,0
APP-04003,0.35,1
APP-04004,5.309,0
APP-04005,9.659,1
APP-04006,0.361,1
APP-04007,0.075,1
APP-04008,0.242,1
APP-04009,0.176,1
APP-04010,0.379,1
APP-04011,10.18,0
APP-04012,8.369,0
APP-04013,0.161,0
APP-04014,0.143,1
APP-04015,0.352,1
APP-04016,3.735,0
APP-04017,0.102,1
APP-04018,9.217,1
APP-04019,5.306,1
APP-04020,0.092,0
APP-04021,0.093,1
APP-04022,0.204,0
APP-04023,0.191,1
APP-04024,0.106,0
APP-04025,0.166,1
APP-04026,0.087,0
APP-04027,3.992,0
APP-04028,0.303,1
APP-04029,0.237,1
APP-04030,0.086,0
APP-04031,0.12,1
APP-04032,5.411,1
APP-04033,0.1,1
APP-04034,0.301,1
APP-04035,8.177,1
APP-04036,0.102,1
APP-04037,0.134,1
APP-04038,14.452,1
APP-04039,0.254,0
APP-04040,6.656,0
APP-04041,5.127,1
APP-04042,0.312,0
APP-04043,0.255,1
APP-04044,0.13,0
APP-04045,8.617,0
APP-04046,0.188,1
APP-04047,0.164,0
APP-04048,5.624,0
APP-04049,0.105,1
APP-04050,5.298,1
APP-04051,0.271,1
APP-04052,0.167,1
APP-04053,0.6,1
APP-04054,0.297,0
APP-04055,4.033,1
APP-04056,0.094,1
APP-04057,10.174,0
APP-04058,0.243,1
APP-04059,0.194,1
APP-04060,0.17,0
APP-04061,0.149,1
APP-04062,1.777,1
APP-04063,0.097,1
APP-04064,0.25,0
APP-04065,8.755,0
APP-04066,6.473,1
APP-04067,0.06,1
APP-04068,0.085,1
APP-04069,0.121,0
APP-04070,0.117,1
APP-04071,12.063,1
APP-04072,0.116,0
APP-04073,0.13,0
APP-04074,0.6,1
APP-04075,0.374,0
APP-04076,0.147,1
APP-04077,5.957,0
APP-04078,0.092,1
APP-04079,14.162,0
APP-04080,0.073,0
APP-04081,6.523,0
APP-04082,0.06,0
APP-04083,0.086,1
APP-04084,0.126,1
APP-04085,8.123,0
APP-04086,3.212,1
APP-04087,3.254,0
APP-04088,0.204,1
APP-04089,9.158,0
APP-04090,0.078,1
APP-04091,4.118,0
APP-04092,0.045,1
APP-04093,4.626,0
APP-04094,0.272,0
APP-04095,2.752,0
APP-04096,0.284,0
APP-04097,0.151,1
APP-04098,9.335,0
APP-04099,0.6,1
APP-04100,0.238,1
APP-04101,0.107,1
APP-04102,9.196,1
APP-04103,0.228,0
APP-04104,0.205,1
APP-04105,0.226,1
APP-04106,0.14,1
APP-04107,0.11,1
APP-04108,6.627,0
APP-04109,0.125,1
APP-04110,0.172,1
APP-04111,0.201,1
APP-04112,0.188,1
APP-04113,0.182,1
APP-04114,0.062,1
APP-04115,0.238,1
APP-04116,0.173,1
APP-04117,0.13,1
APP-04118,0.269,0
APP-04119,3.383,1
APP-04120,0.149,1
APP-04121,7.987,0
APP-04122,0.218,1
APP-04123,0.073,0
APP-04124,5.935,0
APP-04125,0.241,0
APP-04126,0.135,1
APP-04127,0.6,1
APP-04128,0.115,0
APP-04129,0.208,1
APP-04130,10.407,0
APP-04131,0.655,1
APP-04132,0.681,1
APP-04133,0.074,1
APP-04134,10.428,0
APP-04135,0.091,1
APP-04136,0.124,1
APP-04137,7.913,0
APP-04138,0.209,0
APP-04139,6.563,1
APP-04140,0.229,1
APP-04141,0.208,1
APP-04142,0.209,0
APP-04143,0.189,1
APP-04144,0.155,0
APP-04145,11.711,0
APP-04146,0.078,1
APP-04147,0.109,1
APP-04148,0.092,1
APP-04149,0.12,0
APP-04150,5.02,0
APP-04151,3.736,1
APP-04152,0.129,1
APP-04153,8.87,0
APP-04154,9.447,0
APP-04155,0.081,1
APP-04156,0.06,1
APP-04157,0.16,1
APP-04158,0.061,1
APP-04159,0.131,1
APP-04160,0.305,0
APP-04161,0.124,1
APP-04162,4.986,1
APP-04163,6.958,0
APP-04164,0.09,1
APP-04165,4.843,1
APP-04166,0.15,1
APP-04167,10.659,1
APP-04168,0.119,1
APP-04169,3.998,1
APP-04170,0.188,1
APP-04171,1.497,0
APP-04172,0.223,1
APP-04173,0.113,1
APP-04174,0.125,0
APP-04175,9.088,0
APP-04176,0.15,0
APP-04177,0.1,1
APP-04178,0.049,1
APP-04179,0.142,0
APP-04180,0.141,0
APP-04181,9.884,0
APP-04182,0.205,1
APP-04183,0.474,0
APP-04184,6.069,0
APP-04185,0.157,0
APP-04186,4.199,1
APP-04187,0.161,1
APP-04188,0.27,0
APP-04189,0.147,0
APP-04190,0.068,1
APP-04191,0.119,0
APP-04192,0.071,1
APP-04193,10.237,1
APP-04194,0.238,0
APP-04195,0.089,1
APP-04196,0.095,1
APP-04197,7.876,1
APP-04198,0.163,1
APP-04199,0.237,1
APP-04200,6.357,1
APP-04201,4.028,0
APP-04202,0.207,1
APP-04203,4.211,0
APP-04204,0.424,1
APP-04205,12.188,0
APP-04206,3.622,1
APP-04207,0.087,1
APP-04208,0.107,1
APP-04209,0.066,1
APP-04210,0.092,0
APP-04211,0.105,1
APP-04212,0.192,1
APP-04213,0.115,1
APP-04214,10.965,1
APP-04215,4.877,0
APP-04216,0.125,1
APP-04217,9.367,0
APP-04218,0.144,1
APP-04219,6.938,0
APP-04220,0.169,1
APP-04221,0.16,1
APP-04222,4.246,0
APP-04223,0.18,0
APP-04224,0.142,1
APP-04225,0.111,0
APP-04226,7.253,0
APP-04227,0.251,0
APP-04228,4.07,0
APP-04229,3.616,1
APP-04230,0.1,1
APP-04231,0.21,0
APP-04232,0.054,1
APP-04233,0.074,1
APP-04234,7.576,0
APP-04235,0.287,1
APP-04236,5.417,0
APP-04237,0.119,1
APP-04238,0.086,1
APP-04239,0.126,1
APP-04240,0.182,1
APP-04241,0.172,1
APP-04242,1.838,1
APP-04243,6.601,0
APP-04244,0.342,1
APP-04245,0.242,0
APP-04246,0.149,0
APP-04247,7.694,0
APP-04248,0.127,1
APP-04249,0.105,1
APP-04250,0.042,1
APP-04251,0.456,1
APP-04252,0.155,1
APP-04253,6.994,1
APP-04254,0.267,0
APP-04255,0.108,1
APP-04256,0.175,1
APP-04257,0.147,1
APP-04258,0.122,0
APP-04259,0.093,1
APP-04260,0.359,1
APP-04261,6.886,0
APP-04262,0.177,1
APP-04263,0.129,1
APP-04264,0.203,1
APP-04265,4.715,0
APP-04266,0.224,1
APP-04267,0.36,1
APP-04268,0.14,0
APP-04269,0.212,1
APP-04270,12.238,1
APP-04271,0.51,1
APP-04272,0.246,1
APP-04273,0.114,1
APP-04274,0.272,1
APP-04275,2.106,1
APP-04276,0.545,0
APP-04277,0.081,1
APP-04278,0.135,1
APP-04279,0.107,1
APP-04280,0.126,0
APP-04281,5.847,0
APP-04282,0.194,0
APP-04283,0.241,1
APP-04284,0.189,0
APP-04285,0.071,1
APP-04286,9.267,0
APP-04287,0.162,0
APP-04288,6.473,1
APP-04289,0.086,1
APP-04290,0.169,1
APP-04291,0.148,1
APP-04292,0.069,1
APP-04293,4.847,0
APP-04294,0.482,1
APP-04295,8.093,0
APP-04296,0.205,1
APP-04297,7.934,0
APP-04298,0.149,1
APP-04299,0.176,1
APP-04300,0.299,0
APP-04301,0.164,1
APP-04302,0.189,1
APP-04303,0.106,1
APP-04304,0.21,1
APP-04305,0.128,1
APP-04306,0.071,0
APP-04307,0.109,1
APP-04308,0.144,1
APP-04309,7.217,0
APP-04310,0.234,1
APP-04311,8.785,0
APP-04312,0.139,1
APP-04313,0.187,0
APP-04314,0.21,1
APP-04315,0.326,1
APP-04316,6.586,1
APP-04317,0.2,0
APP-04318,10.6,0
APP-04319,0.185,1
APP-04320,5.028,0
APP-04321,0.368,1
APP-04322,5.632,0
APP-04323,0.322,1
APP-04324,0.196,1
APP-04325,0.107,1
APP-04326,0.165,0
APP-04327,0.108,1
APP-04328,0.227,1
APP-04329,0.068,1
APP-04330,0.074,0
APP-04331,0.227,1
APP-04332,0.069,1
APP-04333,15.323,0
APP-04334,0.162,1
APP-04335,0.081,0
APP-04336,0.32,0
APP-04337,0.174,1
APP-04338,0.187,1
APP-04339,0.114,1
APP-04340,8.247,0
APP-04341,7.538,1
APP-04342,0.075,0
APP-04343,0.268,1
APP-04344,0.349,1
APP-04345,0.31,1
APP-04346,0.278,1
APP-04347,6.375,0
APP-04348,0.435,1
APP-04349,0.088,1
APP-04350,0.169,0
APP-04351,0.161,0
APP-04352,6.878,1
APP-04353,0.28,1
APP-04354,8.219,0
APP-04355,0.153,0
APP-04356,0.109,1
APP-04357,0.177,1
APP-04358,0.12,1
APP-04359,19.185,0
APP-04360,5.915,0
APP-04361,0.209,1
APP-04362,0.073,1
APP-04363,5.192,1
APP-04364,3.224,0
APP-04365,0.068,1
APP-04366,0.183,1
APP-04367,0.094,1
APP-04368,0.094,0
APP-04369,4.369,0
APP-04370,0.23,1
APP-04371,0.206,1
APP-04372,0.172,0
APP-04373,14.502,1
APP-04374,0.254,1
APP-04375,0.233,1
APP-04376,0.16,1
APP-04377,5.745,1
APP-04378,5.242,1
APP-04379,0.103,1
APP-04380,4.839,0
APP-04381,0.468,1
APP-04382,0.146,1
APP-04383,0.586,1
APP-04384,0.176,0
APP-04385,0.141,1
APP-04386,0.103,1
APP-04387,0.273,0
APP-04388,4.86,0
APP-04389,4.22,0
APP-04390,0.08,1
APP-04391,0.097,0
APP-04392,0.112,1
APP-04393,0.157,0
APP-04394,5.338,0
APP-04395,0.123,1
APP-04396,4.529,0
APP-04397,4.519,1
APP-04398,0.163,1
APP-04399,0.096,1
APP-04400,0.072,1
APP-04401,6.749,1
APP-04402,0.205,1
APP-04403,0.126,0
APP-04404,0.18,1
APP-04405,0.143,1
APP-04406,0.256,1
APP-04407,0.155,1
APP-04408,0.256,1
APP-04409,0.336,1
APP-04410,0.114,0
APP-04411,4.423,1
APP-04412,0.121,1
APP-04413,7.825,0
APP-04414,0.101,1
APP-04415,0.109,0
APP-04416,0.159,1
APP-04417,0.137,1
APP-04418,1.244,1
APP-04419,0.126,0
APP-04420,0.127,1
APP-04421,0.195,1
APP-04422,0.053,1
APP-04423,0.184,0
APP-04424,4.998,0
APP-04425,0.243,1
APP-04426,0.135,1
APP-04427,3.139,1
APP-04428,0.302,1
APP-04429,5.961,0
APP-04430,8.164,1
APP-04431,6.964,0
APP-04432,0.178,1
APP-04433,0.135,0
APP-04434,0.109,0
APP-04435,10.886,1
APP-04436,0.1,1
APP-04437,0.164,0
APP-04438,5.385,0
APP-04439,5.741,1
APP-04440,7.632,0
APP-04441,5.652,1
APP-04442,0.199,0
APP-04443,0.196,1
APP-04444,0.129,1
APP-04445,0.151,1
APP-04446,3.636,0
APP-04447,0.084,0
APP-04448,0.124,0
APP-04449,0.063,0
APP-04450,0.214,1
APP-04451,5.813,1
APP-04452,0.262,1
APP-04453,0.057,1
APP-04454,0.275,0
APP-04455,3.24,1
APP-04456,0.288,0
APP-04457,0.165,1
APP-04458,11.906,1
APP-04459,0.6,1
APP-04460,0.045,1
APP-04461,0.128,1
APP-04462,9.176,1
APP-04463,0.182,1
APP-04464,0.097,1
APP-04465,0.236,1
APP-04466,0.14,1
APP-04467,7.191,0
APP-04468,0.092,0
APP-04469,0.6,1
APP-04470,4.216,1
APP-04471,0.118,1
APP-04472,0.15,1
APP-04473,0.226,0
APP-04474,0.196,1
APP-04475,10.144,0
APP-04476,0.116,1
APP-04477,0.15,1
APP-04478,0.138,1
APP-04479,5.243,0
APP-04480,0.057,1
APP-04481,0.231,1
APP-04482,9.659,1
APP-04483,0.045,1
APP-04484,0.157,0
APP-04485,0.68,1
APP-04486,0.125,1
APP-04487,0.2,1
APP-04488,5.488,0
APP-04489,5.516,1
APP-04490,6.522,1
APP-04491,0.218,1
APP-04492,0.173,0
APP-04493,0.312,1
APP-04494,0.092,0
APP-04495,0.281,1
APP-04496,0.346,1
APP-04497,0.289,1
APP-04498,0.192,1
APP-04499,0.126,1
APP-04500,0.27,0
APP-04501,0.339,1
APP-04502,0.091,1
APP-04503,9.042,1
APP-04504,4.33,0
APP-04505,0.061,1
APP-04506,7.467,0
APP-04507,0.124,1
APP-04508,9.275,1
APP-04509,2.348,1
APP-04510,0.153,1
APP-04511,0.075,1
APP-04512,0.089,1
APP-04513,0.225,0
APP-04514,0.112,1
APP-04515,0.126,1
APP-04516,0.057,1
APP-04517,0.161,1
APP-04518,0.163,1
APP-04519,0.169,1
APP-04520,0.163,1
APP-04521,0.186,0
APP-04522,0.156,0
APP-04523,3.849,0
APP-04524,4.896,0
APP-04525,0.262,1
APP-04526,3.178,0
APP-04527,0.243,1
APP-04528,0.339,0
APP-04529,0.291,1
APP-04530,0.141,1
APP-04531,8.996,0
APP-04532,0.122,1
APP-04533,0.163,1
APP-04534,0.304,0
APP-04535,0.233,0
APP-04536,0.189,1
APP-04537,0.181,1
APP-04538,0.066,1
APP-04539,0.128,0
APP-04540,0.089,0
APP-04541,0.418,1
APP-04542,0.53,1
APP-04543,0.182,1
APP-04544,0.087,1
APP-04545,6.265,1
APP-04546,0.367,0
APP-04547,7.354,0
APP-04548,7.605,0
APP-04549,0.054,0
APP-04550,0.15,1
APP-04551,9.065,1
APP-04552,0.509,1
APP-04553,0.235,1
APP-04554,2.855,0
APP-04555,14.648,0
APP-04556,0.121,1
APP-04557,0.091,1
APP-04558,6.928,0
APP-04559,0.486,0
APP-04560,3.233,0
APP-04561,0.153,1
APP-04562,7.895,0
APP-04563,5.453,0
APP-04564,0.118,1
APP-04565,10.426,1
APP-04566,0.143,1
APP-04567,10.672,0
APP-04568,0.213,1
APP-04569,0.125,0
APP-04570,0.05,0
APP-04571,0.192,1
APP-04572,0.473,1
APP-04573,0.525,1
APP-04574,0.212,1
APP-04575,5.406,0
APP-04576,0.225,1
APP-04577,0.174,1
APP-04578,4.075,1
APP-04579,0.16,0
APP-04580,0.11,1
APP-04581,0.23,1
APP-04582,0.171,0
APP-04583,0.688,1
APP-04584,6.917,1
APP-04585,0.144,1
APP-04586,0.203,0
APP-04587,5.242,0
APP-04588,0.289,1
APP-04589,0.077,1
APP-04590,4.338,0
APP-04591,6.215,1
APP-04592,0.05,1
APP-04593,4.831,0
APP-04594,0.09,1
APP-04595,6.693,1
APP-04596,6.133,0
APP-04597,0.252,1
APP-04598,0.069,1
APP-04599,0.268,1
APP-04600,0.287,1
APP-04601,1.649,1
APP-04602,0.096,1
APP-04603,0.145,1
APP-04604,0.177,1
APP-04605,6.204,1
APP-04606,0.096,1
APP-04607,0.201,0
APP-04608,5.801,1
APP-04609,5.493,0
APP-04610,0.281,0
APP-04611,0.448,1
APP-04612,0.116,1
APP-04613,0.164,1
APP-04614,0.043,1
APP-04615,0.176,1
APP-04616,0.408,1
APP-04617,0.074,1
APP-04618,0.097,1
APP-04619,7.363,0
APP-04620,0.087,1
APP-04621,0.074,1
APP-04622,0.117,1
APP-04623,0.214,1
APP-04624,8.551,0
APP-04625,0.111,1
APP-04626,0.126,1
APP-04627,0.128,1
APP-04628,0.083,0
APP-04629,0.241,0
APP-04630,0.078,1
APP-04631,0.08,1
APP-04632,0.064,0
APP-04633,0.186,1
APP-04634,0.324,1
APP-04635,0.051,1
APP-04636,0.292,1
APP-04637,0.118,1
APP-04638,10.304,0
APP-04639,4.461,0
APP-04640,7.237,0
APP-04641,0.163,1
APP-04642,0.219,1
APP-04643,5.491,1
APP-04644,0.214,1
APP-04645,0.358,0
APP-04646,7.54,1
APP-04647,7.98,0
APP-04648,0.056,1
APP-04649,0.077,0
APP-04650,0.215,1
APP-04651,0.091,1
APP-04652,10.328,0
APP-04653,0.13,1
APP-04654,0.117,1
APP-04655,9.398,0
APP-04656,0.239,1
APP-04657,0.6,1
APP-04658,0.231,1
APP-04659,0.082,0
APP-04660,7.23,1
APP-04661,0.097,1
APP-04662,0.148,0
APP-04663,7.674,1
APP-04664,0.134,0
APP-04665,0.103,1
APP-04666,0.171,1
APP-04667,0.089,1
APP-04668,0.146,1
APP-04669,0.053,0
APP-04670,4.153,0
APP-04671,0.057,0
APP-04672,0.199,0
APP-04673,9.026,0
APP-04674,9.105,0
APP-04675,3.644,1
APP-04676,0.232,0
APP-04677,0.073,0
APP-04678,0.155,1
APP-04679,0.739,0
APP-04680,0.193,1
APP-04681,8.064,0
APP-04682,10.116,0
APP-04683,0.868,1
APP-04684,0.112,0
APP-04685,0.157,0
APP-04686,0.241,0
APP-04687,11.108,1
APP-04688,0.108,0
APP-04689,8.895,1
APP-04690,0.462,1
APP-04691,8.818,1
APP-04692,5.763,0
APP-04693,7.205,1
APP-04694,0.231,1
APP-04695,0.122,1
APP-04696,0.153,1
APP-04697,0.24,1
APP-04698,6.95,1
APP-04699,0.107,1
APP-04700,0.25,1
APP-04701,0.069,1
APP-04702,10.741,1
APP-04703,0.121,1
APP-04704,0.291,1
APP-04705,0.158,1
APP-04706,0.168,0
APP-04707,0.07,1
APP-04708,0.2,1
APP-04709,9.595,1
APP-04710,0.352,1
APP-04711,0.1,0
APP-04712,0.064,0
APP-04713,0.198,1
APP-04714,0.117,1
APP-04715,0.12,1
APP-04716,13.018,0
APP-04717,0.194,0
APP-04718,0.396,0
APP-04719,0.114,1
APP-04720,0.382,1
APP-04721,11.253,1
APP-04722,9.179,0
APP-04723,0.072,1
APP-04724,9.083,1
APP-04725,0.298,0
APP-04726,0.251,0
APP-04727,10.51,0
APP-04728,0.066,1
APP-04729,7.213,1
APP-04730,0.209,1
APP-04731,0.164,1
APP-04732,4.427,0
APP-04733,0.067,1
APP-04734,12.744,1
APP-04735,0.183,1
APP-04736,0.157,1
APP-04737,0.185,0
APP-04738,4.41,1
APP-04739,3.022,0
APP-04740,5.95,0
APP-04741,8.7,0
APP-04742,0.273,1
APP-04743,0.12,1
APP-04744,0.21,1
APP-04745,0.223,1
APP-04746,0.118,0
APP-04747,0.336,1
APP-04748,0.185,0
APP-04749,2.574,1
APP-04750,0.293,1
APP-04751,0.097,1
APP-04752,0.226,1
APP-04753,0.097,1
APP-04754,2.636,1
APP-04755,0.22,1
APP-04756,0.142,1
APP-04757,6.343,1
APP-04758,0.074,1
APP-04759,0.162,1
APP-04760,0.074,1
APP-04761,0.284,0
APP-04762,0.181,1
APP-04763,0.078,0
APP-04764,0.074,1
APP-04765,0.133,0
APP-04766,0.07,0
APP-04767,4.306,0
APP-04768,0.171,1
APP-04769,4.9,1
APP-04770,0.132,1
APP-04771,6.375,0
APP-04772,5.31,0
APP-04773,3.977,1
APP-04774,7.013,0
APP-04775,6.287,1
APP-04776,0.123,1
APP-04777,0.084,1
APP-04778,0.092,1
APP-04779,3.745,0
APP-04780,9.944,0
APP-04781,0.238,1
APP-04782,7.53,1
APP-04783,0.215,1
APP-04784,0.162,1
APP-04785,0.125,0
APP-04786,0.1,1
APP-04787,0.055,0
APP-04788,0.184,0
APP-04789,0.258,1
APP-04790,0.125,1
APP-04791,0.103,1
APP-04792,6.126,1
APP-04793,0.256,1
APP-04794,0.162,1
APP-04795,0.168,0
APP-04796,0.135,1
APP-04797,0.203,0
APP-04798,0.185,1
APP-04799,8.537,1
APP-04800,0.174,1
APP-04801,0.205,1
APP-04802,0.106,1
APP-04803,0.122,1
APP-04804,0.179,1
APP-04805,0.146,0
APP-04806,2.348,1
APP-04807,0.316,0
APP-04808,0.08,0
APP-04809,7.157,0
APP-04810,9.812,1
APP-04811,0.232,0
APP-04812,0.097,1
APP-04813,0.158,0
APP-04814,0.119,0
APP-04815,0.275,1
APP-04816,0.226,1
APP-04817,0.117,1
APP-04818,0.127,1
APP-04819,4.211,1
APP-04820,4.883,1
APP-04821,4.411,0
APP-04822,8.368,0
APP-04823,0.201,0
APP-04824,0.186,1
APP-04825,6.421,0
APP-04826,8.546,0
APP-04827,8.841,1
APP-04828,5.275,1
APP-04829,3.189,0
APP-04830,0.488,1
APP-04831,0.139,1
APP-04832,0.107,0
APP-04833,0.16,0
APP-04834,0.167,0
APP-04835,6.854,1
APP-04836,0.275,1
APP-04837,0.297,1
APP-04838,0.161,0
APP-04839,6.764,0
APP-04840,8.425,1
APP-04841,0.6,0
APP-04842,7.134,0
APP-04843,8.23,1
APP-04844,0.28,0
APP-04845,0.109,0
APP-04846,0.252,1
APP-04847,0.131,1
APP-04848,0.159,1
APP-04849,0.157,0
APP-04850,3.697,0
APP-04851,0.164,0
APP-04852,0.109,1
APP-04853,0.075,1
APP-04854,0.243,1
APP-04855,0.125,1
APP-04856,0.071,1
APP-04857,0.078,1
APP-04858,5.79,0
APP-04859,0.138,1
APP-04860,0.722,1
APP-04861,0.111,1
APP-04862,0.06,1
APP-04863,0.242,1
APP-04864,0.125,1
APP-04865,8.058,0
APP-04866,6.99,1
APP-04867,0.091,0
APP-04868,0.224,1
APP-04869,4.635,1
APP-04870,0.625,0
APP-04871,0.081,0
APP-04872,0.199,0
APP-04873,0.141,0
APP-04874,4.779,1
APP-04875,15.969,0
APP-04876,0.096,1
APP-04877,0.152,1
APP-04878,9.154,0
APP-04879,0.095,0
APP-04880,0.154,0
APP-04881,0.057,1
APP-04882,0.078,1
APP-04883,0.093,0
APP-04884,0.145,1
APP-04885,0.196,1
APP-04886,0.05,1
APP-04887,10.342,0
APP-04888,0.147,1
APP-04889,0.162,1
APP-04890,1.705,1
APP-04891,0.157,1
APP-04892,0.199,0
APP-04893,0.074,1
APP-04894,0.216,1
APP-04895,0.327,0
APP-04896,15.461,1
APP-04897,0.157,0
APP-04898,0.104,0
APP-04899,0.1,0
APP-04900,0.303,0
APP-04901,0.119,1
APP-04902,8.372,0
APP-04903,0.188,0
APP-04904,0.145,1
APP-04905,5.197,0
APP-04906,0.278,0
APP-04907,8.595,1
APP-04908,0.116,1
APP-04909,9.953,1
APP-04910,0.074,1
APP-04911,0.135,1
APP-04912,0.153,1
APP-04913,0.135,1
APP-04914,0.345,0
APP-04915,6.5,0
APP-04916,0.222,1
APP-04917,0.102,1
APP-04918,0.366,1
APP-04919,0.207,1
APP-04920,0.126,1
APP-04921,0.117,1
APP-04922,0.045,1
APP-04923,0.12,1
APP-04924,0.235,0
APP-04925,0.167,0
APP-04926,0.206,1
APP-04927,5.428,0
APP-04928,0.328,0
APP-04929,0.059,1
APP-04930,0.207,1
APP-04931,0.077,0
APP-04932,0.052,0
APP-04933,1.044,1
APP-04934,7.202,0
APP-04935,7.102,1
APP-04936,0.129,1
APP-04937,10.705,0
APP-04938,0.087,1
APP-04939,0.063,0
APP-04940,0.283,1
APP-04941,4.52,0
APP-04942,0.072,0
APP-04943,0.114,1
APP-04944,0.057,1
APP-04945,11.118,1
APP-04946,6.912,0
APP-04947,0.134,1
APP-04948,0.056,1
APP-04949,0.157,1
APP-04950,0.203,1
APP-04951,0.111,1
APP-04952,0.182,1
APP-04953,0.255,1
APP-04954,7.318,1
APP-04955,7.019,0
APP-04956,7.355,0
APP-04957,0.086,1
APP-04958,2.861,0
APP-04959,6.482,1
APP-04960,0.178,1
APP-04961,0.121,1
APP-04962,0.443,1
APP-04963,0.113,1
APP-04964,0.173,1
APP-04965,8.693,1
APP-04966,8.801,0
APP-04967,8.098,0
APP-04968,0.231,0
APP-04969,9.764,1
APP-04970,3.845,1
APP-04971,0.088,0
APP-04972,7.673,0
APP-04973,0.063,1
APP-04974,0.418,1
APP-04975,9.659,1
APP-04976,7.929,0
APP-04977,0.172,0
APP-04978,0.097,1
APP-04979,0.14,1
APP-04980,10.687,0
APP-04981,0.306,1
APP-04982,0.974,0
APP-04983,0.137,0
APP-04984,0.196,1
APP-04985,0.061,1
APP-04986,0.246,0
APP-04987,0.293,0
APP-04988,0.091,0
APP-04989,2.813,0
APP-04990,7.707,0
APP-04991,14.324,1
APP-04992,0.062,1
APP-04993,0.103,1
APP-04994,0.168,1
APP-04995,0.227,1
APP-04996,0.139,1
APP-04997,0.116,1
APP-04998,0.151,1
APP-04999,0.152,0
APP-05000,0.074,1
APP-05001,8.367,0
APP-05002,0.212,0
APP-05003,0.095,0
APP-05004,0.225,1
APP-05005,0.107,0
APP-05006,0.124,1
APP-05007,0.097,0
APP-05008,7.339,0
APP-05009,0.236,1
APP-05010,10.79,0
APP-05011,0.377,0
APP-05012,0.455,1
APP-05013,0.281,1
APP-05014,0.043,0
APP-05015,0.117,1
APP-05016,7.346,1
APP-05017,0.108,0
APP-05018,0.07,1
APP-05019,0.317,1
APP-05020,0.067,0
APP-05021,0.107,1
APP-05022,0.071,1
APP-05023,0.088,1
APP-05024,0.072,0
APP-05025,0.549,1
APP-05026,0.083,0
APP-05027,0.137,1
APP-05028,2.176,1
APP-05029,0.348,1
APP-05030,3.595,0
APP-05031,6.702,0
APP-05032,0.058,1
APP-05033,0.165,0
APP-05034,0.087,1
APP-05035,0.187,1
APP-05036,0.106,1
APP-05037,7.76,0
APP-05038,0.17,1
APP-05039,0.314,0
APP-05040,0.2,1
APP-05041,3.534,0
APP-05042,0.248,1
APP-05043,0.051,0
APP-05044,1.972,1
APP-05045,5.765,0
APP-05046,0.524,1
APP-05047,0.159,1
APP-05048,0.176,1
APP-05049,0.376,1
APP-05050,0.099,0
APP-05051,0.151,0
APP-05052,4.99,0
APP-05053,0.163,0
APP-05054,0.156,0
APP-05055,1.766,0
APP-05056,0.048,1
APP-05057,0.201,1
APP-05058,7.043,0
APP-05059,0.322,1
APP-05060,0.145,1
APP-05061,0.114,0
APP-05062,0.406,1
APP-05063,7.495,1
APP-05064,0.191,1
APP-05065,0.203,1
APP-05066,9.199,1
APP-05067,0.174,0
APP-05068,0.12,0
APP-05069,0.493,1
APP-05070,0.215,1
APP-05071,0.177,0
APP-05072,0.156,0
APP-05073,0.218,0
APP-05074,5.009,1
APP-05075,0.175,0
APP-05076,0.065,1
APP-05077,0.145,1
APP-05078,0.117,1
APP-05079,0.161,1
APP-05080,5.019,1
APP-05081,0.111,0
APP-05082,0.082,0
APP-05083,0.027,1
APP-05084,0.173,1
APP-05085,0.162,0
APP-05086,0.126,1
APP-05087,0.474,1
APP-05088,1.682,0
APP-05089,2.708,1
APP-05090,8.294,0
APP-05091,0.219,0
APP-05092,0.191,0
APP-05093,0.108,0
APP-05094,0.052,0
APP-05095,0.061,1
APP-05096,0.049,0
APP-05097,0.096,1
APP-05098,0.397,0
APP-05099,0.13,1
APP-05100,0.102,1
APP-05101,5.296,0
APP-05102,0.095,1
APP-05103,8.612,0
APP-05104,0.081,0
APP-05105,0.297,0
APP-05106,6.828,0
APP-05107,0.222,1
APP-05108,12.365,0
APP-05109,0.091,0
APP-05110,0.173,0
APP-05111,0.104,1
APP-05112,0.136,1
APP-05113,0.195,1
APP-05114,0.095,0
APP-05115,0.277,0
APP-05116,0.135,0
APP-05117,0.256,1
APP-05118,9.952,1
APP-05119,0.078,0
APP-05120,0.303,1
APP-05121,0.39,1
APP-05122,0.582,1
APP-05123,0.235,1
APP-05124,0.257,1
APP-05125,0.442,1
APP-05126,0.149,0
APP-05127,1.695,1
APP-05128,5.832,0
APP-05129,6.116,0
APP-05130,7.893,0
APP-05131,0.083,1
APP-05132,0.16,1
APP-05133,0.107,1
APP-05134,0.138,1
APP-05135,9.143,0
APP-05136,0.209,1
APP-05137,0.11,1
APP-05138,10.491,0
APP-05139,0.14,1
APP-05140,0.123,1
APP-05141,0.148,1
APP-05142,0.105,0
APP-05143,0.189,1
APP-05144,0.378,0
APP-05145,0.156,1
APP-05146,4.325,1
APP-05147,0.341,1
APP-05148,0.446,1
APP-05149,0.176,1
APP-05150,0.078,1
APP-05151,6.038,0
APP-05152,5.982,1
APP-05153,0.102,1
APP-05154,0.129,1
APP-05155,0.078,1
APP-05156,5.492,0
APP-05157,12.187,0
APP-05158,2.123,1
APP-05159,0.6,1
APP-05160,0.277,1
APP-05161,0.19,1
APP-05162,11.833,0
APP-05163,0.067,1
APP-05164,0.196,1
APP-05165,6.216,1
APP-05166,0.07,1
APP-05167,8.683,0
APP-05168,10.423,1
APP-05169,4.524,0
APP-05170,0.146,1
APP-05171,0.143,1
APP-05172,0.121,1
APP-05173,0.051,1
APP-05174,0.22,0
APP-05175,4.993,1
APP-05176,0.117,1
APP-05177,0.08,0
APP-05178,0.163,1
APP-05179,0.158,1
APP-05180,0.345,1
APP-05181,3.021,1
APP-05182,0.118,1
APP-05183,9.432,0
APP-05184,0.418,1
APP-05185,0.262,0
APP-05186,7.553,0
APP-05187,0.187,1
APP-05188,8.411,0
APP-05189,5.859,0
APP-05190,0.151,1
APP-05191,0.216,0
APP-05192,0.121,1
APP-05193,11.725,0
APP-05194,5.743,1
APP-05195,0.153,1
APP-05196,0.408,0
APP-05197,8.305,1
APP-05198,8.155,0
APP-05199,5.649,0
APP-05200,0.195,0
APP-05201,0.203,1
APP-05202,4.042,0
APP-05203,0.08,0
APP-05204,10.688,1
APP-05205,7.614,0
APP-05206,0.076,1
APP-05207,0.252,1
APP-05208,6.555,1
APP-05209,0.174,1
APP-05210,8.064,0
APP-05211,10.122,0
APP-05212,0.152,1
APP-05213,3.99,1
APP-05214,0.204,1
APP-05215,0.182,1
APP-05216,0.252,1
APP-05217,0.171,1
APP-05218,0.26,1
APP-05219,0.479,1
APP-05220,0.183,0
APP-05221,0.152,1
APP-05222,5.291,0
APP-05223,0.196,1
APP-05224,7.736,0
APP-05225,0.176,1
APP-05226,5.385,1
APP-05227,2.765,1
APP-05228,0.12,0
APP-05229,0.091,0
APP-05230,0.166,1
APP-05231,0.058,0
APP-05232,0.164,1
APP-05233,0.1,0
APP-05234,0.222,1
APP-05235,5.284,1
APP-05236,0.237,1
APP-05237,0.078,1
APP-05238,4.362,1
APP-05239,7.351,1
APP-05240,0.32,0
APP-05241,10.837,0
APP-05242,0.6,1
APP-05243,0.085,1
APP-05244,7.528,0
APP-05245,0.074,1
APP-05246,0.155,1
APP-05247,7.983,1
APP-05248,0.105,0
APP-05249,0.165,1
APP-05250,0.093,1
APP-05251,0.397,1
APP-05252,3.839,0
APP-05253,1.071,0
APP-05254,0.324,1
APP-05255,5.531,0
APP-05256,0.552,1
APP-05257,0.159,0
APP-05258,0.271,1
APP-05259,0.109,1
APP-05260,4.262,1
APP-05261,0.06,0
APP-05262,4.824,0
APP-05263,0.093,1
APP-05264,0.265,1
APP-05265,0.139,1
APP-05266,0.222,0
APP-05267,5.828,1
APP-05268,2.342,0
APP-05269,2.744,1
APP-05270,0.102,0
APP-05271,0.09,1
APP-05272,0.071,0
APP-05273,0.072,1
APP-05274,0.07,1
APP-05275,0.173,0
APP-05276,0.106,1
APP-05277,0.278,0
APP-05278,0.174,1
APP-05279,0.187,1
APP-05280,5.804,0
APP-05281,0.277,0
APP-05282,5.362,0
APP-05283,6.636,1
APP-05284,0.298,1
APP-05285,0.124,0
APP-05286,0.108,0
APP-05287,0.091,0
APP-05288,9.365,0
APP-05289,0.059,1
APP-05290,0.083,0
APP-05291,8.291,0
APP-05292,0.075,1
APP-05293,0.08,1
APP-05294,0.109,1
APP-05295,0.053,1
APP-05296,0.187,1
APP-05297,7.215,0
APP-05298,0.077,0
APP-05299,0.23,0
APP-05300,0.218,1
APP-05301,0.298,1
APP-05302,6.014,0
APP-05303,7.588,0
APP-05304,5.644,0
APP-05305,10.204,1
APP-05306,0.462,1
APP-05307,0.127,1
APP-05308,0.177,1
APP-05309,0.188,1
APP-05310,0.118,1
APP-05311,0.147,1
APP-05312,0.221,0
APP-05313,0.119,0
APP-05314,9.231,1
APP-05315,0.142,1
APP-05316,0.165,0
APP-05317,5.95,1
APP-05318,0.14,1
APP-05319,0.156,0
APP-05320,10.53,1
APP-05321,0.402,1
APP-05322,0.131,1
APP-05323,0.107,1
APP-05324,0.121,0
APP-05325,7.659,0
APP-05326,4.414,0
APP-05327,0.15,1
APP-05328,0.146,0
APP-05329,0.073,1
APP-05330,0.132,0
APP-05331,3.523,0
APP-05332,0.157,1
APP-05333,0.248,1
APP-05334,3.022,0
APP-05335,0.165,0
APP-05336,0.357,0
APP-05337,9.248,0
APP-05338,0.122,0
APP-05339,0.061,1
APP-05340,6.483,1
APP-05341,0.08,0
APP-05342,5.436,1
APP-05343,0.138,1
APP-05344,0.159,0
APP-05345,0.194,1
APP-05346,0.079,1
APP-05347,0.161,1
APP-05348,12.224,0
APP-05349,0.39,1
APP-05350,11.004,0
APP-05351,0.459,1
APP-05352,0.241,1
APP-05353,0.186,0
APP-05354,3.343,0
APP-05355,0.107,1
APP-05356,0.15,0
APP-05357,0.134,0
APP-05358,0.38,1
APP-05359,8.666,1
APP-05360,0.19,1
APP-05361,0.203,1
APP-05362,7.066,0
APP-05363,0.069,0
APP-05364,0.087,1
APP-05365,0.157,0
APP-05366,0.125,1
APP-05367,0.136,0
APP-05368,8.357,0
APP-05369,0.068,0
APP-05370,0.136,1
APP-05371,0.047,1
APP-05372,5.425,0
APP-05373,3.047,1
APP-05374,0.095,1
APP-05375,0.136,0
APP-05376,0.112,1
APP-05377,0.341,1
APP-05378,8.578,0
APP-05379,0.448,0
APP-05380,0.271,0
APP-05381,0.276,1
APP-05382,0.06,0
APP-05383,0.09,1
APP-05384,6.679,1
APP-05385,3.39,1
APP-05386,0.335,0
APP-05387,0.056,1
APP-05388,0.121,1
APP-05389,7.888,0
APP-05390,6.901,0
APP-05391,0.096,1
APP-05392,5.59,0
APP-05393,0.215,1
APP-05394,0.104,1
APP-05395,0.17,1
APP-05396,0.175,1
APP-05397,0.091,1
APP-05398,0.13,1
APP-05399,0.134,1
APP-05400,0.135,1
APP-05401,7.065,0
APP-05402,0.096,1
APP-05403,0.165,0
APP-05404,0.302,0
APP-05405,0.106,1
APP-05406,0.182,0
APP-05407,7.656,0
APP-05408,0.252,1
APP-05409,0.057,1
APP-05410,0.101,1
APP-05411,7.186,0
APP-05412,0.223,0
APP-05413,0.11,1
APP-05414,3.891,0
APP-05415,0.104,0
APP-05416,0.021,1
APP-05417,0.127,0
APP-05418,7.099,1
APP-05419,0.05,1
APP-05420,6.397,0
APP-05421,0.12,1
APP-05422,0.166,1
APP-05423,0.083,0
APP-05424,0.163,1
APP-05425,0.209,1
APP-05426,0.199,1
APP-05427,0.1,1
APP-05428,6.632,0
APP-05429,9.079,0
APP-05430,4.807,1
APP-05431,2.734,1
APP-05432,0.249,1
APP-05433,4.303,1
APP-05434,12.392,0
APP-05435,0.13,1
APP-05436,0.376,1
APP-05437,0.075,1
APP-05438,0.147,1
APP-05439,0.047,1
APP-05440,0.128,1
APP-05441,0.186,1
APP-05442,1.3,1
APP-05443,0.161,1
APP-05444,11.014,1
APP-05445,0.174,0
APP-05446,0.279,1
APP-05447,0.062,0
APP-05448,2.403,1
APP-05449,0.088,0
APP-05450,0.185,0
APP-05451,7.09,0
APP-05452,0.1,1
APP-05453,3.544,1
APP-05454,0.117,0
APP-05455,0.272,1
APP-05456,9.438,1
APP-05457,0.098,1
APP-05458,6.336,0
APP-05459,0.315,0
APP-05460,0.219,0
APP-05461,0.082,0
APP-05462,0.11,1
APP-05463,0.181,1
APP-05464,7.546,1
APP-05465,5.752,1
APP-05466,2.068,0
APP-05467,4.539,1
APP-05468,0.182,1
APP-05469,5.606,0
APP-05470,0.14,1
APP-05471,0.177,1
APP-05472,0.248,1
APP-05473,0.234,1
APP-05474,0.148,1
APP-05475,0.088,1
APP-05476,0.138,0
APP-05477,0.246,0
APP-05478,0.16,0
APP-05479,0.074,0
APP-05480,0.098,1
APP-05481,0.05,0
APP-05482,0.167,1
APP-05483,4.599,0
APP-05484,0.18,1
APP-05485,0.129,1
APP-05486,0.06,1
APP-05487,0.6,0
APP-05488,0.176,0
APP-05489,0.147,1
APP-05490,0.062,1
APP-05491,0.301,1
APP-05492,0.082,1
APP-05493,0.059,1
APP-05494,0.078,1
APP-05495,0.099,0
APP-05496,0.435,1
APP-05497,11.689,0
APP-05498,0.107,1
APP-05499,6.368,1
APP-05500,0.108,1
APP-05501,6.076,0
APP-05502,3.256,1
APP-05503,0.114,1
APP-05504,0.115,0
APP-05505,0.054,0
APP-05506,6.163,0
APP-05507,0.163,1
APP-05508,0.237,1
APP-05509,0.288,1
APP-05510,0.266,1
APP-05511,0.165,1
APP-05512,4.635,1
APP-05513,7.354,0
APP-05514,0.239,1
APP-05515,0.081,0
APP-05516,4.623,0
APP-05517,0.192,1
APP-05518,0.105,1
APP-05519,6.157,0
APP-05520,0.099,1
APP-05521,6.498,0
APP-05522,0.324,1
APP-05523,7.773,0
APP-05524,0.109,1
APP-05525,0.183,1
APP-05526,0.174,1
APP-05527,0.114,1
APP-05528,0.116,1
APP-05529,0.14,0
APP-05530,9.667,0
APP-05531,0.085,0
APP-05532,0.12,0
APP-05533,0.071,0
APP-05534,0.064,1
APP-05535,8.756,1
APP-05536,0.095,1
APP-05537,0.095,1
APP-05538,0.066,1
APP-05539,0.132,0
APP-05540,7.687,0
APP-05541,2.552,1
APP-05542,6.877,0
APP-05543,9.951,0
APP-05544,0.22,1
APP-05545,0.199,1
APP-05546,0.105,1
APP-05547,0.067,1
APP-05548,7.427,0
APP-05549,0.271,1
APP-05550,6.714,1
APP-05551,0.059,1
APP-05552,3.519,1
APP-05553,1.49,1
APP-05554,0.53,1
APP-05555,0.228,1
APP-05556,0.6,1
APP-05557,0.117,1
APP-05558,0.295,1
APP-05559,0.127,1
APP-05560,0.059,0
APP-05561,0.069,0
APP-05562,0.139,1
APP-05563,4.732,1
APP-05564,0.14,1
APP-05565,0.117,0
APP-05566,0.132,1
APP-05567,0.198,1
APP-05568,0.106,1
APP-05569,0.072,1
APP-05570,7.317,0
APP-05571,10.031,1
APP-05572,3.676,0
APP-05573,3.958,0
APP-05574,1.1,1
APP-05575,0.082,1
APP-05576,0.042,1
APP-05577,0.338,1
APP-05578,0.062,0
APP-05579,0.164,0
APP-05580,0.13,1
APP-05581,0.161,0
APP-05582,0.119,1
APP-05583,0.13,1
APP-05584,0.401,1
APP-05585,0.137,1
APP-05586,0.181,1
APP-05587,6.541,1
APP-05588,0.083,1
APP-05589,0.158,1
APP-05590,0.102,1
APP-05591,0.129,0
APP-05592,0.101,1
APP-05593,6.341,0
APP-05594,0.124,1
APP-05595,0.177,1
APP-05596,0.3,1
APP-05597,0.305,1
APP-05598,0.13,1
APP-05599,0.16,1
APP-05600,0.094,1
APP-05601,0.17,0
APP-05602,1.98,1
APP-05603,0.312,0
APP-05604,0.199,1
APP-05605,0.243,0
APP-05606,0.068,1
APP-05607,0.437,0
APP-05608,0.266,1
APP-05609,0.135,0
APP-05610,0.215,0
APP-05611,0.142,1
APP-05612,0.073,1
APP-05613,0.194,0
APP-05614,0.386,0
APP-05615,0.162,1
APP-05616,0.069,1
APP-05617,0.173,0
APP-05618,0.189,1
APP-05619,0.131,1
APP-05620,0.062,0
APP-05621,3.787,1
APP-05622,5.229,1
APP-05623,0.143,1
APP-05624,0.051,1
APP-05625,0.525,0
APP-05626,0.199,1
APP-05627,0.138,0
APP-05628,0.101,1
APP-05629,0.211,0
APP-05630,0.148,1
APP-05631,0.056,0
APP-05632,0.146,1
APP-05633,2.599,0
APP-05634,0.059,1
APP-05635,2.867,0
APP-05636,3.533,0
APP-05637,0.158,1
APP-05638,0.114,1
APP-05639,0.144,0
APP-05640,0.08,0
APP-05641,0.228,1
APP-05642,0.131,1
APP-05643,0.219,1
APP-05644,0.231,1
APP-05645,0.097,0
APP-05646,5.381,0
APP-05647,0.104,1
APP-05648,0.106,0
APP-05649,0.029,0
APP-05650,0.242,0
APP-05651,0.144,1
APP-05652,0.048,1
APP-05653,0.088,1
APP-05654,0.247,1
APP-05655,0.122,1
APP-05656,0.216,0
APP-05657,0.177,1
APP-05658,0.261,1
APP-05659,0.058,0
APP-05660,1.089,1
APP-05661,0.222,0
APP-05662,0.161,0
APP-05663,0.276,0
APP-05664,0.084,1
APP-05665,0.259,1
APP-05666,0.45,1
APP-05667,6.98,0
APP-05668,0.189,1
APP-05669,4.796,1
APP-05670,0.063,1
APP-05671,0.174,0
APP-05672,0.089,0
APP-05673,0.062,0
APP-05674,0.093,1
APP-05675,0.217,0
APP-05676,5.053,0
APP-05677,5.643,1
APP-05678,8.932,0
APP-05679,0.184,0
APP-05680,0.187,0
APP-05681,4.174,1
APP-05682,0.114,0
APP-05683,0.365,0
APP-05684,0.178,0
APP-05685,0.22,1
APP-05686,0.128,0
APP-05687,5.487,0
APP-05688,7.123,1
APP-05689,0.127,0
APP-05690,0.154,0
APP-05691,5.092,0
APP-05692,0.151,1
APP-05693,4.374,0
APP-05694,0.158,1
APP-05695,0.139,1
APP-05696,0.1,1
APP-05697,1.385,0
APP-05698,0.115,0
APP-05699,8.23,1
APP-05700,0.088,1
APP-05701,0.106,0
APP-05702,0.111,1
APP-05703,0.21,1
APP-05704,0.07,0
APP-05705,0.117,1
APP-05706,0.194,1
APP-05707,0.177,0
APP-05708,3.696,1
APP-05709,0.075,1
APP-05710,0.092,1
APP-05711,2.907,1
APP-05712,0.075,1
APP-05713,0.365,1
APP-05714,0.304,1
APP-05715,0.153,1
APP-05716,0.129,1
APP-05717,0.428,1
APP-05718,0.118,0
APP-05719,0.196,1
APP-05720,0.206,1
APP-05721,3.576,0
APP-05722,0.075,1
APP-05723,0.127,0
APP-05724,0.14,0
APP-05725,0.169,1
APP-05726,0.139,1
APP-05727,9.05,0
APP-05728,0.238,0
APP-05729,0.106,0
APP-05730,0.133,1
APP-05731,6.898,1
APP-05732,0.274,1
APP-05733,0.287,0
APP-05734,4.941,0
APP-05735,0.157,1
APP-05736,0.188,1
APP-05737,0.282,1
APP-05738,0.171,0
APP-05739,0.092,1
APP-05740,0.043,1
APP-05741,0.118,1
APP-05742,0.083,0
APP-05743,7.168,0
APP-05744,6.585,0
APP-05745,0.151,1
APP-05746,0.6,1
APP-05747,0.123,1
APP-05748,6.967,0
APP-05749,0.275,1
APP-05750,0.449,1
APP-05751,0.153,1
APP-05752,8.133,0
APP-05753,0.163,1
APP-05754,0.124,1
APP-05755,0.302,0
APP-05756,0.066,0
APP-05757,0.162,1
APP-05758,0.087,0
APP-05759,0.138,0
APP-05760,0.184,1
APP-05761,0.109,1
APP-05762,0.197,1
APP-05763,0.098,1
APP-05764,0.122,1
APP-05765,0.113,1
APP-05766,0.177,1
APP-05767,0.304,0
APP-05768,7.948,1
APP-05769,0.198,1
APP-05770,0.214,0
APP-05771,8.966,0
APP-05772,0.195,1
APP-05773,9.559,0
APP-05774,0.411,1
APP-05775,0.059,1
APP-05776,0.166,1
APP-05777,0.171,1
APP-05778,10.602,0
APP-05779,0.101,0
APP-05780,2.771,1
APP-05781,0.07,1
APP-05782,0.137,0
APP-05783,0.225,0
APP-05784,11.864,0
APP-05785,0.15,1
APP-05786,0.197,0
APP-05787,0.108,0
APP-05788,0.104,0
APP-05789,0.081,1
APP-05790,4.105,1
APP-05791,0.093,1
APP-05792,0.209,1
APP-05793,4.834,0
APP-05794,0.195,0
APP-05795,7.657,1
APP-05796,0.109,0
APP-05797,0.104,1
APP-05798,0.263,0
APP-05799,6.698,0
APP-05800,0.115,1
APP-05801,7.311,0
APP-05802,0.078,1
APP-05803,0.039,1
APP-05804,0.213,1
APP-05805,2.095,0
APP-05806,0.051,0
APP-05807,0.164,1
APP-05808,0.297,1
APP-05809,0.079,1
APP-05810,0.12,1
APP-05811,0.365,1
APP-05812,7.865,0
APP-05813,0.1,1
APP-05814,4.923,1
APP-05815,0.122,1
APP-05816,0.214,1
APP-05817,0.263,0
APP-05818,0.099,0
APP-05819,0.128,1
APP-05820,0.115,1
APP-05821,0.266,1
APP-05822,0.092,0
APP-05823,0.133,1
APP-05824,7.605,0
APP-05825,0.211,1
APP-05826,4.734,0
APP-05827,1.694,0
APP-05828,6.345,1
APP-05829,0.111,1
APP-05830,0.124,0
APP-05831,5.781,1
APP-05832,10.144,0
APP-05833,0.096,1
APP-05834,6.089,0
APP-05835,0.151,1
APP-05836,0.044,1
APP-05837,0.052,1
APP-05838,9.127,0
APP-05839,0.216,1
APP-05840,0.46,1
APP-05841,2.089,1
APP-05842,6.296,1
APP-05843,0.174,0
APP-05844,6.0,0
APP-05845,0.257,1
APP-05846,0.262,1
APP-05847,0.24,0
APP-05848,0.242,1
APP-05849,8.924,0
APP-05850,0.078,1
APP-05851,0.055,1
APP-05852,0.123,1
APP-05853,0.195,1
APP-05854,0.075,0
APP-05855,0.209,1
APP-05856,6.616,1
APP-05857,0.051,1
APP-05858,0.319,1
APP-05859,0.111,1
APP-05860,7.908,0
APP-05861,0.18,0
APP-05862,0.26,1
APP-05863,0.072,0
APP-05864,0.204,1
APP-05865,0.156,0
APP-05866,0.108,0
APP-05867,5.092,1
APP-05868,8.372,1
APP-05869,0.189,1
APP-05870,7.947,1
APP-05871,7.742,0
APP-05872,0.055,1
APP-05873,0.117,0
APP-05874,8.628,0
APP-05875,0.122,0
APP-05876,7.528,0
APP-05877,0.155,1
APP-05878,0.447,1
APP-05879,0.537,0
APP-05880,0.051,0
APP-05881,5.312,0
APP-05882,0.231,0
APP-05883,12.196,0
APP-05884,4.874,0
APP-05885,0.111,1
APP-05886,0.122,1
APP-05887,0.135,1
APP-05888,0.257,0
APP-05889,0.291,1
APP-05890,6.298,1
APP-05891,0.138,1
APP-05892,0.15,1
APP-05893,0.087,1
APP-05894,6.075,1
APP-05895,6.573,0
APP-05896,0.262,1
APP-05897,0.067,1
APP-05898,7.557,1
APP-05899,0.146,1
APP-05900,0.093,0
APP-05901,0.097,0
APP-05902,5.384,0
APP-05903,0.232,1
APP-05904,5.192,1
APP-05905,6.624,0
APP-05906,5.793,1
APP-05907,0.142,1
APP-05908,6.099,0
APP-05909,0.258,1
APP-05910,0.044,1
APP-05911,1.123,1
APP-05912,0.078,0
APP-05913,7.159,0
APP-05914,0.084,0
APP-05915,0.14,1
APP-05916,0.095,1
APP-05917,0.104,1
APP-05918,0.116,1
APP-05919,5.908,0
APP-05920,0.06,1
APP-05921,6.113,0
APP-05922,0.288,1
APP-05923,0.238,1
APP-05924,0.079,1
APP-05925,4.286,0
APP-05926,13.163,0
APP-05927,0.394,0
APP-05928,9.701,0
APP-05929,0.216,1
APP-05930,11.418,0
APP-05931,0.266,1
APP-05932,0.091,1
APP-05933,0.262,0
APP-05934,0.185,1
APP-05935,0.108,1
APP-05936,0.075,1
APP-05937,0.27,1
APP-05938,0.096,0
APP-05939,0.209,0
APP-05940,0.164,1
APP-05941,0.184,0
APP-05942,8.594,0
APP-05943,0.099,1
APP-05944,0.198,1
APP-05945,0.222,1
APP-05946,0.039,1
APP-05947,6.304,0
APP-05948,0.239,1
APP-05949,0.149,0
APP-05950,0.063,0
APP-05951,11.814,0
APP-05952,0.188,1
APP-05953,0.14,1
APP-05954,0.6,0
APP-05955,0.129,0
APP-05956,0.131,0
APP-05957,10.243,0
APP-05958,9.363,1
APP-05959,0.191,1
APP-05960,0.133,1
APP-05961,9.023,0
APP-05962,0.117,1
APP-05963,5.626,0
APP-05964,8.491,1
APP-05965,2.889,0
APP-05966,0.126,1
APP-05967,0.6,1
APP-05968,0.313,1
APP-05969,0.09,0
APP-05970,0.094,1
APP-05971,0.12,1
APP-05972,0.113,1
APP-05973,0.197,1
APP-05974,0.117,0
APP-05975,0.101,1
APP-05976,0.212,1
APP-05977,0.132,1
APP-05978,10.116,1
APP-05979,4.846,1
APP-05980,0.288,0
APP-05981,0.127,0
APP-05982,0.156,0
APP-05983,0.062,1
APP-05984,0.163,1
APP-05985,0.147,1
APP-05986,0.535,1
APP-05987,10.048,0
APP-05988,0.193,1
APP-05989,5.419,0
APP-05990,0.124,0
APP-05991,6.781,0
APP-05992,0.113,1
APP-05993,0.225,1
APP-05994,0.301,1
APP-05995,0.055,0
APP-05996,0.152,1
APP-05997,5.161,1
APP-05998,0.109,0
APP-05999,0.134,1
APP-06000,0.216,1
APP-06001,9.506,0
APP-06002,0.046,0
APP-06003,0.127,1
APP-06004,0.179,1
APP-06005,0.064,1
APP-06006,0.136,0
APP-06007,0.114,1
APP-06008,0.2,1
APP-06009,6.441,0
APP-06010,0.173,1
APP-06011,6.369,0
APP-06012,0.069,1
APP-06013,4.337,1
APP-06014,0.123,1
APP-06015,4.172,1
APP-06016,0.33,1
APP-06017,0.323,1
APP-06018,0.156,1
APP-06019,0.174,0
APP-06020,0.182,1
APP-06021,6.3,1
APP-06022,0.103,1
APP-06023,0.138,1
APP-06024,8.408,0
APP-06025,0.37,1
APP-06026,0.283,0
APP-06027,10.229,0
APP-06028,0.08,1
APP-06029,0.177,1
APP-06030,0.114,0
APP-06031,0.073,1
APP-06032,7.745,1
APP-06033,0.154,1
APP-06034,0.121,0
APP-06035,7.383,0
APP-06036,0.126,1
APP-06037,0.237,1
APP-06038,0.186,1
APP-06039,0.136,0
APP-06040,0.105,1
APP-06041,8.608,0
APP-06042,0.078,0
APP-06043,8.907,0
APP-06044,0.194,1
APP-06045,0.307,0
APP-06046,7.043,0
APP-06047,0.207,1
APP-06048,0.178,1
APP-06049,0.378,1
APP-06050,6.307,0
APP-06051,0.073,1
APP-06052,0.082,1
APP-06053,0.112,0
APP-06054,0.742,1
APP-06055,1.143,1
APP-06056,0.164,1
APP-06057,0.178,1
APP-06058,9.999,0
APP-06059,0.068,1
APP-06060,0.137,0
APP-06061,0.14,1
APP-06062,0.26,1
APP-06063,0.085,0
APP-06064,0.057,1
APP-06065,11.531,0
APP-06066,0.13,1
APP-06067,8.349,0
APP-06068,0.6,1
APP-06069,0.6,1
APP-06070,0.069,1
APP-06071,7.714,0
APP-06072,0.087,1
APP-06073,0.347,1
APP-06074,9.039,1
APP-06075,0.189,1
APP-06076,0.346,0
APP-06077,8.088,0
APP-06078,0.31,1
APP-06079,0.182,1
APP-06080,9.869,1
APP-06081,7.376,0
APP-06082,7.87,0
APP-06083,2.643,1
APP-06084,7.955,1
APP-06085,4.573,0
APP-06086,0.286,1
APP-06087,0.103,0
APP-06088,4.805,0
APP-06089,0.17,1
APP-06090,0.097,1
APP-06091,6.233,0
APP-06092,0.092,1
APP-06093,0.266,1
APP-06094,7.454,0
APP-06095,0.095,0
APP-06096,0.078,1
APP-06097,5.227,0
APP-06098,0.085,1
APP-06099,5.106,1
APP-06100,0.337,0
APP-06101,0.109,0
APP-06102,0.252,1
APP-06103,8.541,1
APP-06104,2.917,1
APP-06105,0.26,1
APP-06106,0.14,1
APP-06107,0.183,1
APP-06108,0.247,1
APP-06109,0.163,1
APP-06110,0.142,1
APP-06111,0.102,1
APP-06112,0.175,1
APP-06113,0.12,1
APP-06114,0.141,1
APP-06115,8.188,0
APP-06116,10.941,0
APP-06117,0.166,0
APP-06118,0.112,0
APP-06119,10.489,0
APP-06120,6.176,1
APP-06121,0.086,1
APP-06122,0.201,1
APP-06123,6.993,1
APP-06124,3.328,1
APP-06125,6.505,1
APP-06126,6.929,0
APP-06127,0.095,0
APP-06128,0.281,1
APP-06129,0.062,0
APP-06130,12.086,1
APP-06131,0.174,1
APP-06132,5.2,0
APP-06133,0.208,0
APP-06134,0.156,1
APP-06135,0.213,1
APP-06136,0.046,1
APP-06137,0.103,1
APP-06138,0.28,1
APP-06139,0.561,1
APP-06140,0.138,1
APP-06141,0.206,0
APP-06142,13.073,0
APP-06143,0.077,0
APP-06144,0.352,1
APP-06145,0.13,1
APP-06146,0.096,0
APP-06147,0.251,1
APP-06148,0.242,0
APP-06149,0.229,1
APP-06150,7.981,1
APP-06151,0.151,0
APP-06152,0.119,1
APP-06153,0.077,1
APP-06154,0.107,1
APP-06155,0.226,1
APP-06156,0.406,1
APP-06157,0.137,1
APP-06158,0.335,1
APP-06159,3.791,1
APP-06160,0.275,1
APP-06161,5.206,1
APP-06162,6.42,0
APP-06163,8.262,1
APP-06164,0.113,1
APP-06165,0.102,1
APP-06166,0.144,1
APP-06167,0.143,1
APP-06168,0.408,1
APP-06169,0.6,1
APP-06170,0.055,0
APP-06171,0.154,1
APP-06172,0.099,1
APP-06173,5.515,0
APP-06174,0.295,1
APP-06175,0.457,0
APP-06176,0.354,1
APP-06177,0.062,1
APP-06178,3.361,0
APP-06179,0.144,1
APP-06180,10.186,1
APP-06181,0.053,0
APP-06182,0.282,1
APP-06183,0.23,0
APP-06184,6.57,0
APP-06185,0.057,1
APP-06186,0.057,1
APP-06187,0.406,1
APP-06188,0.187,1
APP-06189,4.343,0
APP-06190,0.189,1
APP-06191,0.223,1
APP-06192,0.11,1
APP-06193,0.088,0
APP-06194,0.089,0
APP-06195,2.992,1
APP-06196,0.104,0
APP-06197,0.145,1
APP-06198,2.534,0
APP-06199,0.265,0
APP-06200,0.225,0
APP-06201,0.225,1
APP-06202,0.117,1
APP-06203,8.643,1
APP-06204,0.158,1
APP-06205,0.113,1
APP-06206,5.878,0
APP-06207,0.114,0
APP-06208,0.121,1
APP-06209,0.171,1
APP-06210,6.153,1
APP-06211,3.965,1
APP-06212,0.749,1
APP-06213,3.912,1
APP-06214,5.276,1
APP-06215,6.726,1
APP-06216,4.242,1
APP-06217,0.392,1
APP-06218,0.268,1
APP-06219,0.061,1
APP-06220,0.233,0
APP-06221,0.124,1
APP-06222,7.276,0
APP-06223,15.136,0
APP-06224,0.046,0
APP-06225,0.214,0
APP-06226,0.062,0
APP-06227,4.93,0
APP-06228,0.025,1
APP-06229,9.051,0
APP-06230,0.152,1
APP-06231,0.118,1
APP-06232,0.167,0
APP-06233,0.108,1
APP-06234,0.239,1
APP-06235,0.078,1
APP-06236,0.216,1
APP-06237,0.204,1
APP-06238,0.178,1
APP-06239,0.072,0
APP-06240,0.6,0
APP-06241,0.28,1
APP-06242,0.207,1
APP-06243,0.141,1
APP-06244,0.082,1
APP-06245,6.441,1
APP-06246,0.165,0
APP-06247,0.127,1
APP-06248,3.388,1
APP-06249,7.171,0
APP-06250,11.245,0
APP-06251,0.076,1
APP-06252,0.279,0
APP-06253,0.154,1
APP-06254,2.253,1
APP-06255,0.222,0
APP-06256,0.086,1
APP-06257,0.167,1
APP-06258,0.389,1
APP-06259,0.085,0
APP-06260,0.197,1
APP-06261,11.781,0
APP-06262,0.204,1
APP-06263,0.179,1
APP-06264,0.138,1
APP-06265,0.232,1
APP-06266,5.122,0
APP-06267,0.051,1
APP-06268,0.25,1
APP-06269,0.423,1
APP-06270,0.15,1
APP-06271,0.37,0
APP-06272,0.081,1
APP-06273,6.995,0
APP-06274,0.077,0
APP-06275,0.055,1
APP-06276,0.178,1
APP-06277,14.284,0
APP-06278,0.197,1
APP-06279,0.118,1
APP-06280,0.145,1
APP-06281,2.475,1
APP-06282,0.081,0
APP-06283,0.203,1
APP-06284,2.75,0
APP-06285,7.329,0
APP-06286,5.993,1
APP-06287,0.198,0
APP-06288,0.37,1
APP-06289,0.354,1
APP-06290,0.168,1
APP-06291,0.292,1
APP-06292,0.155,0
APP-06293,0.201,1
APP-06294,0.181,1
APP-06295,0.315,1
APP-06296,0.177,1
APP-06297,2.21,0
APP-06298,0.13,1
APP-06299,0.167,1
APP-06300,0.395,1
APP-06301,4.648,0
APP-06302,7.194,0
APP-06303,0.087,1
APP-06304,0.104,1
APP-06305,7.479,0
APP-06306,0.132,1
APP-06307,0.304,1
APP-06308,0.064,1
APP-06309,0.114,0
APP-06310,11.898,0
APP-06311,0.158,0
APP-06312,0.388,1
APP-06313,0.079,0
APP-06314,0.131,1
APP-06315,0.309,1
APP-06316,0.075,1
APP-06317,0.131,1
APP-06318,0.053,0
APP-06319,0.134,1
APP-06320,0.08,1
APP-06321,0.106,1
APP-06322,0.304,1
APP-06323,0.093,1
APP-06324,0.191,0
APP-06325,0.081,1
APP-06326,4.306,1
APP-06327,0.255,0
APP-06328,7.453,1
APP-06329,14.707,0
APP-06330,0.213,1
APP-06331,0.048,1
APP-06332,12.653,0
APP-06333,4.05,0
APP-06334,0.127,0
APP-06335,0.17,0
APP-06336,0.199,1
APP-06337,0.137,1
APP-06338,4.898,0
APP-06339,0.141,1
APP-06340,0.147,0
APP-06341,0.611,1
APP-06342,0.152,1
APP-06343,0.298,1
APP-06344,0.074,1
APP-06345,8.27,1
APP-06346,8.331,1
APP-06347,0.126,1
APP-06348,0.108,0
APP-06349,0.418,0
APP-06350,8.365,1
APP-06351,7.06,1
APP-06352,0.124,1
APP-06353,0.19,1
APP-06354,0.09,1
APP-06355,0.188,1
APP-06356,3.26,1
APP-06357,9.545,0
APP-06358,0.103,1
APP-06359,8.689,1
APP-06360,0.103,1
APP-06361,4.51,1
APP-06362,0.176,1
APP-06363,0.086,1
APP-06364,0.314,0
APP-06365,0.198,1
APP-06366,0.088,1
APP-06367,0.057,1
APP-06368,0.122,1
APP-06369,0.101,1
APP-06370,0.15,0
APP-06371,0.103,0
APP-06372,0.131,1
APP-06373,0.105,1
APP-06374,0.228,1
APP-06375,0.176,1
APP-06376,0.129,1
APP-06377,0.132,1
APP-06378,8.21,0
APP-06379,0.174,1
APP-06380,0.192,1
APP-06381,0.258,1
APP-06382,0.246,1
APP-06383,0.181,1
APP-06384,7.81,0
APP-06385,0.183,1
APP-06386,0.295,1
APP-06387,0.142,1
APP-06388,0.143,1
APP-06389,8.056,0
APP-06390,0.069,1
APP-06391,0.113,1
APP-06392,4.861,0
APP-06393,8.28,1
APP-06394,0.424,0
APP-06395,4.79,0
APP-06396,0.082,1
APP-06397,0.099,1
APP-06398,0.199,0
APP-06399,0.107,1
APP-06400,0.177,1
APP-06401,5.302,1
APP-06402,0.124,1
APP-06403,0.388,1
APP-06404,0.31,1
APP-06405,0.062,1
APP-06406,0.096,1
APP-06407,0.15,1
APP-06408,0.112,1
APP-06409,0.147,1
APP-06410,0.072,1
APP-06411,6.285,0
APP-06412,9.498,1
APP-06413,0.047,0
APP-06414,12.579,0
APP-06415,0.074,1
APP-06416,8.335,1
APP-06417,0.172,1
APP-06418,0.108,1
APP-06419,0.309,1
APP-06420,8.923,0
APP-06421,0.146,1
APP-06422,5.339,1
APP-06423,0.531,0
APP-06424,0.118,0
APP-06425,0.154,1
APP-06426,0.121,1
APP-06427,0.119,1
APP-06428,6.449,1
APP-06429,0.215,1
APP-06430,0.157,1
APP-06431,3.7,0
APP-06432,0.243,1
APP-06433,7.872,1
APP-06434,0.126,1
APP-06435,0.087,1
APP-06436,0.104,1
APP-06437,0.141,1
APP-06438,0.095,0
APP-06439,0.215,1
APP-06440,0.076,1
APP-06441,0.126,0
APP-06442,0.109,1
APP-06443,8.748,1
APP-06444,7.498,0
APP-06445,0.095,1
APP-06446,7.833,1
APP-06447,0.244,0
APP-06448,0.093,1
APP-06449,0.19,1
APP-06450,0.58,1
APP-06451,5.875,0
APP-06452,0.263,1
APP-06453,0.071,1
APP-06454,0.118,1
APP-06455,8.302,1
APP-06456,0.155,1
APP-06457,0.153,1
APP-06458,0.217,1
APP-06459,0.305,0
APP-06460,6.655,0
APP-06461,5.369,0
APP-06462,8.022,1
APP-06463,0.6,0
APP-06464,0.546,1
APP-06465,0.114,1
APP-06466,0.35,1
APP-06467,0.248,1
APP-06468,0.2,1
APP-06469,0.126,1
APP-06470,0.146,1
APP-06471,5.418,0
APP-06472,0.103,1
APP-06473,0.185,0
APP-06474,0.262,1
APP-06475,0.117,1
APP-06476,0.372,1
APP-06477,0.18,1
APP-06478,8.366,0
APP-06479,4.645,0
APP-06480,9.367,1
APP-06481,6.879,1
APP-06482,0.12,1
APP-06483,0.157,1
APP-06484,0.215,0
APP-06485,2.461,0
APP-06486,0.242,1
APP-06487,10.263,0
APP-06488,0.104,1
APP-06489,0.05,0
APP-06490,0.188,0
APP-06491,0.124,0
APP-06492,0.13,1
APP-06493,0.248,0
APP-06494,0.155,1
APP-06495,0.057,1
APP-06496,0.053,1
APP-06497,4.01,0
APP-06498,0.061,1
APP-06499,3.133,1
APP-06500,0.207,0
APP-06501,0.134,1
APP-06502,0.156,1
APP-06503,0.206,0
APP-06504,9.057,0
APP-06505,0.241,1
APP-06506,0.13,0
APP-06507,0.142,0
APP-06508,0.14,1
APP-06509,2.703,0
APP-06510,7.049,1
APP-06511,0.146,1
APP-06512,0.123,1
APP-06513,0.6,1
APP-06514,0.135,1
APP-06515,0.221,1
APP-06516,0.08,1
APP-06517,2.086,1
APP-06518,0.424,1
APP-06519,0.37,1
APP-06520,3.783,0
APP-06521,0.183,1
APP-06522,4.52,0
APP-06523,0.177,1
APP-06524,0.251,1
APP-06525,0.19,1
APP-06526,0.202,0
APP-06527,0.162,0
APP-06528,0.137,0
APP-06529,0.109,1
APP-06530,0.298,1
APP-06531,0.093,1
APP-06532,0.125,1
APP-06533,0.162,1
APP-06534,6.195,0
APP-06535,0.145,1
APP-06536,0.109,1
APP-06537,8.194,1
APP-06538,0.4,1
APP-06539,0.228,1
APP-06540,0.152,0
APP-06541,0.145,0
APP-06542,4.589,0
APP-06543,0.233,0
APP-06544,7.635,0
APP-06545,0.101,0
APP-06546,0.119,1
APP-06547,2.602,1
APP-06548,0.094,0
APP-06549,0.209,0
APP-06550,3.844,1
APP-06551,0.351,1
APP-06552,0.164,0
APP-06553,0.058,1
APP-06554,0.261,0
APP-06555,0.228,1
APP-06556,8.614,0
APP-06557,0.205,0
APP-06558,0.111,1
APP-06559,0.392,1
APP-06560,0.295,0
APP-06561,0.1,1
APP-06562,0.071,1
APP-06563,0.397,1
APP-06564,15.913,1
APP-06565,0.075,0
APP-06566,5.612,1
APP-06567,8.973,0
APP-06568,5.373,0
APP-06569,8.901,1
APP-06570,0.252,1
APP-06571,0.069,1
APP-06572,0.134,1
APP-06573,0.181,1
APP-06574,0.104,1
APP-06575,0.187,0
APP-06576,0.116,0
APP-06577,0.158,0
APP-06578,2.927,1
APP-06579,1.183,1
APP-06580,0.081,1
APP-06581,7.835,0
APP-06582,0.162,1
APP-06583,8.382,0
APP-06584,0.323,1
APP-06585,0.163,1
APP-06586,0.081,1
APP-06587,0.095,1
APP-06588,0.157,1
APP-06589,1.246,0
APP-06590,9.749,0
APP-06591,0.443,1
APP-06592,0.119,1
APP-06593,0.196,1
APP-06594,0.186,1
APP-06595,0.072,0
APP-06596,0.061,1
APP-06597,3.2,0
APP-06598,0.116,0
APP-06599,0.197,1
APP-06600,0.191,1
APP-06601,0.114,1
APP-06602,4.98,0
APP-06603,6.132,0
APP-06604,0.335,1
APP-06605,0.235,1
APP-06606,0.079,0
APP-06607,0.15,1
APP-06608,0.081,1
APP-06609,0.195,1
APP-06610,0.247,1
APP-06611,4.023,0
APP-06612,0.078,1
APP-06613,0.492,0
APP-06614,0.6,1
APP-06615,8.767,0
APP-06616,0.065,1
APP-06617,11.368,0
APP-06618,0.163,1
APP-06619,0.112,1
APP-06620,0.187,0
APP-06621,0.194,1
APP-06622,0.065,1
APP-06623,7.965,1
APP-06624,0.114,0
APP-06625,0.223,1
APP-06626,0.099,0
APP-06627,0.184,0
APP-06628,0.24,1
APP-06629,0.215,1
APP-06630,0.16,1
APP-06631,0.204,0
APP-06632,0.141,1
APP-06633,0.275,1
APP-06634,0.227,1
APP-06635,6.652,0
APP-06636,5.53,1
APP-06637,0.092,0
APP-06638,0.079,1
APP-06639,0.121,1
APP-06640,0.131,0
APP-06641,0.224,0
APP-06642,9.448,1
APP-06643,0.151,0
APP-06644,0.082,0
APP-06645,0.087,1
APP-06646,0.086,0
APP-06647,5.405,0
APP-06648,0.158,1
APP-06649,0.19,1
APP-06650,4.427,0
APP-06651,0.149,1
APP-06652,0.6,1
APP-06653,0.136,1
APP-06654,0.073,0
APP-06655,0.385,1
APP-06656,0.226,1
APP-06657,0.145,0
APP-06658,0.171,1
APP-06659,0.119,0
APP-06660,0.126,1
APP-06661,1.828,0
APP-06662,8.438,0
APP-06663,0.066,1
APP-06664,0.157,1
APP-06665,0.433,1
APP-06666,0.351,0
APP-06667,10.168,0
APP-06668,0.072,1
APP-06669,0.071,1
APP-06670,12.272,0
APP-06671,0.303,1
APP-06672,1.056,0
APP-06673,4.141,1
APP-06674,3.551,1
APP-06675,0.101,1
APP-06676,0.126,1
APP-06677,4.058,0
APP-06678,0.203,1
APP-06679,0.167,1
APP-06680,5.177,0
APP-06681,0.101,0
APP-06682,7.906,0
APP-06683,9.697,1
APP-06684,0.109,0
APP-06685,0.052,1
APP-06686,0.173,1
APP-06687,0.082,1
APP-06688,0.089,1
APP-06689,0.128,0
APP-06690,0.198,1
APP-06691,4.122,0
APP-06692,1.655,0
APP-06693,0.14,1
APP-06694,0.132,0
APP-06695,0.15,0
APP-06696,0.05,1
APP-06697,0.166,1
APP-06698,0.117,0
APP-06699,0.08,1
APP-06700,0.189,0
APP-06701,0.17,0
APP-06702,0.064,1
APP-06703,0.241,1
APP-06704,7.262,0
APP-06705,0.077,1
APP-06706,0.112,1
APP-06707,8.671,1
APP-06708,0.133,0
APP-06709,0.19,1
APP-06710,0.304,0
APP-06711,0.345,0
APP-06712,0.155,1
APP-06713,0.205,1
APP-06714,8.294,0
APP-06715,0.547,0
APP-06716,0.25,1
APP-06717,0.041,0
APP-06718,0.117,1
APP-06719,0.092,1
APP-06720,0.246,0
APP-06721,2.143,1
APP-06722,0.252,1
APP-06723,4.699,1
APP-06724,0.154,1
APP-06725,8.302,0
APP-06726,1.308,1
APP-06727,0.165,1
APP-06728,0.102,1
APP-06729,0.158,0
APP-06730,0.179,1
APP-06731,0.113,1
APP-06732,0.172,1
APP-06733,4.843,0
APP-06734,0.069,1
APP-06735,2.782,1
APP-06736,0.178,1
APP-06737,0.09,1
APP-06738,0.322,1
APP-06739,0.272,1
APP-06740,0.283,1
APP-06741,0.072,1
APP-06742,6.49,0
APP-06743,7.902,0
APP-06744,0.075,1
APP-06745,0.155,1
APP-06746,0.145,1
APP-06747,0.149,0
APP-06748,7.866,0
APP-06749,0.248,1
APP-06750,5.273,0
APP-06751,9.876,0
APP-06752,0.089,0
APP-06753,0.215,0
APP-06754,0.168,1
APP-06755,0.222,1
APP-06756,0.317,0
APP-06757,9.285,0
APP-06758,0.151,0
APP-06759,7.817,0
APP-06760,0.089,1
APP-06761,0.325,1
APP-06762,8.836,0
APP-06763,0.131,1
APP-06764,7.72,1
APP-06765,9.848,1
APP-06766,0.238,1
APP-06767,0.217,1
APP-06768,0.147,1
APP-06769,0.36,1
APP-06770,0.088,0
APP-06771,0.134,0
APP-06772,0.15,1
APP-06773,2.969,0
APP-06774,0.067,0
APP-06775,0.294,0
APP-06776,0.11,1
APP-06777,0.216,0
APP-06778,0.2,1
APP-06779,0.162,0
APP-06780,0.18,1
APP-06781,0.29,0
APP-06782,6.45,1
APP-06783,0.167,0
APP-06784,0.057,1
APP-06785,0.159,1
APP-06786,0.184,1
APP-06787,4.625,0
APP-06788,0.061,0
APP-06789,0.088,1
APP-06790,0.169,1
APP-06791,9.221,0
APP-06792,0.272,1
APP-06793,0.101,0
APP-06794,3.236,0
APP-06795,7.852,0
APP-06796,0.094,1
APP-06797,0.106,0
APP-06798,1.139,0
APP-06799,5.701,0
APP-06800,0.071,0
APP-06801,0.102,0
APP-06802,0.229,1
APP-06803,9.355,0
APP-06804,3.314,1
APP-06805,0.115,1
APP-06806,8.604,0
APP-06807,0.051,1
APP-06808,0.123,0
APP-06809,0.286,1
APP-06810,7.881,1
APP-06811,14.334,0
APP-06812,0.175,1
APP-06813,0.182,0
APP-06814,0.272,1
APP-06815,6.383,0
APP-06816,0.117,1
APP-06817,9.18,1
APP-06818,0.301,1
APP-06819,0.222,0
APP-06820,0.117,0
APP-06821,5.161,1
APP-06822,0.144,0
APP-06823,0.084,1
APP-06824,12.584,0
APP-06825,0.16,1
APP-06826,0.123,0
APP-06827,0.061,0
APP-06828,0.152,0
APP-06829,0.212,0
APP-06830,0.14,1
APP-06831,0.408,0
APP-06832,2.297,1
APP-06833,0.182,1
APP-06834,0.052,1
APP-06835,0.075,1
APP-06836,0.189,0
APP-06837,0.169,0
APP-06838,7.982,1
APP-06839,16.632,0
APP-06840,0.209,1
APP-06841,0.079,1
APP-06842,2.095,0
APP-06843,0.138,1
APP-06844,10.335,0
APP-06845,11.966,1
APP-06846,0.127,1
APP-06847,1.026,0
APP-06848,0.074,0
APP-06849,0.089,0
APP-06850,0.304,1
APP-06851,9.161,0
APP-06852,10.142,1
APP-06853,2.285,0
APP-06854,4.809,1
APP-06855,0.082,1
APP-06856,0.179,1
APP-06857,0.372,1
APP-06858,10.081,1
APP-06859,0.308,1
APP-06860,1.562,0
APP-06861,3.162,1
APP-06862,9.541,0
APP-06863,0.097,0
APP-06864,0.075,1
APP-06865,9.799,0
APP-06866,0.107,1
APP-06867,11.975,0
APP-06868,3.766,0
APP-06869,0.663,1
APP-06870,0.172,1
APP-06871,0.11,1
APP-06872,0.156,1
APP-06873,0.128,0
APP-06874,0.109,1
APP-06875,4.438,0
APP-06876,0.164,1
APP-06877,0.152,0
APP-06878,0.132,1
APP-06879,4.3,0
APP-06880,0.092,0
APP-06881,0.131,1
APP-06882,0.123,1
APP-06883,10.683,0
APP-06884,0.108,1
APP-06885,0.234,1
APP-06886,2.339,0
APP-06887,0.021,1
APP-06888,0.249,1
APP-06889,0.15,0
APP-06890,0.083,1
APP-06891,0.181,0
APP-06892,6.585,1
APP-06893,0.181,1
APP-06894,0.133,1
APP-06895,8.218,0
APP-06896,0.6,1
APP-06897,0.154,1
APP-06898,0.179,1
APP-06899,0.066,1
APP-06900,0.129,0
APP-06901,0.062,1
APP-06902,0.055,1
APP-06903,0.108,1
APP-06904,0.08,1
APP-06905,4.561,1
APP-06906,0.073,0
APP-06907,0.113,1
APP-06908,5.445,1
APP-06909,0.242,1
APP-06910,0.191,1
APP-06911,12.765,0
APP-06912,0.086,0
APP-06913,0.119,1
APP-06914,0.323,1
APP-06915,0.098,1
APP-06916,4.521,0
APP-06917,0.382,1
APP-06918,0.187,1
APP-06919,3.191,0
APP-06920,7.121,1
APP-06921,5.742,0
APP-06922,0.157,1
APP-06923,0.099,1
APP-06924,0.184,0
APP-06925,0.207,0
APP-06926,0.157,0
APP-06927,10.017,0
APP-06928,0.121,0
APP-06929,0.304,0
APP-06930,0.195,1
APP-06931,0.071,1
APP-06932,0.371,0
APP-06933,0.071,1
APP-06934,8.631,0
APP-06935,0.14,1
APP-06936,0.196,0
APP-06937,5.704,0
APP-06938,5.597,1
APP-06939,0.092,0
APP-06940,0.149,1
APP-06941,0.113,1
APP-06942,0.191,0
APP-06943,0.159,1
APP-06944,0.345,1
APP-06945,1.95,0
APP-06946,0.249,1
APP-06947,0.097,0
APP-06948,0.674,1
APP-06949,0.163,1
APP-06950,14.794,1
APP-06951,0.206,1
APP-06952,0.192,0
APP-06953,0.064,1
APP-06954,0.082,0
APP-06955,14.57,0
APP-06956,0.129,1
APP-06957,6.48,1
APP-06958,0.245,1
APP-06959,4.334,0
APP-06960,0.117,0
APP-06961,0.123,1
APP-06962,0.063,1
APP-06963,7.723,0
APP-06964,0.145,1
APP-06965,0.102,0
APP-06966,0.198,1
APP-06967,1.803,1
APP-06968,0.107,0
APP-06969,0.186,1
APP-06970,0.23,1
APP-06971,0.059,1
APP-06972,5.818,1
APP-06973,0.144,1
APP-06974,0.304,0
APP-06975,0.278,1
APP-06976,0.1,0
APP-06977,11.702,0
APP-06978,8.154,1
APP-06979,0.165,1
APP-06980,0.203,1
APP-06981,0.118,1
APP-06982,0.144,1
APP-06983,0.149,1
APP-06984,3.836,1
APP-06985,0.294,0
APP-06986,0.202,1
APP-06987,12.829,0
APP-06988,0.283,1
APP-06989,0.122,1
APP-06990,0.119,1
APP-06991,0.083,1
APP-06992,7.004,0
APP-06993,8.483,0
APP-06994,8.303,0
APP-06995,10.64,0
APP-06996,0.209,0
APP-06997,0.202,1
APP-06998,0.106,1
APP-06999,0.147,0
APP-07000,0.214,0
APP-07001,0.064,1
APP-07002,0.16,1
APP-07003,5.153,0
APP-07004,6.591,0
APP-07005,0.158,0
APP-07006,0.211,1
APP-07007,16.062,1
APP-07008,4.328,0
APP-07009,0.275,0
APP-07010,0.031,1
APP-07011,0.083,0
APP-07012,0.335,1
APP-07013,0.263,1
APP-07014,0.379,1
APP-07015,0.19,0
APP-07016,4.763,1
APP-07017,0.106,0
APP-07018,5.834,1
APP-07019,0.184,1
APP-07020,0.105,1
APP-07021,7.325,0
APP-07022,0.139,1
APP-07023,0.249,1
APP-07024,0.175,1
APP-07025,0.074,0
APP-07026,0.06,1
APP-07027,0.088,0
APP-07028,0.186,0
APP-07029,8.446,0
APP-07030,0.059,0
APP-07031,5.578,0
APP-07032,0.156,1
APP-07033,0.222,1
APP-07034,6.041,0
APP-07035,0.445,0
APP-07036,0.119,1
APP-07037,3.034,0
APP-07038,0.059,0
APP-07039,0.178,1
APP-07040,0.116,1
APP-07041,14.292,1
APP-07042,0.275,1
APP-07043,9.579,0
APP-07044,0.242,1
APP-07045,3.801,0
APP-07046,0.071,1
APP-07047,5.513,0
APP-07048,0.178,0
APP-07049,0.199,1
APP-07050,11.4,0
APP-07051,0.148,1
APP-07052,0.193,1
APP-07053,3.983,1
APP-07054,0.356,1
APP-07055,0.195,1
APP-07056,0.109,1
APP-07057,0.244,1
APP-07058,0.065,0
APP-07059,0.049,1
APP-07060,0.092,1
APP-07061,0.12,1
APP-07062,0.109,0
APP-07063,0.126,1
APP-07064,0.092,1
APP-07065,0.273,1
APP-07066,0.074,1
APP-07067,0.17,0
APP-07068,0.146,1
APP-07069,0.189,0
APP-07070,0.231,1
APP-07071,0.129,1
APP-07072,0.165,0
APP-07073,7.344,1
APP-07074,5.989,0
APP-07075,0.696,1
APP-07076,0.086,1
APP-07077,0.093,1
APP-07078,0.252,0
APP-07079,6.232,1
APP-07080,0.173,0
APP-07081,0.316,1
APP-07082,0.191,1
APP-07083,0.083,1
APP-07084,0.126,1
APP-07085,0.178,1
APP-07086,9.8,1
APP-07087,2.113,1
APP-07088,0.114,0
APP-07089,0.12,1
APP-07090,0.095,1
APP-07091,0.619,1
APP-07092,0.129,1
APP-07093,0.135,1
APP-07094,6.537,1
APP-07095,0.118,1
APP-07096,6.772,0
APP-07097,0.207,1
APP-07098,0.216,1
APP-07099,6.408,1
APP-07100,0.138,0
APP-07101,0.072,0
APP-07102,0.075,0
APP-07103,13.384,0
APP-07104,0.088,1
APP-07105,0.189,1
APP-07106,8.293,0
APP-07107,8.977,1
APP-07108,0.048,1
APP-07109,0.165,1
APP-07110,4.874,1
APP-07111,0.161,1
APP-07112,0.171,1
APP-07113,0.151,1
APP-07114,0.165,1
APP-07115,0.161,1
APP-07116,0.251,1
APP-07117,0.145,1
APP-07118,0.167,1
APP-07119,0.597,1
APP-07120,2.546,1
APP-07121,6.772,0
APP-07122,0.175,0
APP-07123,7.492,0
APP-07124,10.393,0
APP-07125,0.103,1
APP-07126,0.142,1
APP-07127,0.511,1
APP-07128,0.132,0
APP-07129,0.054,1
APP-07130,0.252,0
APP-07131,3.489,0
APP-07132,0.436,0
APP-07133,0.275,0
APP-07134,4.763,0
APP-07135,0.147,1
APP-07136,0.136,1
APP-07137,0.025,0
APP-07138,0.136,0
APP-07139,0.111,1
APP-07140,0.22,0
APP-07141,4.264,1
APP-07142,0.293,1
APP-07143,0.268,1
APP-07144,0.233,0
APP-07145,0.138,1
APP-07146,11.636,0
APP-07147,0.16,1
APP-07148,0.385,1
APP-07149,0.218,1
APP-07150,0.108,1
APP-07151,0.119,1
APP-07152,0.074,1
APP-07153,0.119,1
APP-07154,0.27,1
APP-07155,0.13,1
APP-07156,0.136,0
APP-07157,0.089,1
APP-07158,0.065,1
APP-07159,6.963,0
APP-07160,0.147,1
APP-07161,9.629,1
APP-07162,0.163,1
APP-07163,0.117,1
APP-07164,0.251,1
APP-07165,0.167,0
APP-07166,4.098,0
APP-07167,0.394,0
APP-07168,0.12,0
APP-07169,3.193,1
APP-07170,0.255,1
APP-07171,6.025,0
APP-07172,0.097,1
APP-07173,0.118,0
APP-07174,2.178,1
APP-07175,0.303,0
APP-07176,0.17,1
APP-07177,0.149,0
APP-07178,9.263,0
APP-07179,0.169,1
APP-07180,0.086,0
APP-07181,0.129,1
APP-07182,0.14,0
APP-07183,2.42,0
APP-07184,0.085,1
APP-07185,0.232,1
APP-07186,3.695,1
APP-07187,0.285,0
APP-07188,0.202,1
APP-07189,0.173,1
APP-07190,0.19,0
APP-07191,0.148,1
APP-07192,1.838,0
APP-07193,0.124,1
APP-07194,0.118,1
APP-07195,0.211,1
APP-07196,0.17,1
APP-07197,0.029,1
APP-07198,0.051,1
APP-07199,0.199,1
APP-07200,0.132,1
APP-07201,0.337,0
APP-07202,1.93,0
APP-07203,2.061,1
APP-07204,10.638,0
APP-07205,0.188,0
APP-07206,0.094,1
APP-07207,0.177,1
APP-07208,0.333,1
APP-07209,0.242,0
APP-07210,0.123,1
APP-07211,0.199,1
APP-07212,5.675,1
APP-07213,0.074,0
APP-07214,0.132,1
APP-07215,8.341,0
APP-07216,4.066,1
APP-07217,0.364,0
APP-07218,0.176,1
APP-07219,5.497,1
APP-07220,0.084,0
APP-07221,5.895,0
APP-07222,7.477,0
APP-07223,9.343,0
APP-07224,0.124,1
APP-07225,0.214,0
APP-07226,0.134,0
APP-07227,0.112,0
APP-07228,0.091,1
APP-07229,0.286,1
APP-07230,0.226,0
APP-07231,0.057,1
APP-07232,0.038,1
APP-07233,0.103,1
APP-07234,0.07,1
APP-07235,0.179,1
APP-07236,0.422,1
APP-07237,0.033,1
APP-07238,0.58,1
APP-07239,2.07,1
APP-07240,0.116,1
APP-07241,0.105,1
APP-07242,8.034,0
APP-07243,0.22,0
APP-07244,8.99,0
APP-07245,0.159,1
APP-07246,0.154,1
APP-07247,0.393,0
APP-07248,10.35,0
APP-07249,0.083,1
APP-07250,0.079,1
APP-07251,4.815,0
APP-07252,3.773,0
APP-07253,0.199,1
APP-07254,7.159,0
APP-07255,6.93,1
APP-07256,0.15,0
APP-07257,2.949,1
APP-07258,5.528,1
APP-07259,0.156,0
APP-07260,0.182,0
APP-07261,0.1,0
APP-07262,0.184,1
APP-07263,0.13,1
APP-07264,0.079,1
APP-07265,0.147,0
APP-07266,0.165,0
APP-07267,0.256,0
APP-07268,0.135,1
APP-07269,0.119,1
APP-07270,0.084,1
APP-07271,0.188,1
APP-07272,0.24,1
APP-07273,2.841,1
APP-07274,0.105,1
APP-07275,0.065,1
APP-07276,0.08,1
APP-07277,0.198,1
APP-07278,7.445,1
APP-07279,0.215,1
APP-07280,0.121,1
APP-07281,0.074,1
APP-07282,0.098,1
APP-07283,0.094,1
APP-07284,0.083,0
APP-07285,0.108,0
APP-07286,5.744,0
APP-07287,0.248,1
APP-07288,0.099,1
APP-07289,8.24,1
APP-07290,0.261,1
APP-07291,0.159,1
APP-07292,0.222,1
APP-07293,0.15,1
APP-07294,6.522,1
APP-07295,0.379,0
APP-07296,10.445,0
APP-07297,0.229,1
APP-07298,0.06,1
APP-07299,0.109,1
APP-07300,0.238,1
APP-07301,0.077,0
APP-07302,0.126,1
APP-07303,0.095,1
APP-07304,0.13,1
APP-07305,0.241,1
APP-07306,4.398,1
APP-07307,0.087,1
APP-07308,0.162,0
APP-07309,0.132,1
APP-07310,0.063,1
APP-07311,0.043,1
APP-07312,0.119,1
APP-07313,1.707,0
APP-07314,0.138,1
APP-07315,0.138,1
APP-07316,0.244,1
APP-07317,0.202,1
APP-07318,0.124,1
APP-07319,0.487,1
APP-07320,0.185,0
APP-07321,0.202,1
APP-07322,0.135,0
APP-07323,0.049,1
APP-07324,0.224,0
APP-07325,0.198,1
APP-07326,0.041,0
APP-07327,5.857,0
APP-07328,0.179,1
APP-07329,6.947,1
APP-07330,12.459,0
APP-07331,0.203,0
APP-07332,0.242,0
APP-07333,0.219,1
APP-07334,0.102,1
APP-07335,9.581,0
APP-07336,0.072,0
APP-07337,0.296,1
APP-07338,3.913,0
APP-07339,0.097,1
APP-07340,0.324,1
APP-07341,0.129,0
APP-07342,0.072,1
APP-07343,0.084,1
APP-07344,0.133,0
APP-07345,0.171,1
APP-07346,0.13,1
APP-07347,0.145,1
APP-07348,0.189,1
APP-07349,0.198,1
APP-07350,0.231,1
APP-07351,0.213,1
APP-07352,0.359,1
APP-07353,11.235,1
APP-07354,3.08,0
APP-07355,0.065,0
APP-07356,0.6,1
APP-07357,0.136,0
APP-07358,0.123,1
APP-07359,3.058,0
APP-07360,0.072,1
APP-07361,0.139,1
APP-07362,0.179,0
APP-07363,0.286,0
APP-07364,0.075,0
APP-07365,0.15,0
APP-07366,0.084,1
APP-07367,0.104,1
APP-07368,0.1,0
APP-07369,0.122,1
APP-07370,0.397,0
APP-07371,10.311,0
APP-07372,0.146,1
APP-07373,0.078,1
APP-07374,0.178,1
APP-07375,7.896,1
APP-07376,0.128,1
APP-07377,0.135,1
APP-07378,0.102,0
APP-07379,0.099,1
APP-07380,3.872,1
APP-07381,0.126,1
APP-07382,5.324,1
APP-07383,0.479,1
APP-07384,4.267,1
APP-07385,0.051,1
APP-07386,0.05,1
APP-07387,0.073,0
APP-07388,0.241,1
APP-07389,3.272,0
APP-07390,6.102,0
APP-07391,5.029,1
APP-07392,0.083,1
APP-07393,0.097,0
APP-07394,8.132,1
APP-07395,7.269,0
APP-07396,0.436,1
APP-07397,0.247,1
APP-07398,8.747,0
APP-07399,5.367,0
APP-07400,0.142,1
APP-07401,0.167,0
APP-07402,0.144,0
APP-07403,0.138,1
APP-07404,0.233,1
APP-07405,0.152,1
APP-07406,0.122,1
APP-07407,6.233,1
APP-07408,0.097,1
APP-07409,7.412,1
APP-07410,0.187,0
APP-07411,0.057,1
APP-07412,0.128,1
APP-07413,7.253,0
APP-07414,0.157,0
APP-07415,7.376,1
APP-07416,0.184,1
APP-07417,0.143,1
APP-07418,0.056,1
APP-07419,0.171,0
APP-07420,0.097,1
APP-07421,0.186,0
APP-07422,0.065,1
APP-07423,5.469,0
APP-07424,0.316,1
APP-07425,0.206,1
APP-07426,0.1,0
APP-07427,10.017,1
APP-07428,0.197,1
APP-07429,0.409,0
APP-07430,9.364,0
APP-07431,0.061,1
APP-07432,0.093,1
APP-07433,0.173,1
APP-07434,10.458,1
APP-07435,0.18,1
APP-07436,2.947,1
APP-07437,0.226,1
APP-07438,0.104,1
APP-07439,12.744,0
APP-07440,0.272,0
APP-07441,0.228,1
APP-07442,0.072,1
APP-07443,5.964,0
APP-07444,9.654,0
APP-07445,0.398,1
APP-07446,11.794,0
APP-07447,0.323,0
APP-07448,0.128,0
APP-07449,0.108,1
APP-07450,6.056,0
APP-07451,0.295,1
APP-07452,0.17,1
APP-07453,0.627,1
APP-07454,6.517,0
APP-07455,0.238,1
APP-07456,0.183,1
APP-07457,6.042,0
APP-07458,0.324,1
APP-07459,8.839,0
APP-07460,0.131,1
APP-07461,2.391,0
APP-07462,0.075,1
APP-07463,0.183,1
APP-07464,1.321,1
APP-07465,0.139,0
APP-07466,0.276,0
APP-07467,0.213,0
APP-07468,0.611,0
APP-07469,0.19,0
APP-07470,7.587,0
APP-07471,0.357,1
APP-07472,0.207,1
APP-07473,0.112,1
APP-07474,0.1,1
APP-07475,0.147,0
APP-07476,3.164,1
APP-07477,0.342,1
APP-07478,0.853,1
APP-07479,5.583,0
APP-07480,0.147,1
APP-07481,0.126,0
APP-07482,12.052,0
APP-07483,0.237,1
APP-07484,0.167,1
APP-07485,6.988,0
APP-07486,0.051,1
APP-07487,0.175,1
APP-07488,0.203,1
APP-07489,0.093,1
APP-07490,0.266,0
APP-07491,0.24,1
APP-07492,0.274,0
APP-07493,3.427,0
APP-07494,11.312,0
APP-07495,0.172,1
APP-07496,8.534,0
APP-07497,0.121,1
APP-07498,0.307,1
APP-07499,0.125,1
APP-07500,0.323,1
APP-07501,7.193,0
APP-07502,0.11,1
APP-07503,0.07,1
APP-07504,0.146,0
APP-07505,9.813,1
APP-07506,0.041,1
APP-07507,5.743,0
APP-07508,6.899,0
APP-07509,0.275,0
APP-07510,0.121,0
APP-07511,0.088,0
APP-07512,0.126,1
APP-07513,0.354,1
APP-07514,0.122,1
APP-07515,10.827,1
APP-07516,0.338,1
APP-07517,0.07,0
APP-07518,12.369,1
APP-07519,0.164,1
APP-07520,0.245,0
APP-07521,0.149,0
APP-07522,0.6,1
APP-07523,0.229,1
APP-07524,0.075,1
APP-07525,0.107,0
APP-07526,0.087,1
APP-07527,0.132,0
APP-07528,0.074,1
APP-07529,6.875,0
APP-07530,0.083,1
APP-07531,0.13,1
APP-07532,0.352,1
APP-07533,0.127,0
APP-07534,0.039,1
APP-07535,0.266,1
APP-07536,0.135,1
APP-07537,0.156,0
APP-07538,0.076,0
APP-07539,0.093,1
APP-07540,4.983,1
APP-07541,0.197,1
APP-07542,0.276,1
APP-07543,5.711,0
APP-07544,0.289,0
APP-07545,6.467,1
APP-07546,0.106,1
APP-07547,0.132,0
APP-07548,0.368,1
APP-07549,0.144,0
APP-07550,0.198,1
APP-07551,0.114,1
APP-07552,0.069,1
APP-07553,0.247,0
APP-07554,0.149,1
APP-07555,6.796,1
APP-07556,0.176,0
APP-07557,0.153,1
APP-07558,0.047,1
APP-07559,7.621,0
APP-07560,0.238,1
APP-07561,0.132,1
APP-07562,9.167,0
APP-07563,4.816,1
APP-07564,0.082,0
APP-07565,0.316,1
APP-07566,0.076,1
APP-07567,0.081,1
APP-07568,0.097,1
APP-07569,0.109,1
APP-07570,0.188,1
APP-07571,0.262,0
APP-07572,0.18,1
APP-07573,9.44,1
APP-07574,6.462,0
APP-07575,8.329,1
APP-07576,0.053,1
APP-07577,0.221,0
APP-07578,0.087,1
APP-07579,0.058,1
APP-07580,0.301,1
APP-07581,0.364,0
APP-07582,0.061,0
APP-07583,0.238,1
APP-07584,0.064,1
APP-07585,0.336,1
APP-07586,0.055,1
APP-07587,0.251,0
APP-07588,0.276,1
APP-07589,0.214,1
APP-07590,10.628,0
APP-07591,0.207,0
APP-07592,0.243,0
APP-07593,0.181,1
APP-07594,0.116,1
APP-07595,0.147,1
APP-07596,3.11,0
APP-07597,0.297,1
APP-07598,8.815,1
APP-07599,0.113,0
APP-07600,0.219,1
APP-07601,0.126,0
APP-07602,0.1,1
APP-07603,0.269,1
APP-07604,0.073,1
APP-07605,0.159,1
APP-07606,0.13,1
APP-07607,0.152,1
APP-07608,0.103,1
APP-07609,0.125,1
APP-07610,8.976,0
APP-07611,5.164,0
APP-07612,0.149,1
APP-07613,0.125,0
APP-07614,0.081,1
APP-07615,0.173,1
APP-07616,1.933,1
APP-07617,0.089,1
APP-07618,0.134,1
APP-07619,0.248,0
APP-07620,0.081,1
APP-07621,0.126,1
APP-07622,0.096,0
APP-07623,2.427,0
APP-07624,0.156,0
APP-07625,4.57,0
APP-07626,6.898,0
APP-07627,0.167,1
APP-07628,0.088,0
APP-07629,0.219,0
APP-07630,0.171,1
APP-07631,5.484,1
APP-07632,0.302,1
APP-07633,0.148,1
APP-07634,8.366,1
APP-07635,0.26,1
APP-07636,6.002,0
APP-07637,0.095,0
APP-07638,0.179,0
APP-07639,0.32,0
APP-07640,0.189,0
APP-07641,0.266,0
APP-07642,0.125,1
APP-07643,0.156,1
APP-07644,0.302,1
APP-07645,0.143,0
APP-07646,0.175,1
APP-07647,0.191,0
APP-07648,0.101,1
APP-07649,9.471,0
APP-07650,0.088,1
APP-07651,0.103,1
APP-07652,0.141,1
APP-07653,4.848,1
APP-07654,9.611,0
APP-07655,7.144,1
APP-07656,0.121,0
APP-07657,8.895,0
APP-07658,7.299,1
APP-07659,0.096,1
APP-07660,0.107,0
APP-07661,0.173,0
APP-07662,0.123,0
APP-07663,12.411,0
APP-07664,6.71,0
APP-07665,7.473,1
APP-07666,6.431,1
APP-07667,0.099,0
APP-07668,3.981,1
APP-07669,0.072,0
APP-07670,4.364,1
APP-07671,0.217,1
APP-07672,0.102,1
APP-07673,0.185,1
APP-07674,0.142,1
APP-07675,0.139,1
APP-07676,0.091,0
APP-07677,0.243,1
APP-07678,0.177,0
APP-07679,0.09,0
APP-07680,0.28,1
APP-07681,0.13,1
APP-07682,0.133,1
APP-07683,0.158,1
APP-07684,0.203,1
APP-07685,5.875,1
APP-07686,0.118,1
APP-07687,0.345,0
APP-07688,10.783,0
APP-07689,0.154,1
APP-07690,4.747,0
APP-07691,0.186,1
APP-07692,0.208,0
APP-07693,0.119,1
APP-07694,0.094,0
APP-07695,0.234,1
APP-07696,0.099,0
APP-07697,3.199,1
APP-07698,0.107,1
APP-07699,0.152,1
APP-07700,0.199,1
APP-07701,0.385,0
APP-07702,0.178,1
APP-07703,0.264,1
APP-07704,4.127,0
APP-07705,0.141,1
APP-07706,0.206,1
APP-07707,0.114,1
APP-07708,0.122,0
APP-07709,0.164,1
APP-07710,0.138,1
APP-07711,0.388,1
APP-07712,0.112,0
APP-07713,0.328,1
APP-07714,7.887,1
APP-07715,0.174,1
APP-07716,0.213,0
APP-07717,0.15,0
APP-07718,0.188,1
APP-07719,0.271,1
APP-07720,0.237,1
APP-07721,17.134,0
APP-07722,0.183,1
APP-07723,0.231,1
APP-07724,6.796,1
APP-07725,10.793,0
APP-07726,3.609,0
APP-07727,0.187,1
APP-07728,0.088,1
APP-07729,5.61,1
APP-07730,7.112,1
APP-07731,0.121,0
APP-07732,0.15,0
APP-07733,8.751,0
APP-07734,0.116,1
APP-07735,5.869,1
APP-07736,12.304,0
APP-07737,0.148,1
APP-07738,0.098,1
APP-07739,0.159,1
APP-07740,0.102,0
APP-07741,9.918,0
APP-07742,0.19,1
APP-07743,0.222,1
APP-07744,0.096,1
APP-07745,10.122,0
APP-07746,8.952,1
APP-07747,0.203,1
APP-07748,0.137,1
APP-07749,10.268,1
APP-07750,0.134,1
APP-07751,8.593,1
APP-07752,0.255,1
APP-07753,0.05,1
APP-07754,0.251,1
APP-07755,0.104,0
APP-07756,0.188,1
APP-07757,6.811,1
APP-07758,8.496,0
APP-07759,0.111,1
APP-07760,1.241,1
APP-07761,0.089,1
APP-07762,0.096,1
APP-07763,0.118,1
APP-07764,0.108,0
APP-07765,0.118,1
APP-07766,0.081,0
APP-07767,0.121,1
APP-07768,5.776,1
APP-07769,1.31,1
APP-07770,0.217,1
APP-07771,0.148,1
APP-07772,0.342,1
APP-07773,0.35,1
APP-07774,0.6,1
APP-07775,6.275,0
APP-07776,7.835,0
APP-07777,0.6,1
APP-07778,0.084,1
APP-07779,0.146,0
APP-07780,0.22,1
APP-07781,0.194,0
APP-07782,13.166,0
APP-07783,0.08,1
APP-07784,0.174,0
APP-07785,0.131,1
APP-07786,0.097,1
APP-07787,0.183,0
APP-07788,0.051,1
APP-07789,0.103,0
APP-07790,0.22,0
APP-07791,7.766,1
APP-07792,0.167,1
APP-07793,0.23,0
APP-07794,0.155,0
APP-07795,0.312,1
APP-07796,0.106,1
APP-07797,0.083,1
APP-07798,0.151,1
APP-07799,0.558,1
APP-07800,5.011,1
APP-07801,0.193,0
APP-07802,10.319,0
APP-07803,0.338,0
APP-07804,0.271,1
APP-07805,0.33,1
APP-07806,0.182,0
APP-07807,0.167,0
APP-07808,0.415,1
APP-07809,0.31,0
APP-07810,0.121,1
APP-07811,0.132,0
APP-07812,0.159,1
APP-07813,0.114,1
APP-07814,0.113,1
APP-07815,7.867,1
APP-07816,7.844,0
APP-07817,5.685,0
APP-07818,3.09,0
APP-07819,0.14,0
APP-07820,0.132,1
APP-07821,0.148,1
APP-07822,5.355,0
APP-07823,0.241,1
APP-07824,0.144,0
APP-07825,0.234,1
APP-07826,0.104,1
APP-07827,6.375,0
APP-07828,0.169,1
APP-07829,0.092,1
APP-07830,0.264,1
APP-07831,0.275,1
APP-07832,0.302,1
APP-07833,3.214,0
APP-07834,0.074,1
APP-07835,0.911,0
APP-07836,0.068,1
APP-07837,5.153,1
APP-07838,0.17,0
APP-07839,6.011,0
APP-07840,0.068,1
APP-07841,0.144,0
APP-07842,5.528,0
APP-07843,0.12,1
APP-07844,0.101,1
APP-07845,0.119,1
APP-07846,0.044,1
APP-07847,0.174,1
APP-07848,0.108,1
APP-07849,0.319,1
APP-07850,0.118,1
APP-07851,1.507,1
APP-07852,0.094,1
APP-07853,0.168,1
APP-07854,0.081,1
APP-07855,0.123,0
APP-07856,0.16,0
APP-07857,0.173,1
APP-07858,0.132,1
APP-07859,0.063,1
APP-07860,10.846,1
APP-07861,0.294,1
APP-07862,0.169,1
APP-07863,0.116,1
APP-07864,0.31,0
APP-07865,10.788,1
APP-07866,5.097,0
APP-07867,0.132,1
APP-07868,0.092,0
APP-07869,5.927,0
APP-07870,0.173,0
APP-07871,0.169,1
APP-07872,0.08,1
APP-07873,0.373,1
APP-07874,0.237,0
APP-07875,0.204,0
APP-07876,0.146,1
APP-07877,7.438,0
APP-07878,11.474,1
APP-07879,5.02,1
APP-07880,11.481,1
APP-07881,0.32,1
APP-07882,0.14,1
APP-07883,2.77,1
APP-07884,0.183,1
APP-07885,6.957,0
APP-07886,10.171,0
APP-07887,0.069,1
APP-07888,7.132,1
APP-07889,0.136,1
APP-07890,7.167,0
APP-07891,0.416,1
APP-07892,0.113,1
APP-07893,0.6,1
APP-07894,0.116,1
APP-07895,0.204,0
APP-07896,8.257,1
APP-07897,0.282,1
APP-07898,7.95,0
APP-07899,0.138,1
APP-07900,7.529,1
APP-07901,0.058,0
APP-07902,0.108,0
APP-07903,0.12,0
APP-07904,7.7,0
APP-07905,14.649,0
APP-07906,0.179,0
APP-07907,2.885,1
APP-07908,0.342,1
APP-07909,0.09,0
APP-07910,13.876,0
APP-07911,0.231,1
APP-07912,8.787,0
APP-07913,0.105,0
APP-07914,0.119,1
APP-07915,0.265,0
APP-07916,0.299,1
APP-07917,0.346,1
APP-07918,0.223,1
APP-07919,0.146,0
APP-07920,0.173,1
APP-07921,9.609,0
APP-07922,9.372,0
APP-07923,0.6,1
APP-07924,0.088,1
APP-07925,0.427,1
APP-07926,5.35,0
APP-07927,0.041,0
APP-07928,0.067,1
APP-07929,0.239,1
APP-07930,11.165,0
APP-07931,0.087,1
APP-07932,0.131,1
APP-07933,0.236,1
APP-07934,0.153,0
APP-07935,0.226,1
APP-07936,5.401,0
APP-07937,0.229,0
APP-07938,0.148,1
APP-07939,0.109,1
APP-07940,6.458,1
APP-07941,8.164,0
APP-07942,0.205,0
APP-07943,5.822,0
APP-07944,0.137,1
APP-07945,0.176,1
APP-07946,0.149,1
APP-07947,4.478,0
APP-07948,0.175,1
APP-07949,0.088,0
APP-07950,0.185,1
APP-07951,13.101,0
APP-07952,0.22,1
APP-07953,0.18,1
APP-07954,0.238,1
APP-07955,0.243,0
APP-07956,0.089,1
APP-07957,0.176,1
APP-07958,0.04,1
APP-07959,4.981,1
APP-07960,4.952,0
APP-07961,0.449,1
APP-07962,0.11,0
APP-07963,0.251,1
APP-07964,0.143,0
APP-07965,0.094,1
APP-07966,9.081,0
APP-07967,0.064,1
APP-07968,5.185,1
APP-07969,0.226,1
APP-07970,0.248,1
APP-07971,0.154,1
APP-07972,7.275,1
APP-07973,10.529,0
APP-07974,0.117,1
APP-07975,0.024,1
APP-07976,0.144,1
APP-07977,5.486,0
APP-07978,0.117,1
APP-07979,0.192,0
APP-07980,0.227,0
APP-07981,0.021,0
APP-07982,0.292,0
APP-07983,0.151,0
APP-07984,0.106,1
APP-07985,0.206,1
APP-07986,0.121,0
APP-07987,6.596,0
APP-07988,0.766,1
APP-07989,0.125,1
APP-07990,0.318,1
APP-07991,4.143,1
APP-07992,0.338,0
APP-07993,0.059,0
APP-07994,1.528,0
APP-07995,0.072,1
APP-07996,0.151,1
APP-07997,0.202,0
APP-07998,0.061,1
APP-07999,0.086,1
APP-08000,0.061,1
APP-08001,0.329,0
APP-08002,7.215,0
APP-08003,0.159,0
APP-08004,0.152,1
APP-08005,0.061,0
APP-08006,8.705,0
APP-08007,10.091,0
APP-08008,10.798,1
APP-08009,0.195,1
APP-08010,0.113,0
APP-08011,0.102,0
APP-08012,0.176,1
APP-08013,0.116,1
APP-08014,0.147,1
APP-08015,0.314,0
APP-08016,0.154,1
APP-08017,0.075,0
APP-08018,0.135,1
APP-08019,6.749,1
APP-08020,0.208,0
APP-08021,0.155,1
APP-08022,0.145,0
APP-08023,0.055,1
APP-08024,0.111,1
APP-08025,8.316,1
APP-08026,5.544,0
APP-08027,0.183,1
APP-08028,0.119,1
APP-08029,0.359,0
APP-08030,0.117,1
APP-08031,0.217,1
APP-08032,5.11,0
APP-08033,5.108,1
APP-08034,0.084,1
APP-08035,7.951,0
APP-08036,0.238,0
APP-08037,0.087,1
APP-08038,13.985,1
APP-08039,0.661,1
APP-08040,0.082,1
APP-08041,8.459,0
APP-08042,4.361,1
APP-08043,0.519,1
APP-08044,0.271,1
APP-08045,0.116,1
APP-08046,0.196,1
APP-08047,0.091,1
APP-08048,0.086,1
APP-08049,0.135,0
APP-08050,5.498,0
APP-08051,10.269,0
APP-08052,0.117,0
APP-08053,0.118,1
APP-08054,8.918,0
APP-08055,0.183,0
APP-08056,2.473,1
APP-08057,0.13,1
APP-08058,0.22,1
APP-08059,0.078,1
APP-08060,0.105,1
APP-08061,9.851,1
APP-08062,0.187,1
APP-08063,0.168,1
APP-08064,0.453,1
APP-08065,0.061,1
APP-08066,6.734,0
APP-08067,0.214,1
APP-08068,0.187,1
APP-08069,11.531,0
APP-08070,0.242,1
APP-08071,0.056,1
APP-08072,0.337,1
APP-08073,0.088,1
APP-08074,0.221,0
APP-08075,0.065,1
APP-08076,5.389,0
APP-08077,0.178,0
APP-08078,4.962,0
APP-08079,0.195,1
APP-08080,0.117,1
APP-08081,0.165,0
APP-08082,0.165,1
APP-08083,5.432,0
APP-08084,0.155,1
APP-08085,11.534,0
APP-08086,14.399,0
APP-08087,0.126,1
APP-08088,0.218,1
APP-08089,0.352,1
APP-08090,0.091,1
APP-08091,7.799,1
APP-08092,0.192,1
APP-08093,5.826,1
APP-08094,0.269,0
APP-08095,0.205,1
APP-08096,0.333,1
APP-08097,5.726,1
APP-08098,0.041,1
APP-08099,0.098,1
APP-08100,0.094,1
APP-08101,0.072,1
APP-08102,0.183,0
APP-08103,0.153,1
APP-08104,0.102,0
APP-08105,8.322,1
APP-08106,0.233,1
APP-08107,0.177,0
APP-08108,0.097,1
APP-08109,0.104,1
APP-08110,0.135,1
APP-08111,6.757,1
APP-08112,0.211,1
APP-08113,0.129,1
APP-08114,0.154,1
APP-08115,11.291,0
APP-08116,0.168,0
APP-08117,0.075,1
APP-08118,0.077,0
APP-08119,0.084,0
APP-08120,0.236,1
APP-08121,0.225,1
APP-08122,0.087,1
APP-08123,7.476,0
APP-08124,0.559,0
APP-08125,0.14,0
APP-08126,8.856,0
APP-08127,0.131,1
APP-08128,0.091,1
APP-08129,0.098,1
APP-08130,0.133,0
APP-08131,0.26,1
APP-08132,0.075,1
APP-08133,3.443,0
APP-08134,0.265,1
APP-08135,0.334,0
APP-08136,0.058,1
APP-08137,7.555,0
APP-08138,0.096,1
APP-08139,5.823,1
APP-08140,0.105,1
APP-08141,0.18,0
APP-08142,0.146,1
APP-08143,6.434,1
APP-08144,7.482,1
APP-08145,0.155,1
APP-08146,7.878,1
APP-08147,0.169,1
APP-08148,0.095,1
APP-08149,0.105,0
APP-08150,5.114,0
APP-08151,7.248,0
APP-08152,7.926,0
APP-08153,0.15,1
APP-08154,0.209,1
APP-08155,7.431,1
APP-08156,9.398,1
APP-08157,9.491,0
APP-08158,0.169,0
APP-08159,0.138,1
APP-08160,0.336,1
APP-08161,0.417,1
APP-08162,6.188,0
APP-08163,8.29,0
APP-08164,7.441,0
APP-08165,0.079,1
APP-08166,8.76,0
APP-08167,0.074,1
APP-08168,0.416,1
APP-08169,0.173,0
APP-08170,0.106,0
APP-08171,4.385,1
APP-08172,0.215,1
APP-08173,0.375,1
APP-08174,0.574,1
APP-08175,5.072,1
APP-08176,0.212,1
APP-08177,0.162,1
APP-08178,0.071,1
APP-08179,7.029,0
APP-08180,0.133,1
APP-08181,0.137,1
APP-08182,0.076,0
APP-08183,2.879,1
APP-08184,0.144,1
APP-08185,0.101,1
APP-08186,0.104,0
APP-08187,0.209,1
APP-08188,5.177,1
APP-08189,0.201,1
APP-08190,0.243,1
APP-08191,8.66,0
APP-08192,0.103,1
APP-08193,0.141,1
APP-08194,0.157,1
APP-08195,0.141,1
APP-08196,0.079,0
APP-08197,8.213,0
APP-08198,0.089,1
APP-08199,0.172,0
APP-08200,0.638,1
APP-08201,0.067,0
APP-08202,0.207,1
APP-08203,0.106,1
APP-08204,0.234,0
APP-08205,0.391,0
APP-08206,0.256,1
APP-08207,6.533,1
APP-08208,0.153,1
APP-08209,0.113,1
APP-08210,8.29,0
APP-08211,0.183,1
APP-08212,0.171,1
APP-08213,0.057,0
APP-08214,0.338,1
APP-08215,9.381,1
APP-08216,0.102,1
APP-08217,0.091,1
APP-08218,0.074,1
APP-08219,0.102,1
APP-08220,0.174,1
APP-08221,13.544,1
APP-08222,0.158,0
APP-08223,0.14,1
APP-08224,0.148,1
APP-08225,0.191,1
APP-08226,0.687,0
APP-08227,5.299,0
APP-08228,5.292,0
APP-08229,5.599,0
APP-08230,0.225,0
APP-08231,0.109,1
APP-08232,0.049,1
APP-08233,0.232,1
APP-08234,0.096,1
APP-08235,9.804,1
APP-08236,0.194,1
APP-08237,1.148,1
APP-08238,0.063,1
APP-08239,5.418,1
APP-08240,11.504,0
APP-08241,0.317,1
APP-08242,0.233,1
APP-08243,0.072,0
APP-08244,0.046,0
APP-08245,3.89,0
APP-08246,0.105,1
APP-08247,3.319,0
APP-08248,0.071,1
APP-08249,0.178,0
APP-08250,7.309,0
APP-08251,8.192,0
APP-08252,4.161,1
APP-08253,0.187,1
APP-08254,8.601,0
APP-08255,0.133,1
APP-08256,0.158,0
APP-08257,0.22,1
APP-08258,0.274,1
APP-08259,0.105,1
APP-08260,0.186,1
APP-08261,0.16,1
APP-08262,0.109,1
APP-08263,0.2,0
APP-08264,6.556,1
APP-08265,0.115,1
APP-08266,8.273,1
APP-08267,1.708,1
APP-08268,0.082,1
APP-08269,0.354,1
APP-08270,5.026,1
APP-08271,0.124,0
APP-08272,0.357,1
APP-08273,0.175,0
APP-08274,0.223,1
APP-08275,5.583,1
APP-08276,0.158,1
APP-08277,0.115,1
APP-08278,0.513,1
APP-08279,6.746,0
APP-08280,0.069,1
APP-08281,8.502,0
APP-08282,6.877,0
APP-08283,0.097,1
APP-08284,5.415,0
APP-08285,0.103,1
APP-08286,0.109,1
APP-08287,6.181,0
APP-08288,2.303,0
APP-08289,0.144,0
APP-08290,0.172,1
APP-08291,0.233,0
APP-08292,0.582,1
APP-08293,0.365,1
APP-08294,3.48,0
APP-08295,0.166,1
APP-08296,0.111,1
APP-08297,0.104,1
APP-08298,0.225,0
APP-08299,0.056,0
APP-08300,5.891,1
APP-08301,0.177,1
APP-08302,0.081,0
APP-08303,5.619,0
APP-08304,7.696,0
APP-08305,5.492,1
APP-08306,0.115,0
APP-08307,0.137,1
APP-08308,0.119,1
APP-08309,8.798,0
APP-08310,0.168,0
APP-08311,0.136,1
APP-08312,0.088,0
APP-08313,0.078,0
APP-08314,0.132,1
APP-08315,5.516,1
APP-08316,0.076,1
APP-08317,0.059,1
APP-08318,11.919,0
APP-08319,0.161,1
APP-08320,0.213,1
APP-08321,0.109,1
APP-08322,10.468,0
APP-08323,0.16,0
APP-08324,0.157,1
APP-08325,0.125,0
APP-08326,6.631,1
APP-08327,0.093,1
APP-08328,6.49,0
APP-08329,0.119,1
APP-08330,0.053,1
APP-08331,11.038,0
APP-08332,0.135,1
APP-08333,0.505,0
APP-08334,0.316,1
APP-08335,0.076,0
APP-08336,7.738,0
APP-08337,0.533,1
APP-08338,0.079,1
APP-08339,0.143,1
APP-08340,5.377,1
APP-08341,0.19,0
APP-08342,0.25,0
APP-08343,0.321,1
APP-08344,3.419,1
APP-08345,7.811,1
APP-08346,0.215,1
APP-08347,0.183,1
APP-08348,8.293,0
APP-08349,0.074,1
APP-08350,0.101,1
APP-08351,0.077,1
APP-08352,0.131,0
APP-08353,0.136,1
APP-08354,11.373,0
APP-08355,8.118,0
APP-08356,10.48,0
APP-08357,0.225,1
APP-08358,0.666,1
APP-08359,0.124,1
APP-08360,0.064,1
APP-08361,0.38,1
APP-08362,0.041,1
APP-08363,0.286,1
APP-08364,0.093,1
APP-08365,0.066,1
APP-08366,0.118,0
APP-08367,0.344,1
APP-08368,0.125,1
APP-08369,7.086,1
APP-08370,0.111,1
APP-08371,0.233,1
APP-08372,0.157,1
APP-08373,0.123,1
APP-08374,0.198,1
APP-08375,0.142,1
APP-08376,0.084,1
APP-08377,0.08,0
APP-08378,0.229,1
APP-08379,0.12,1
APP-08380,0.092,1
APP-08381,0.071,1
APP-08382,1.348,1
APP-08383,0.084,1
APP-08384,0.064,0
APP-08385,5.532,0
APP-08386,2.398,1
APP-08387,7.158,0
APP-08388,8.114,1
APP-08389,0.226,0
APP-08390,0.041,1
APP-08391,0.267,1
APP-08392,0.211,1
APP-08393,0.199,1
APP-08394,8.018,0
APP-08395,0.037,1
APP-08396,0.103,1
APP-08397,0.1,0
APP-08398,0.086,0
APP-08399,0.312,1
APP-08400,12.312,0
APP-08401,8.897,0
APP-08402,10.189,0
APP-08403,5.182,1
APP-08404,5.075,1
APP-08405,0.053,1
APP-08406,0.12,1
APP-08407,0.196,1
APP-08408,0.267,0
APP-08409,0.165,1
APP-08410,0.341,1
APP-08411,4.358,1
APP-08412,0.057,0
APP-08413,0.222,0
APP-08414,1.958,1
APP-08415,6.666,0
APP-08416,0.173,1
APP-08417,6.853,1
APP-08418,8.823,0
APP-08419,0.093,1
APP-08420,13.467,1
APP-08421,0.148,1
APP-08422,0.336,0
APP-08423,0.079,0
APP-08424,0.104,0
APP-08425,0.062,1
APP-08426,6.754,1
APP-08427,0.092,1
APP-08428,0.188,1
APP-08429,0.083,1
APP-08430,0.165,1
APP-08431,0.187,1
APP-08432,6.365,1
APP-08433,0.111,1
APP-08434,12.215,0
APP-08435,0.28,0
APP-08436,2.508,1
APP-08437,0.121,0
APP-08438,0.094,1
APP-08439,0.125,1
APP-08440,0.128,1
APP-08441,2.91,1
APP-08442,0.1,1
APP-08443,0.34,0
APP-08444,0.138,1
APP-08445,0.062,0
APP-08446,0.111,0
APP-08447,0.291,0
APP-08448,0.119,1
APP-08449,0.149,1
APP-08450,0.144,1
APP-08451,0.184,1
APP-08452,0.188,1
APP-08453,0.232,1
APP-08454,0.205,1
APP-08455,0.1,0
APP-08456,0.036,0
APP-08457,0.237,1
APP-08458,0.082,0
APP-08459,9.818,0
APP-08460,0.141,1
APP-08461,0.086,1
APP-08462,0.08,1
APP-08463,5.083,0
APP-08464,0.095,1
APP-08465,6.203,1
APP-08466,0.285,1
APP-08467,4.628,0
APP-08468,5.589,1
APP-08469,8.321,0
APP-08470,0.176,1
APP-08471,0.223,1
APP-08472,0.344,0
APP-08473,0.099,1
APP-08474,0.3,1
APP-08475,0.11,1
APP-08476,0.06,0
APP-08477,0.204,0
APP-08478,2.305,1
APP-08479,0.4,1
APP-08480,7.956,1
APP-08481,0.098,1
APP-08482,7.682,1
APP-08483,0.456,1
APP-08484,0.079,1
APP-08485,0.164,1
APP-08486,12.171,1
APP-08487,0.466,1
APP-08488,0.161,0
APP-08489,0.127,1
APP-08490,0.137,1
APP-08491,0.103,0
APP-08492,0.28,1
APP-08493,4.517,1
APP-08494,0.088,1
APP-08495,0.209,0
APP-08496,0.098,0
APP-08497,0.136,0
APP-08498,0.258,0
APP-08499,0.127,0
APP-08500,0.125,1
APP-08501,2.923,1
APP-08502,8.058,0
APP-08503,0.101,0
APP-08504,0.169,0
APP-08505,0.069,1
APP-08506,0.252,0
APP-08507,0.068,0
APP-08508,0.1,0
APP-08509,1.728,1
APP-08510,0.571,1
APP-08511,0.106,1
APP-08512,0.101,1
APP-08513,0.082,1
APP-08514,0.131,1
APP-08515,0.358,1
APP-08516,0.178,1
APP-08517,0.148,1
APP-08518,0.165,1
APP-08519,6.584,1
APP-08520,0.294,1
APP-08521,0.464,0
APP-08522,0.126,1
APP-08523,0.169,0
APP-08524,11.894,0
APP-08525,0.053,0
APP-08526,0.065,1
APP-08527,0.166,1
APP-08528,0.6,1
APP-08529,0.128,1
APP-08530,0.099,1
APP-08531,0.123,1
APP-08532,0.669,1
APP-08533,0.182,1
APP-08534,0.173,0
APP-08535,0.078,1
APP-08536,0.203,0
APP-08537,11.564,0
APP-08538,0.169,1
APP-08539,2.889,1
APP-08540,10.059,0
APP-08541,3.345,0
APP-08542,0.111,1
APP-08543,0.136,0
APP-08544,0.138,1
APP-08545,0.155,1
APP-08546,0.184,1
APP-08547,10.935,0
APP-08548,0.421,0
APP-08549,0.083,1
APP-08550,0.163,1
APP-08551,5.922,1
APP-08552,10.875,0
APP-08553,0.177,1
APP-08554,0.122,0
APP-08555,0.082,1
APP-08556,4.228,0
APP-08557,0.234,1
APP-08558,0.239,0
APP-08559,0.386,1
APP-08560,0.105,1
APP-08561,6.515,0
APP-08562,0.303,1
APP-08563,0.227,1
APP-08564,0.047,1
APP-08565,4.364,0
APP-08566,0.188,1
APP-08567,9.86,0
APP-08568,0.263,1
APP-08569,0.076,1
APP-08570,11.147,0
APP-08571,0.034,1
APP-08572,0.192,0
APP-08573,0.201,0
APP-08574,0.102,1
APP-08575,0.069,1
APP-08576,0.145,1
APP-08577,0.313,1
APP-08578,8.311,0
APP-08579,0.076,1
APP-08580,7.455,1
APP-08581,14.651,0
APP-08582,0.162,0
APP-08583,5.106,0
APP-08584,0.229,1
APP-08585,0.111,1
APP-08586,0.151,1
APP-08587,0.474,0
APP-08588,5.091,1
APP-08589,6.342,0
APP-08590,0.129,1
APP-08591,0.078,1
APP-08592,0.114,1
APP-08593,0.143,1
APP-08594,4.559,0
APP-08595,0.108,0
APP-08596,0.088,0
APP-08597,1.788,0
APP-08598,3.584,0
APP-08599,0.139,1
APP-08600,13.856,1
APP-08601,8.895,1
APP-08602,0.121,1
APP-08603,0.254,1
APP-08604,11.974,0
APP-08605,0.113,1
APP-08606,7.143,0
APP-08607,0.262,1
APP-08608,0.271,1
APP-08609,12.212,0
APP-08610,0.232,1
APP-08611,5.751,0
APP-08612,8.509,0
APP-08613,0.126,0
APP-08614,7.4,0
APP-08615,6.104,0
APP-08616,0.611,1
APP-08617,0.091,1
APP-08618,0.116,0
APP-08619,0.205,1
APP-08620,0.042,1
APP-08621,0.189,1
APP-08622,0.104,1
APP-08623,3.46,1
APP-08624,0.12,0
APP-08625,0.088,0
APP-08626,7.904,0
APP-08627,0.091,0
APP-08628,4.248,0
APP-08629,0.143,0
APP-08630,0.158,1
APP-08631,0.152,1
APP-08632,9.058,0
APP-08633,9.964,1
APP-08634,0.23,1
APP-08635,0.157,1
APP-08636,0.217,1
APP-08637,0.191,0
APP-08638,0.088,0
APP-08639,7.075,0
APP-08640,7.996,0
APP-08641,0.316,0
APP-08642,0.318,1
APP-08643,3.225,0
APP-08644,10.598,0
APP-08645,0.116,0
APP-08646,3.978,1
APP-08647,0.134,1
APP-08648,0.141,1
APP-08649,0.094,1
APP-08650,6.203,1
APP-08651,0.136,1
APP-08652,0.085,1
APP-08653,0.216,1
APP-08654,8.668,0
APP-08655,5.924,1
APP-08656,0.202,1
APP-08657,0.071,1
APP-08658,0.187,1
APP-08659,0.212,1
APP-08660,0.136,0
APP-08661,7.291,0
APP-08662,4.306,0
APP-08663,9.749,1
APP-08664,0.235,0
APP-08665,0.221,1
APP-08666,5.05,1
APP-08667,0.109,1
APP-08668,0.312,1
APP-08669,0.103,1
APP-08670,0.178,1
APP-08671,0.047,1
APP-08672,0.178,1
APP-08673,0.25,1
APP-08674,0.144,1
APP-08675,0.125,1
APP-08676,13.511,0
APP-08677,0.118,1
APP-08678,0.241,0
APP-08679,0.473,1
APP-08680,0.074,1
APP-08681,0.103,0
APP-08682,0.324,0
APP-08683,0.074,1
APP-08684,0.09,1
APP-08685,0.154,1
APP-08686,0.108,1
APP-08687,0.298,1
APP-08688,0.182,0
APP-08689,0.062,1
APP-08690,0.131,0
APP-08691,0.195,0
APP-08692,13.398,1
APP-08693,0.1,1
APP-08694,0.077,0
APP-08695,6.846,0
APP-08696,0.155,1
APP-08697,0.089,0
APP-08698,6.703,0
APP-08699,0.389,1
APP-08700,0.177,1
APP-08701,0.16,0
APP-08702,0.099,1
APP-08703,2.367,1
APP-08704,3.787,0
APP-08705,0.158,1
APP-08706,0.094,1
APP-08707,0.215,0
APP-08708,0.119,0
APP-08709,7.698,0
APP-08710,0.178,0
APP-08711,0.147,1
APP-08712,9.286,0
APP-08713,0.107,1
APP-08714,0.3,1
APP-08715,0.084,1
APP-08716,0.203,1
APP-08717,5.903,0
APP-08718,0.123,1
APP-08719,0.839,1
APP-08720,6.594,1
APP-08721,0.113,1
APP-08722,8.4,1
APP-08723,5.564,1
APP-08724,0.094,1
APP-08725,6.206,0
APP-08726,0.295,0
APP-08727,7.824,0
APP-08728,0.169,1
APP-08729,0.458,1
APP-08730,0.237,1
APP-08731,1.03,1
APP-08732,2.978,0
APP-08733,0.204,1
APP-08734,0.095,0
APP-08735,0.241,1
APP-08736,6.443,0
APP-08737,0.051,1
APP-08738,0.076,1
APP-08739,0.072,1
APP-08740,0.12,1
APP-08741,0.242,0
APP-08742,7.688,0
APP-08743,0.278,1
APP-08744,16.5,0
APP-08745,0.246,0
APP-08746,0.249,0
APP-08747,0.143,1
APP-08748,0.386,1
APP-08749,8.971,0
APP-08750,0.085,0
APP-08751,0.187,1
APP-08752,5.529,1
APP-08753,0.288,1
APP-08754,0.262,0
APP-08755,0.171,1
APP-08756,0.072,0
APP-08757,0.143,1
APP-08758,0.208,1
APP-08759,7.245,1
APP-08760,0.22,1
APP-08761,0.42,1
APP-08762,5.639,1
APP-08763,0.3,0
APP-08764,0.067,0
APP-08765,6.81,0
APP-08766,3.221,1
APP-08767,8.877,1
APP-08768,0.212,0
APP-08769,0.036,1
APP-08770,5.27,0
APP-08771,4.466,0
APP-08772,5.916,0
APP-08773,0.101,0
APP-08774,0.213,1
APP-08775,0.093,1
APP-08776,0.176,0
APP-08777,8.043,0
APP-08778,0.177,1
APP-08779,0.089,1
APP-08780,6.414,1
APP-08781,6.689,0
APP-08782,0.086,1
APP-08783,8.283,0
APP-08784,0.188,1
APP-08785,0.159,1
APP-08786,0.279,1
APP-08787,0.207,1
APP-08788,0.067,0
APP-08789,0.133,1
APP-08790,0.086,1
APP-08791,9.007,0
APP-08792,0.212,1
APP-08793,4.065,0
APP-08794,0.295,0
APP-08795,0.486,0
APP-08796,0.082,0
APP-08797,0.06,1
APP-08798,5.629,1
APP-08799,0.478,0
APP-08800,0.411,1
APP-08801,0.089,1
APP-08802,5.544,0
APP-08803,6.445,0
APP-08804,6.631,0
APP-08805,0.181,1
APP-08806,0.167,1
APP-08807,7.626,0
APP-08808,0.13,1
APP-08809,0.19,0
APP-08810,2.585,1
APP-08811,0.401,1
APP-08812,0.215,1
APP-08813,0.241,0
APP-08814,0.14,0
APP-08815,5.299,0
APP-08816,0.082,1
APP-08817,0.169,1
APP-08818,0.265,0
APP-08819,0.121,1
APP-08820,0.118,1
APP-08821,0.186,1
APP-08822,11.392,0
APP-08823,0.392,1
APP-08824,4.523,1
APP-08825,0.195,1
APP-08826,0.209,0
APP-08827,0.345,1
APP-08828,0.054,1
APP-08829,0.13,1
APP-08830,0.299,0
APP-08831,0.146,1
APP-08832,0.218,1
APP-08833,0.153,1
APP-08834,0.139,1
APP-08835,0.307,1
APP-08836,0.6,1
APP-08837,0.08,1
APP-08838,0.092,1
APP-08839,0.167,1
APP-08840,0.126,1
APP-08841,0.064,0
APP-08842,6.493,0
APP-08843,8.507,1
APP-08844,0.202,1
APP-08845,6.765,0
APP-08846,0.185,0
APP-08847,0.483,1
APP-08848,0.138,1
APP-08849,1.463,1
APP-08850,0.092,1
APP-08851,0.091,1
APP-08852,0.6,0
APP-08853,1.902,1
APP-08854,0.112,1
APP-08855,0.401,0
APP-08856,10.937,0
APP-08857,0.125,1
APP-08858,0.283,1
APP-08859,0.197,1
APP-08860,0.307,1
APP-08861,0.106,1
APP-08862,0.214,0
APP-08863,0.201,0
APP-08864,3.823,0
APP-08865,0.303,1
APP-08866,0.353,0
APP-08867,0.101,1
APP-08868,0.176,1
APP-08869,0.195,1
APP-08870,0.073,1
APP-08871,4.195,0
APP-08872,0.312,1
APP-08873,9.414,0
APP-08874,0.085,0
APP-08875,0.209,1
APP-08876,0.238,1
APP-08877,2.303,1
APP-08878,10.185,0
APP-08879,3.683,0
APP-08880,7.162,0
APP-08881,0.157,1
APP-08882,0.152,1
APP-08883,0.302,1
APP-08884,0.192,1
APP-08885,7.476,0
APP-08886,0.08,0
APP-08887,0.238,1
APP-08888,13.093,1
APP-08889,6.078,1
APP-08890,0.212,1
APP-08891,0.262,1
APP-08892,0.307,1
APP-08893,6.173,0
APP-08894,0.31,0
APP-08895,0.081,1
APP-08896,0.115,0
APP-08897,0.385,1
APP-08898,10.74,1
APP-08899,0.088,1
APP-08900,6.668,0
APP-08901,0.178,1
APP-08902,0.157,0
APP-08903,6.37,1
APP-08904,0.6,0
APP-08905,11.368,0
APP-08906,0.246,1
APP-08907,0.25,0
APP-08908,0.05,0
APP-08909,0.187,1
APP-08910,0.219,1
APP-08911,0.082,0
APP-08912,4.765,0
APP-08913,0.064,1
APP-08914,0.155,1
APP-08915,0.243,1
APP-08916,0.636,0
APP-08917,0.083,0
APP-08918,0.226,1
APP-08919,0.198,1
APP-08920,9.128,0
APP-08921,0.127,1
APP-08922,0.218,0
APP-08923,0.154,1
APP-08924,6.363,1
APP-08925,0.089,0
APP-08926,9.961,0
APP-08927,4.972,0
APP-08928,0.22,1
APP-08929,0.114,1
APP-08930,10.965,0
APP-08931,0.154,1
APP-08932,0.135,1
APP-08933,0.174,1
APP-08934,4.133,1
APP-08935,0.183,1
APP-08936,0.284,0
APP-08937,9.942,0
APP-08938,6.524,0
APP-08939,0.271,1
APP-08940,12.872,0
APP-08941,0.162,1
APP-08942,0.159,1
APP-08943,0.231,1
APP-08944,0.16,0
APP-08945,9.174,0
APP-08946,0.218,0
APP-08947,0.062,1
APP-08948,0.051,1
APP-08949,0.044,1
APP-08950,0.112,1
APP-08951,10.597,0
APP-08952,0.748,1
APP-08953,0.113,1
APP-08954,0.456,1
APP-08955,5.836,1
APP-08956,0.249,1
APP-08957,2.122,0
APP-08958,3.866,1
APP-08959,9.635,0
APP-08960,0.244,0
APP-08961,0.094,0
APP-08962,7.377,1
APP-08963,0.36,1
APP-08964,3.948,0
APP-08965,12.881,0
APP-08966,0.179,1
APP-08967,0.24,0
APP-08968,0.065,1
APP-08969,0.091,1
APP-08970,0.113,0
APP-08971,2.479,1
APP-08972,0.074,1
APP-08973,0.468,0
APP-08974,3.254,1
APP-08975,0.156,1
APP-08976,8.09,1
APP-08977,0.11,1
APP-08978,1.023,1
APP-08979,7.939,1
APP-08980,3.043,1
APP-08981,4.224,1
APP-08982,0.164,0
APP-08983,2.478,1
APP-08984,0.364,0
APP-08985,0.271,0
APP-08986,0.158,1
APP-08987,10.249,0
APP-08988,0.135,1
APP-08989,0.18,0
APP-08990,0.236,0
APP-08991,2.768,0
APP-08992,8.863,1
APP-08993,0.166,1
APP-08994,0.056,0
APP-08995,11.106,0
APP-08996,0.384,1
APP-08997,7.426,0
APP-08998,0.192,1
APP-08999,0.103,1
APP-09000,0.203,1
APP-09001,0.064,1
APP-09002,8.089,1
APP-09003,0.124,0
APP-09004,0.157,1
APP-09005,8.192,0
APP-09006,0.151,1
APP-09007,0.152,1
APP-09008,11.698,0
APP-09009,0.367,1
APP-09010,0.214,1
APP-09011,0.064,0
APP-09012,0.243,1
APP-09013,0.298,1
APP-09014,0.198,1
APP-09015,1.811,0
APP-09016,0.073,1
APP-09017,12.568,0
APP-09018,11.1,0
APP-09019,4.836,1
APP-09020,11.504,0
APP-09021,0.6,1
APP-09022,0.126,0
APP-09023,0.125,1
APP-09024,0.306,1
APP-09025,0.202,1
APP-09026,0.198,0
APP-09027,6.257,1
APP-09028,3.347,0
APP-09029,0.247,0
APP-09030,0.189,1
APP-09031,0.571,1
APP-09032,0.101,0
APP-09033,1.189,0
APP-09034,0.081,1
APP-09035,0.296,1
APP-09036,0.085,0
APP-09037,13.819,1
APP-09038,0.158,1
APP-09039,0.115,1
APP-09040,0.13,1
APP-09041,6.253,1
APP-09042,0.429,0
APP-09043,0.206,1
APP-09044,0.296,1
APP-09045,0.164,0
APP-09046,0.117,0
APP-09047,0.324,1
APP-09048,0.24,0
APP-09049,0.429,1
APP-09050,0.149,1
APP-09051,0.106,0
APP-09052,0.102,1
APP-09053,12.224,0
APP-09054,2.063,0
APP-09055,0.164,1
APP-09056,0.248,0
APP-09057,0.223,0
APP-09058,4.499,0
APP-09059,6.446,0
APP-09060,3.573,0
APP-09061,7.653,0
APP-09062,0.186,1
APP-09063,0.083,1
APP-09064,0.252,1
APP-09065,0.237,0
APP-09066,4.225,1
APP-09067,0.172,0
APP-09068,0.081,0
APP-09069,7.111,0
APP-09070,0.092,1
APP-09071,0.385,0
APP-09072,5.332,0
APP-09073,0.173,1
APP-09074,9.599,0
APP-09075,0.087,1
APP-09076,0.169,0
APP-09077,0.096,1
APP-09078,9.271,0
APP-09079,0.228,0
APP-09080,14.973,1
APP-09081,0.118,1
APP-09082,0.1,0
APP-09083,0.165,1
APP-09084,9.359,1
APP-09085,0.109,1
APP-09086,0.113,1
APP-09087,0.066,0
APP-09088,1.629,0
APP-09089,0.418,1
APP-09090,6.451,0
APP-09091,0.117,1
APP-09092,14.516,0
APP-09093,0.209,1
APP-09094,0.064,0
APP-09095,0.205,1
APP-09096,0.111,0
APP-09097,2.49,0
APP-09098,0.147,1
APP-09099,0.103,0
APP-09100,3.756,1
APP-09101,0.12,1
APP-09102,0.115,1
APP-09103,10.889,1
APP-09104,0.115,1
APP-09105,8.453,0
APP-09106,0.13,1
APP-09107,0.118,1
APP-09108,4.224,1
APP-09109,6.764,1
APP-09110,0.309,0
APP-09111,0.093,0
APP-09112,0.233,1
APP-09113,0.204,1
APP-09114,0.153,1
APP-09115,0.041,1
APP-09116,0.081,1
APP-09117,3.691,1
APP-09118,0.088,0
APP-09119,1.889,0
APP-09120,0.198,0
APP-09121,6.756,0
APP-09122,0.218,1
APP-09123,0.041,1
APP-09124,6.322,0
APP-09125,0.215,0
APP-09126,0.064,1
APP-09127,7.715,0
APP-09128,0.112,0
APP-09129,0.198,1
APP-09130,12.049,0
APP-09131,3.344,0
APP-09132,0.392,1
APP-09133,0.136,0
APP-09134,0.058,1
APP-09135,0.241,1
APP-09136,0.309,1
APP-09137,0.101,1
APP-09138,0.118,1
APP-09139,0.06,1
APP-09140,0.147,1
APP-09141,0.085,1
APP-09142,0.176,1
APP-09143,10.628,0
APP-09144,4.783,1
APP-09145,8.371,0
APP-09146,0.064,0
APP-09147,0.298,1
APP-09148,4.219,1
APP-09149,0.15,0
APP-09150,0.184,1
APP-09151,0.086,0
APP-09152,4.765,1
APP-09153,14.017,1
APP-09154,0.214,1
APP-09155,0.229,1
APP-09156,0.1,0
APP-09157,0.477,1
APP-09158,0.119,1
APP-09159,0.331,1
APP-09160,0.105,1
APP-09161,0.067,0
APP-09162,8.627,0
APP-09163,0.108,0
APP-09164,0.178,1
APP-09165,0.207,1
APP-09166,0.314,0
APP-09167,10.819,0
APP-09168,5.796,1
APP-09169,0.241,1
APP-09170,9.523,0
APP-09171,3.091,0
APP-09172,6.611,0
APP-09173,0.19,0
APP-09174,0.408,0
APP-09175,0.208,1
APP-09176,0.282,1
APP-09177,0.379,1
APP-09178,0.099,1
APP-09179,0.149,0
APP-09180,0.024,0
APP-09181,0.054,1
APP-09182,0.061,1
APP-09183,8.351,0
APP-09184,0.223,1
APP-09185,0.141,1
APP-09186,0.287,1
APP-09187,0.123,0
APP-09188,3.803,1
APP-09189,0.189,1
APP-09190,0.264,1
APP-09191,0.087,1
APP-09192,1.093,1
APP-09193,0.12,1
APP-09194,0.225,1
APP-09195,5.421,0
APP-09196,0.147,1
APP-09197,0.172,1
APP-09198,0.218,0
APP-09199,0.084,0
APP-09200,0.189,1
APP-09201,0.26,1
APP-09202,0.074,1
APP-09203,0.175,0
APP-09204,0.189,0
APP-09205,0.102,1
APP-09206,7.108,0
APP-09207,0.151,1
APP-09208,10.347,0
APP-09209,0.532,1
APP-09210,0.191,1
APP-09211,5.059,0
APP-09212,0.346,1
APP-09213,0.169,0
APP-09214,7.026,1
APP-09215,0.089,1
APP-09216,10.876,0
APP-09217,7.512,0
APP-09218,0.162,0
APP-09219,0.111,1
APP-09220,8.241,0
APP-09221,10.317,0
APP-09222,4.814,0
APP-09223,0.178,1
APP-09224,0.101,0
APP-09225,0.165,1
APP-09226,7.408,0
APP-09227,0.146,1
APP-09228,9.619,0
APP-09229,8.829,0
APP-09230,0.047,1
APP-09231,0.424,1
APP-09232,11.28,0
APP-09233,0.097,0
APP-09234,0.083,1
APP-09235,0.378,1
APP-09236,0.109,0
APP-09237,0.254,1
APP-09238,0.385,0
APP-09239,0.162,1
APP-09240,0.112,1
APP-09241,0.3,0
APP-09242,0.076,1
APP-09243,0.194,0
APP-09244,0.235,1
APP-09245,0.166,0
APP-09246,6.253,1
APP-09247,12.187,0
APP-09248,5.136,0
APP-09249,0.363,1
APP-09250,0.233,1
APP-09251,0.097,1
APP-09252,0.253,0
APP-09253,0.088,1
APP-09254,0.056,1
APP-09255,0.133,1
APP-09256,0.108,1
APP-09257,3.655,0
APP-09258,0.192,1
APP-09259,0.421,1
APP-09260,0.154,1
APP-09261,0.144,1
APP-09262,0.094,0
APP-09263,0.142,1
APP-09264,0.321,1
APP-09265,0.053,1
APP-09266,9.788,0
APP-09267,0.15,1
APP-09268,0.411,1
APP-09269,4.587,1
APP-09270,0.187,0
APP-09271,0.215,1
APP-09272,0.14,1
APP-09273,5.856,1
APP-09274,0.181,1
APP-09275,0.039,1
APP-09276,3.749,1
APP-09277,0.135,0
APP-09278,0.078,1
APP-09279,0.076,1
APP-09280,0.111,1
APP-09281,0.068,1
APP-09282,5.192,1
APP-09283,0.198,0
APP-09284,0.221,1
APP-09285,0.132,1
APP-09286,0.122,0
APP-09287,0.128,1
APP-09288,0.202,1
APP-09289,0.209,1
APP-09290,0.084,1
APP-09291,12.675,0
APP-09292,0.241,1
APP-09293,0.134,1
APP-09294,0.183,1
APP-09295,0.322,0
APP-09296,0.066,1
APP-09297,0.225,1
APP-09298,11.096,0
APP-09299,5.276,1
APP-09300,0.109,1
APP-09301,0.182,0
APP-09302,0.239,0
APP-09303,0.119,1
APP-09304,0.121,0
APP-09305,4.736,1
APP-09306,0.2,1
APP-09307,0.364,0
APP-09308,0.166,1
APP-09309,0.134,1
APP-09310,5.144,1
APP-09311,0.21,1
APP-09312,0.148,0
APP-09313,0.223,1
APP-09314,12.764,0
APP-09315,15.73,1
APP-09316,0.126,1
APP-09317,0.454,1
APP-09318,8.757,1
APP-09319,0.224,1
APP-09320,11.911,1
APP-09321,0.194,0
APP-09322,0.068,1
APP-09323,0.104,1
APP-09324,0.092,1
APP-09325,0.147,0
APP-09326,0.08,1
APP-09327,9.877,0
APP-09328,0.123,1
APP-09329,8.158,0
APP-09330,0.126,1
APP-09331,0.235,1
APP-09332,10.756,0
APP-09333,3.485,0
APP-09334,0.079,1
APP-09335,8.888,0
APP-09336,0.128,1
APP-09337,0.089,1
APP-09338,0.359,0
APP-09339,0.237,0
APP-09340,0.129,0
APP-09341,4.952,0
APP-09342,0.178,0
APP-09343,0.149,1
APP-09344,0.213,1
APP-09345,0.101,1
APP-09346,4.562,0
APP-09347,0.075,0
APP-09348,7.429,1
APP-09349,0.169,1
APP-09350,0.295,0
APP-09351,0.197,0
APP-09352,0.223,1
APP-09353,3.929,1
APP-09354,0.076,1
APP-09355,6.393,1
APP-09356,9.615,0
APP-09357,0.278,1
APP-09358,0.147,1
APP-09359,4.241,1
APP-09360,0.128,0
APP-09361,9.766,1
APP-09362,0.373,1
APP-09363,0.145,0
APP-09364,0.178,0
APP-09365,0.101,1
APP-09366,6.496,1
APP-09367,0.111,1
APP-09368,12.545,0
APP-09369,0.083,0
APP-09370,0.394,0
APP-09371,0.091,1
APP-09372,0.109,1
APP-09373,0.175,0
APP-09374,0.177,1
APP-09375,0.197,1
APP-09376,0.288,1
APP-09377,0.114,1
APP-09378,6.469,0
APP-09379,3.574,0
APP-09380,0.245,0
APP-09381,3.822,1
APP-09382,0.253,0
APP-09383,7.921,0
APP-09384,4.108,1
APP-09385,0.221,0
APP-09386,0.121,0
APP-09387,0.263,1
APP-09388,0.087,1
APP-09389,0.144,1
APP-09390,0.217,0
APP-09391,10.049,0
APP-09392,1.38,1
APP-09393,6.098,1
APP-09394,0.218,1
APP-09395,10.371,0
APP-09396,0.196,1
APP-09397,0.119,1
APP-09398,0.97,1
APP-09399,7.996,1
APP-09400,4.37,0
APP-09401,8.102,0
APP-09402,0.301,1
APP-09403,0.31,1
APP-09404,0.103,1
APP-09405,0.799,1
APP-09406,0.418,1
APP-09407,0.355,1
APP-09408,0.129,0
APP-09409,0.097,1
APP-09410,7.583,0
APP-09411,0.056,1
APP-09412,6.134,1
APP-09413,4.209,0
APP-09414,0.067,1
APP-09415,11.175,0
APP-09416,0.042,1
APP-09417,1.389,1
APP-09418,0.095,1
APP-09419,0.281,1
APP-09420,9.957,1
APP-09421,0.209,1
APP-09422,0.196,1
APP-09423,2.538,1
APP-09424,0.109,1
APP-09425,2.833,0
APP-09426,0.243,0
APP-09427,0.045,1
APP-09428,0.089,0
APP-09429,0.777,1
APP-09430,7.727,0
APP-09431,8.944,0
APP-09432,0.193,0
APP-09433,0.183,0
APP-09434,0.187,1
APP-09435,0.188,0
APP-09436,0.1,1
APP-09437,0.161,1
APP-09438,0.248,1
APP-09439,0.208,0
APP-09440,5.994,0
APP-09441,0.101,1
APP-09442,0.117,1
APP-09443,0.061,0
APP-09444,0.089,0
APP-09445,0.077,1
APP-09446,3.806,1
APP-09447,0.278,1
APP-09448,0.201,1
APP-09449,0.118,0
APP-09450,0.084,1
APP-09451,0.077,1
APP-09452,0.104,1
APP-09453,0.103,1
APP-09454,0.243,1
APP-09455,2.609,1
APP-09456,0.209,0
APP-09457,0.079,1
APP-09458,0.249,1
APP-09459,0.149,0
APP-09460,8.721,1
APP-09461,5.745,1
APP-09462,0.227,1
APP-09463,0.311,1
APP-09464,0.283,1
APP-09465,0.205,1
APP-09466,0.273,0
APP-09467,0.085,1
APP-09468,0.246,1
APP-09469,0.049,0
APP-09470,5.884,0
APP-09471,0.093,1
APP-09472,0.503,1
APP-09473,0.119,1
APP-09474,0.224,1
APP-09475,0.137,1
APP-09476,0.113,1
APP-09477,0.238,1
APP-09478,2.983,1
APP-09479,0.305,1
APP-09480,0.058,0
APP-09481,0.294,1
APP-09482,0.128,1
APP-09483,5.227,1
APP-09484,0.079,1
APP-09485,0.172,1
APP-09486,0.118,0
APP-09487,0.063,1
APP-09488,0.291,1
APP-09489,7.778,1
APP-09490,0.269,1
APP-09491,3.515,0
APP-09492,7.995,0
APP-09493,0.199,1
APP-09494,8.616,1
APP-09495,0.277,1
APP-09496,0.212,1
APP-09497,0.6,1
APP-09498,6.606,0
APP-09499,0.167,1
APP-09500,0.202,1
APP-09501,13.768,0
APP-09502,0.239,0
APP-09503,0.093,0
APP-09504,0.139,1
APP-09505,4.446,1
APP-09506,0.23,0
APP-09507,6.085,0
APP-09508,14.954,0
APP-09509,0.127,1
APP-09510,0.179,1
APP-09511,0.226,1
APP-09512,6.405,0
APP-09513,0.36,0
APP-09514,6.265,1
APP-09515,0.145,1
APP-09516,0.068,1
APP-09517,0.134,0
APP-09518,5.795,0
APP-09519,0.327,1
APP-09520,0.11,0
APP-09521,0.089,1
APP-09522,0.279,1
APP-09523,0.181,1
APP-09524,5.767,0
APP-09525,0.147,0
APP-09526,0.08,0
APP-09527,0.097,1
APP-09528,0.222,1
APP-09529,0.084,1
APP-09530,4.739,0
APP-09531,6.577,1
APP-09532,6.544,0
APP-09533,0.111,0
APP-09534,3.759,1
APP-09535,0.102,1
APP-09536,0.111,0
APP-09537,0.068,0
APP-09538,8.467,0
APP-09539,0.129,0
APP-09540,5.53,0
APP-09541,0.443,0
APP-09542,0.19,1
APP-09543,9.168,0
APP-09544,0.241,1
APP-09545,0.139,0
APP-09546,11.839,0
APP-09547,3.332,1
APP-09548,0.184,1
APP-09549,0.262,0
APP-09550,0.182,1
APP-09551,0.346,1
APP-09552,0.152,1
APP-09553,0.206,1
APP-09554,2.776,0
APP-09555,0.129,1
APP-09556,0.111,1
APP-09557,0.138,1
APP-09558,0.047,1
APP-09559,4.78,0
APP-09560,0.113,0
APP-09561,6.996,0
APP-09562,0.109,1
APP-09563,0.11,1
APP-09564,0.15,1
APP-09565,8.417,1
APP-09566,9.184,0
APP-09567,0.225,1
APP-09568,11.674,1
APP-09569,0.154,1
APP-09570,1.988,1
APP-09571,7.632,1
APP-09572,0.13,0
APP-09573,7.175,0
APP-09574,0.093,1
APP-09575,0.092,1
APP-09576,0.091,1
APP-09577,0.175,0
APP-09578,0.239,1
APP-09579,0.163,1
APP-09580,0.221,0
APP-09581,0.095,1
APP-09582,8.117,0
APP-09583,0.097,1
APP-09584,0.164,1
APP-09585,0.08,0
APP-09586,0.297,1
APP-09587,6.565,0
APP-09588,0.155,0
APP-09589,0.207,1
APP-09590,0.171,0
APP-09591,0.185,0
APP-09592,0.089,0
APP-09593,0.6,1
APP-09594,0.149,0
APP-09595,0.139,1
APP-09596,9.438,0
APP-09597,0.078,1
APP-09598,10.849,0
APP-09599,0.319,1
APP-09600,0.098,1
APP-09601,0.351,0
APP-09602,4.077,0
APP-09603,0.383,1
APP-09604,9.598,1
APP-09605,0.06,1
APP-09606,0.287,0
APP-09607,0.172,0
APP-09608,0.108,0
APP-09609,0.095,1
APP-09610,4.82,1
APP-09611,1.806,1
APP-09612,0.136,0
APP-09613,5.635,0
APP-09614,6.759,0
APP-09615,8.752,0
APP-09616,0.267,1
APP-09617,0.269,1
APP-09618,7.528,0
APP-09619,0.087,0
APP-09620,0.106,0
APP-09621,0.206,1
APP-09622,1.055,0
APP-09623,0.107,1
APP-09624,8.039,0
APP-09625,0.091,1
APP-09626,0.179,1
APP-09627,6.45,1
APP-09628,0.17,0
APP-09629,3.522,0
APP-09630,0.105,1
APP-09631,0.247,0
APP-09632,6.866,1
APP-09633,0.075,1
APP-09634,9.41,1
APP-09635,0.167,1
APP-09636,4.582,0
APP-09637,3.057,1
APP-09638,0.172,1
APP-09639,0.122,1
APP-09640,6.877,0
APP-09641,0.164,1
APP-09642,0.178,0
APP-09643,6.247,0
APP-09644,0.155,1
APP-09645,0.11,1
APP-09646,0.145,0
APP-09647,1.851,1
APP-09648,0.221,1
APP-09649,0.173,0
APP-09650,0.171,1
APP-09651,4.47,1
APP-09652,9.924,0
APP-09653,0.076,1
APP-09654,0.073,1
APP-09655,0.236,1
APP-09656,0.19,1
APP-09657,0.155,0
APP-09658,0.103,1
APP-09659,0.179,1
APP-09660,0.089,0
APP-09661,8.851,1
APP-09662,0.147,1
APP-09663,0.082,1
APP-09664,0.148,1
APP-09665,0.101,0
APP-09666,0.143,1
APP-09667,0.059,1
APP-09668,7.915,0
APP-09669,11.558,0
APP-09670,0.085,1
APP-09671,0.267,1
APP-09672,0.198,0
APP-09673,7.706,0
APP-09674,7.75,0
APP-09675,0.199,1
APP-09676,0.178,1
APP-09677,0.065,1
APP-09678,0.184,1
APP-09679,0.065,0
APP-09680,0.091,1
APP-09681,11.156,0
APP-09682,0.107,1
APP-09683,0.288,0
APP-09684,6.594,0
APP-09685,3.921,0
APP-09686,0.092,1
APP-09687,6.879,1
APP-09688,9.556,1
APP-09689,0.316,0
APP-09690,0.259,0
APP-09691,0.213,1
APP-09692,0.117,0
APP-09693,0.288,1
APP-09694,0.081,1
APP-09695,0.163,0
APP-09696,0.136,1
APP-09697,0.737,1
APP-09698,8.59,1
APP-09699,0.076,1
APP-09700,0.114,1
APP-09701,6.783,0
APP-09702,0.18,0
APP-09703,6.735,1
APP-09704,7.075,0
APP-09705,0.126,1
APP-09706,0.119,1
APP-09707,0.226,1
APP-09708,0.155,0
APP-09709,5.902,1
APP-09710,0.13,1
APP-09711,11.652,0
APP-09712,0.315,0
APP-09713,6.611,1
APP-09714,2.913,1
APP-09715,0.17,1
APP-09716,0.161,0
APP-09717,12.513,0
APP-09718,0.057,1
APP-09719,0.089,1
APP-09720,0.085,0
APP-09721,0.072,1
APP-09722,0.173,1
APP-09723,0.099,1
APP-09724,0.109,1
APP-09725,0.198,1
APP-09726,2.573,1
APP-09727,12.354,0
APP-09728,0.047,1
APP-09729,6.474,0
APP-09730,0.109,0
APP-09731,0.186,1
APP-09732,0.257,1
APP-09733,0.156,1
APP-09734,0.155,1
APP-09735,0.106,1
APP-09736,0.179,0
APP-09737,3.722,1
APP-09738,0.148,0
APP-09739,0.194,1
APP-09740,0.036,1
APP-09741,0.399,1
APP-09742,7.125,0
APP-09743,0.192,1
APP-09744,0.136,0
APP-09745,0.106,1
APP-09746,9.111,0
APP-09747,0.116,0
APP-09748,0.094,1
APP-09749,7.127,1
APP-09750,0.135,1
APP-09751,0.149,1
APP-09752,5.231,0
APP-09753,0.213,1
APP-09754,0.369,0
APP-09755,0.447,1
APP-09756,0.14,1
APP-09757,0.191,1
APP-09758,13.034,0
APP-09759,0.057,1
APP-09760,3.75,0
APP-09761,0.374,1
APP-09762,0.276,0
APP-09763,0.081,1
APP-09764,0.052,0
APP-09765,0.081,1
APP-09766,0.157,1
APP-09767,0.145,0
APP-09768,0.349,1
APP-09769,0.102,1
APP-09770,0.065,0
APP-09771,8.573,0
APP-09772,0.417,0
APP-09773,9.276,0
APP-09774,0.273,0
APP-09775,0.215,1
APP-09776,0.201,1
APP-09777,0.053,1
APP-09778,0.152,1
APP-09779,6.194,0
APP-09780,0.198,1
APP-09781,0.245,0
APP-09782,2.206,1
APP-09783,3.938,1
APP-09784,0.155,1
APP-09785,9.764,0
APP-09786,0.483,1
APP-09787,12.976,1
APP-09788,0.196,1
APP-09789,0.102,0
APP-09790,0.254,1
APP-09791,0.076,1
APP-09792,0.343,1
APP-09793,0.23,0
APP-09794,0.083,1
APP-09795,0.085,1
APP-09796,0.81,1
APP-09797,1.073,1
APP-09798,0.157,1
APP-09799,0.102,1
APP-09800,0.478,1
APP-09801,0.232,1
APP-09802,0.059,1
APP-09803,0.096,1
APP-09804,0.233,1
APP-09805,4.386,0
APP-09806,9.643,0
APP-09807,0.129,1
APP-09808,5.543,0
APP-09809,11.283,1
APP-09810,0.093,1
APP-09811,0.101,0
APP-09812,0.213,1
APP-09813,0.14,1
APP-09814,0.279,1
APP-09815,0.207,1
APP-09816,2.394,0
APP-09817,9.859,0
APP-09818,0.11,1
APP-09819,0.197,1
APP-09820,0.119,0
APP-09821,2.31,1
APP-09822,0.25,1
APP-09823,0.168,1
APP-09824,0.058,1
APP-09825,8.451,0
APP-09826,0.323,1
APP-09827,0.172,1
APP-09828,3.541,0
APP-09829,7.482,0
APP-09830,0.158,1
APP-09831,15.06,1
APP-09832,0.296,1
APP-09833,0.21,1
APP-09834,8.733,0
APP-09835,0.156,1
APP-09836,0.192,1
APP-09837,0.179,0
APP-09838,0.123,0
APP-09839,0.348,1
APP-09840,0.18,1
APP-09841,0.132,1
APP-09842,8.469,0
APP-09843,0.097,1
APP-09844,0.144,1
APP-09845,0.13,1
APP-09846,0.224,0
APP-09847,0.199,1
APP-09848,4.161,0
APP-09849,0.234,0
APP-09850,0.102,0
APP-09851,5.708,1
APP-09852,1.491,1
APP-09853,0.32,1
APP-09854,0.043,1
APP-09855,13.747,1
APP-09856,0.197,1
APP-09857,0.372,1
APP-09858,0.23,0
APP-09859,0.178,1
APP-09860,0.404,1
APP-09861,0.206,1
APP-09862,5.962,0
APP-09863,0.479,0
APP-09864,0.143,0
APP-09865,0.072,1
APP-09866,0.566,1
APP-09867,5.518,0
APP-09868,0.191,1
APP-09869,0.238,0
APP-09870,0.342,0
APP-09871,0.036,1
APP-09872,0.09,0
APP-09873,0.246,1
APP-09874,0.6,1
APP-09875,10.103,0
APP-09876,0.229,0
APP-09877,0.399,1
APP-09878,0.11,0
APP-09879,0.364,0
APP-09880,6.657,0
APP-09881,0.062,1
APP-09882,0.178,1
APP-09883,0.084,1
APP-09884,0.116,1
APP-09885,0.148,0
APP-09886,0.14,1
APP-09887,6.106,1
APP-09888,0.646,1
APP-09889,0.142,1
APP-09890,0.421,0
APP-09891,0.143,0
APP-09892,0.155,1
APP-09893,10.59,0
APP-09894,0.278,1
APP-09895,6.184,1
APP-09896,0.071,1
APP-09897,0.085,0
APP-09898,0.166,1
APP-09899,4.684,1
APP-09900,6.037,0
APP-09901,12.49,0
APP-09902,9.49,1
APP-09903,0.136,1
APP-09904,0.657,1
APP-09905,0.147,1
APP-09906,0.395,0
APP-09907,0.262,1
APP-09908,0.074,0
APP-09909,9.05,0
APP-09910,0.219,1
APP-09911,0.271,1
APP-09912,6.342,1
APP-09913,0.194,1
APP-09914,0.092,1
APP-09915,8.864,0
APP-09916,0.111,0
APP-09917,0.079,0
APP-09918,0.215,1
APP-09919,0.083,1
APP-09920,0.26,0
APP-09921,0.27,1
APP-09922,12.503,1
APP-09923,3.903,0
APP-09924,0.179,0
APP-09925,0.282,1
APP-09926,0.041,1
APP-09927,0.064,1
APP-09928,0.173,1
APP-09929,12.41,1
APP-09930,0.204,1
APP-09931,0.085,1
APP-09932,0.115,1
APP-09933,10.223,1
APP-09934,6.965,0
APP-09935,11.753,1
APP-09936,0.125,0
APP-09937,0.164,1
APP-09938,0.206,0
APP-09939,0.211,1
APP-09940,0.115,0
APP-09941,0.132,0
APP-09942,4.439,1
APP-09943,0.253,0
APP-09944,6.968,1
APP-09945,0.165,0
APP-09946,0.08,1
APP-09947,3.68,0
APP-09948,8.204,1
APP-09949,0.05,1
APP-09950,0.206,0
APP-09951,5.645,0
APP-09952,4.668,0
APP-09953,0.348,1
APP-09954,0.096,1
APP-09955,0.582,0
APP-09956,7.345,1
APP-09957,0.231,0
APP-09958,0.144,0
APP-09959,2.723,1
APP-09960,0.082,1
APP-09961,0.126,1
APP-09962,0.363,0
APP-09963,0.095,0
APP-09964,0.103,0
APP-09965,7.696,0
APP-09966,4.184,0
APP-09967,0.131,0
APP-09968,0.056,0
APP-09969,1.637,0
APP-09970,12.652,0
APP-09971,0.067,1
APP-09972,2.75,1
APP-09973,0.132,1
APP-09974,12.925,1
APP-09975,0.275,1
APP-09976,0.083,0
APP-09977,0.184,1
APP-09978,0.12,1
APP-09979,7.587,0
APP-09980,0.074,1
APP-09981,0.398,0
APP-09982,0.151,1
APP-09983,0.397,0
APP-09984,0.154,1
APP-09985,0.158,0
APP-09986,0.172,1
APP-09987,0.17,1
APP-09988,0.116,0
APP-09989,0.198,0
APP-09990,7.578,1
APP-09991,0.118,1
APP-09992,0.168,1
APP-09993,0.157,1
APP-09994,0.097,1
APP-09995,0.132,0
APP-09996,0.171,1
APP-09997,0.133,1
APP-09998,0.6,1
APP-09999,0.09,1
APP-10000,0.151,1
APP-10001,0.208,1
APP-10002,0.187,1
APP-10003,8.784,0
APP-10004,0.194,1
APP-10005,0.231,0
APP-10006,0.197,0
APP-10007,11.377,1
APP-10008,0.109,1
APP-10009,0.097,1
APP-10010,7.433,0
APP-10011,5.547,0
APP-10012,3.938,0
APP-10013,0.186,1
APP-10014,0.217,0
APP-10015,5.762,0
APP-10016,0.6,0
APP-10017,0.109,0
APP-10018,8.363,1
APP-10019,0.292,1
APP-10020,0.12,0
APP-10021,8.784,0
APP-10022,0.138,0
APP-10023,0.107,1
APP-10024,9.351,0
APP-10025,0.159,1
APP-10026,0.16,0
APP-10027,0.106,1
APP-10028,11.726,0
APP-10029,0.201,1
APP-10030,0.126,1
APP-10031,0.143,1
APP-10032,0.14,1
APP-10033,0.211,1
APP-10034,0.157,1
APP-10035,8.742,1
APP-10036,0.266,1
APP-10037,2.941,1
APP-10038,0.231,0
APP-10039,8.0,1
APP-10040,8.707,0
APP-10041,9.272,1
APP-10042,0.192,1
APP-10043,7.929,0
APP-10044,0.6,1
APP-10045,0.158,1
APP-10046,0.088,0
APP-10047,0.233,1
APP-10048,0.031,1
APP-10049,0.203,1
APP-10050,0.164,0
APP-10051,0.109,1
APP-10052,10.217,0
APP-10053,0.168,1
APP-10054,0.083,1
APP-10055,0.328,1
APP-10056,0.877,1
APP-10057,0.108,0
APP-10058,0.148,1
APP-10059,0.144,1
APP-10060,0.204,1
APP-10061,0.134,1
APP-10062,0.075,0
APP-10063,0.064,1
APP-10064,0.122,1
APP-10065,0.114,1
APP-10066,0.077,1
APP-10067,0.132,1
APP-10068,0.14,1
APP-10069,0.132,1
APP-10070,0.105,1
APP-10071,0.086,1
APP-10072,0.136,0
APP-10073,0.183,0
APP-10074,10.633,0
APP-10075,0.359,1
APP-10076,0.193,1
APP-10077,0.161,1
APP-10078,0.644,1
APP-10079,0.251,1
APP-10080,0.3,1
APP-10081,8.062,1
APP-10082,0.053,1
APP-10083,0.15,1
APP-10084,0.088,0
APP-10085,0.143,1
APP-10086,6.192,0
APP-10087,0.255,1
APP-10088,4.706,0
APP-10089,8.839,0
APP-10090,5.033,0
APP-10091,8.154,1
APP-10092,0.092,0
APP-10093,0.108,1
APP-10094,5.931,1
APP-10095,0.129,1
APP-10096,0.144,1
APP-10097,0.042,1
APP-10098,11.57,0
APP-10099,0.082,0
APP-10100,0.117,1
APP-10101,0.04,0
APP-10102,9.231,1
APP-10103,0.127,1
APP-10104,0.083,1
APP-10105,0.232,1
APP-10106,0.095,1
APP-10107,0.154,1
APP-10108,3.423,0
APP-10109,0.135,1
APP-10110,0.183,1
APP-10111,0.125,1
APP-10112,5.182,1
APP-10113,0.046,1
APP-10114,0.316,1
APP-10115,0.116,0
APP-10116,0.128,1
APP-10117,0.107,1
APP-10118,1.658,1
APP-10119,0.255,1
APP-10120,0.059,0
APP-10121,0.601,1
APP-10122,0.219,1
APP-10123,2.961,0
APP-10124,0.165,1
APP-10125,0.186,1
APP-10126,0.117,1
APP-10127,0.074,1
APP-10128,0.105,1
APP-10129,0.125,1
APP-10130,9.5,1
APP-10131,0.084,1
APP-10132,0.074,1
APP-10133,0.452,0
APP-10134,0.177,1
APP-10135,0.252,0
APP-10136,2.617,1
APP-10137,0.076,0
APP-10138,0.274,1
APP-10139,0.15,1
APP-10140,0.282,1
APP-10141,0.111,1
APP-10142,0.138,1
APP-10143,0.156,0
APP-10144,0.159,1
APP-10145,5.2,0
APP-10146,11.339,1
APP-10147,0.159,1
APP-10148,0.139,1
APP-10149,0.085,0
APP-10150,0.401,0
APP-10151,0.201,1
APP-10152,0.242,1
APP-10153,4.067,1
APP-10154,0.164,0
APP-10155,13.477,0
APP-10156,0.087,1
APP-10157,3.512,1
APP-10158,11.127,0
APP-10159,0.138,0
APP-10160,10.143,0
APP-10161,0.26,1
APP-10162,0.057,1
APP-10163,0.205,1
APP-10164,0.104,1
APP-10165,0.258,0
APP-10166,0.138,1
APP-10167,0.212,0
APP-10168,0.125,1
APP-10169,0.201,1
APP-10170,0.319,1
APP-10171,7.392,0
APP-10172,0.493,1
APP-10173,0.342,1
APP-10174,0.138,1
APP-10175,0.415,0
APP-10176,0.16,1
APP-10177,0.6,1
APP-10178,6.373,0
APP-10179,0.24,1
APP-10180,9.174,0
APP-10181,0.176,1
APP-10182,0.391,1
APP-10183,0.069,1
APP-10184,0.165,1
APP-10185,0.242,1
APP-10186,0.186,0
APP-10187,0.382,1
APP-10188,0.097,1
APP-10189,0.134,1
APP-10190,0.399,1
APP-10191,0.072,1
APP-10192,0.128,1
APP-10193,0.101,0
APP-10194,5.424,0
APP-10195,0.238,1
APP-10196,0.127,0
APP-10197,0.166,0
APP-10198,0.222,0
APP-10199,0.362,0
APP-10200,11.414,0
APP-10201,0.066,1
APP-10202,0.086,1
APP-10203,0.29,0
APP-10204,5.094,0
APP-10205,0.113,0
APP-10206,0.058,1
APP-10207,0.31,1
APP-10208,4.272,0
APP-10209,11.452,0
APP-10210,0.074,1
APP-10211,0.114,1
APP-10212,11.518,0
APP-10213,0.511,0
APP-10214,0.222,1
APP-10215,0.11,1
APP-10216,0.198,1
APP-10217,0.149,1
APP-10218,6.415,0
APP-10219,0.142,1
APP-10220,3.607,0
APP-10221,9.184,0
APP-10222,6.227,1
APP-10223,0.117,1
APP-10224,0.213,1
APP-10225,0.154,0
APP-10226,0.242,1
APP-10227,7.181,0
APP-10228,0.471,1
APP-10229,7.612,0
APP-10230,0.216,1
APP-10231,10.196,0
APP-10232,0.079,0
APP-10233,0.092,1
APP-10234,0.196,1
APP-10235,11.136,0
APP-10236,0.171,1
APP-10237,0.072,1
APP-10238,0.114,1
APP-10239,3.869,0
APP-10240,4.862,0
APP-10241,14.848,1
APP-10242,0.174,0
APP-10243,0.148,1
APP-10244,4.129,0
APP-10245,0.075,1
APP-10246,7.359,1
APP-10247,0.192,0
APP-10248,0.141,1
APP-10249,0.11,1
APP-10250,0.073,1
APP-10251,3.055,1
APP-10252,11.664,1
APP-10253,0.111,1
APP-10254,0.2,1
APP-10255,3.127,0
APP-10256,0.224,1
APP-10257,7.512,1
APP-10258,6.177,0
APP-10259,0.449,1
APP-10260,0.269,1
APP-10261,2.405,0
APP-10262,0.043,1
APP-10263,5.343,0
APP-10264,0.179,1
APP-10265,0.6,0
APP-10266,0.096,1
APP-10267,0.395,1
APP-10268,0.136,0
APP-10269,0.27,0
APP-10270,0.118,1
APP-10271,0.192,1
APP-10272,0.188,1
APP-10273,0.209,0
APP-10274,10.616,0
APP-10275,0.142,0
APP-10276,4.814,1
APP-10277,0.079,1
APP-10278,6.258,1
APP-10279,0.185,1
APP-10280,0.257,1
APP-10281,9.938,0
APP-10282,0.342,1
APP-10283,0.181,1
APP-10284,0.131,0
APP-10285,0.15,1
APP-10286,0.134,0
APP-10287,0.163,0
APP-10288,0.178,1
APP-10289,0.197,1
APP-10290,0.172,1
APP-10291,11.347,1
APP-10292,0.4,1
APP-10293,0.154,0
APP-10294,0.082,1
APP-10295,5.388,0
APP-10296,5.362,0
APP-10297,0.385,0
APP-10298,0.076,0
APP-10299,3.758,0
APP-10300,0.124,1
APP-10301,0.094,1
APP-10302,0.235,0
APP-10303,6.858,0
APP-10304,0.17,0
APP-10305,0.139,1
APP-10306,10.537,0
APP-10307,0.163,1
APP-10308,6.007,0
APP-10309,0.054,1
APP-10310,0.144,1
APP-10311,8.113,1
APP-10312,1.175,0
APP-10313,5.694,0
APP-10314,1.467,1
APP-10315,4.573,0
APP-10316,10.299,0
APP-10317,0.069,1
APP-10318,0.275,1
APP-10319,0.071,1
APP-10320,10.689,0
APP-10321,0.6,1
APP-10322,1.171,1
APP-10323,0.276,1
APP-10324,0.104,1
APP-10325,0.095,1
APP-10326,0.054,1
APP-10327,0.081,1
APP-10328,0.113,1
APP-10329,0.097,1
APP-10330,0.098,1
APP-10331,0.185,0
APP-10332,0.052,1
APP-10333,0.17,1
APP-10334,0.16,1
APP-10335,0.266,1
APP-10336,11.769,0
APP-10337,0.056,0
APP-10338,0.092,1
APP-10339,0.079,0
APP-10340,0.201,0
APP-10341,4.405,0
APP-10342,0.266,0
APP-10343,0.127,1
APP-10344,0.1,1
APP-10345,0.238,1
APP-10346,0.101,0
APP-10347,10.127,0
APP-10348,12.505,0
APP-10349,0.204,1
APP-10350,4.564,1
APP-10351,0.231,1
APP-10352,0.121,1
APP-10353,0.062,1
APP-10354,0.096,1
APP-10355,0.073,1
APP-10356,0.064,0
APP-10357,3.468,0
APP-10358,0.08,1
APP-10359,7.422,0
APP-10360,0.335,0
APP-10361,0.218,0
APP-10362,10.073,0
APP-10363,0.103,0
APP-10364,0.15,1
APP-10365,0.156,1
APP-10366,0.172,0
APP-10367,0.094,0
APP-10368,7.434,1
APP-10369,0.14,0
APP-10370,0.049,1
APP-10371,0.12,1
APP-10372,0.082,1
APP-10373,8.408,1
APP-10374,0.07,0
APP-10375,0.075,1
APP-10376,4.664,0
APP-10377,0.118,1
APP-10378,6.688,0
APP-10379,0.132,1
APP-10380,0.136,1
APP-10381,7.228,0
APP-10382,7.092,0
APP-10383,0.273,1
APP-10384,0.049,0
APP-10385,3.615,0
APP-10386,6.176,1
APP-10387,0.17,1
APP-10388,0.155,1
APP-10389,4.804,0
APP-10390,6.059,0
APP-10391,5.347,0
APP-10392,0.214,1
APP-10393,0.461,0
APP-10394,11.029,0
APP-10395,0.117,1
APP-10396,0.114,1
APP-10397,6.727,0
APP-10398,0.34,0
APP-10399,5.165,1
APP-10400,9.834,1
APP-10401,0.1,1
APP-10402,0.149,1
APP-10403,0.27,1
APP-10404,0.218,0
APP-10405,8.057,1
APP-10406,0.6,1
APP-10407,4.903,0
APP-10408,0.094,1
APP-10409,0.183,1
APP-10410,0.162,1
APP-10411,0.116,1
APP-10412,0.125,0
APP-10413,0.219,1
APP-10414,0.149,1
APP-10415,0.138,1
APP-10416,5.591,0
APP-10417,7.189,1
APP-10418,0.123,1
APP-10419,0.165,1
APP-10420,0.09,1
APP-10421,0.541,1
APP-10422,0.103,1
APP-10423,0.06,1
APP-10424,0.197,1
APP-10425,7.279,0
APP-10426,0.124,1
APP-10427,9.766,1
APP-10428,0.175,0
APP-10429,0.119,1
APP-10430,0.183,0
APP-10431,4.34,1
APP-10432,0.083,1
APP-10433,1.551,0
APP-10434,0.189,1
APP-10435,0.071,1
APP-10436,0.202,1
APP-10437,0.155,0
APP-10438,5.795,0
APP-10439,3.863,0
APP-10440,0.108,0
APP-10441,0.246,1
APP-10442,0.215,0
APP-10443,1.058,1
APP-10444,0.253,1
APP-10445,0.262,0
APP-10446,0.137,1
APP-10447,6.733,1
APP-10448,11.751,0
APP-10449,8.605,0
APP-10450,6.698,1
APP-10451,0.28,0
APP-10452,9.923,0
APP-10453,0.099,0
APP-10454,0.081,1
APP-10455,6.53,0
APP-10456,8.135,1
APP-10457,0.085,0
APP-10458,0.12,1
APP-10459,0.165,1
APP-10460,0.155,1
APP-10461,0.054,0
APP-10462,0.108,1
APP-10463,0.116,0
APP-10464,0.406,1
APP-10465,0.032,0
APP-10466,0.178,1
APP-10467,0.327,1
APP-10468,6.37,0
APP-10469,0.156,1
APP-10470,0.125,1
APP-10471,0.137,0
APP-10472,7.025,1
APP-10473,12.246,0
APP-10474,5.095,0
APP-10475,0.18,0
APP-10476,0.035,1
APP-10477,0.301,1
APP-10478,1.808,1
APP-10479,0.088,0
APP-10480,8.341,1
APP-10481,13.511,1
APP-10482,0.068,0
APP-10483,0.078,0
APP-10484,0.092,1
APP-10485,0.028,1
APP-10486,4.501,1
APP-10487,0.08,1
APP-10488,0.31,1
APP-10489,0.176,0
APP-10490,0.435,1
APP-10491,0.357,1
APP-10492,0.326,0
APP-10493,0.145,1
APP-10494,0.161,1
APP-10495,0.6,1
APP-10496,7.337,1
APP-10497,0.359,0
APP-10498,0.166,1
APP-10499,0.252,1
APP-10500,0.181,0
APP-10501,0.073,1
APP-10502,6.39,0
APP-10503,0.132,1
APP-10504,0.05,1
APP-10505,0.081,0
APP-10506,6.945,0
APP-10507,10.148,1
APP-10508,0.147,1
APP-10509,0.153,1
APP-10510,0.207,0
APP-10511,0.142,1
APP-10512,0.129,1
APP-10513,0.305,1
APP-10514,0.14,0
APP-10515,0.109,1
APP-10516,0.246,1
APP-10517,11.38,0
APP-10518,1.901,1
APP-10519,0.288,0
APP-10520,0.16,1
APP-10521,5.665,0
APP-10522,0.092,1
APP-10523,0.279,0
APP-10524,0.111,1
APP-10525,13.467,0
APP-10526,0.107,1
APP-10527,0.054,1
APP-10528,7.936,0
APP-10529,1.952,1
APP-10530,0.128,1
APP-10531,14.745,0
APP-10532,0.236,0
APP-10533,8.195,1
APP-10534,5.106,0
APP-10535,0.208,0
APP-10536,5.008,0
APP-10537,0.119,1
APP-10538,0.07,1
APP-10539,0.119,0
APP-10540,0.105,1
APP-10541,8.569,1
APP-10542,0.214,1
APP-10543,1.575,1
APP-10544,0.385,1
APP-10545,0.06,1
APP-10546,0.158,1
APP-10547,10.262,1
APP-10548,0.084,1
APP-10549,0.083,1
APP-10550,0.089,1
APP-10551,6.729,1
APP-10552,0.105,1
APP-10553,0.187,1
APP-10554,0.177,1
APP-10555,0.846,0
APP-10556,0.063,1
APP-10557,0.172,1
APP-10558,0.06,1
APP-10559,11.299,1
APP-10560,0.038,1
APP-10561,0.178,0
APP-10562,0.113,1
APP-10563,0.093,0
APP-10564,0.209,1
APP-10565,5.163,1
APP-10566,4.352,0
APP-10567,6.65,0
APP-10568,2.598,0
APP-10569,0.164,1
APP-10570,0.231,1
APP-10571,0.086,1
APP-10572,0.178,1
APP-10573,0.263,1
APP-10574,0.192,1
APP-10575,1.662,1
APP-10576,0.144,1
APP-10577,0.224,1
APP-10578,9.415,0
APP-10579,0.051,1
APP-10580,0.086,0
APP-10581,0.091,1
APP-10582,0.112,0
APP-10583,6.378,1
APP-10584,0.103,0
APP-10585,10.875,0
APP-10586,0.134,1
APP-10587,3.173,1
APP-10588,6.179,0
APP-10589,0.176,1
APP-10590,0.052,1
APP-10591,0.304,1
APP-10592,0.116,1
APP-10593,0.075,1
APP-10594,11.506,0
APP-10595,0.076,1
APP-10596,0.29,0
APP-10597,7.877,1
APP-10598,0.088,0
APP-10599,4.366,1
APP-10600,7.11,1
APP-10601,8.018,0
APP-10602,0.6,1
APP-10603,0.6,1
APP-10604,8.35,0
APP-10605,0.208,1
APP-10606,10.626,0
APP-10607,0.111,1
APP-10608,9.331,0
APP-10609,0.121,1
APP-10610,0.15,1
APP-10611,0.234,0
APP-10612,8.333,0
APP-10613,0.105,1
APP-10614,0.121,1
APP-10615,2.146,1
APP-10616,0.107,1
APP-10617,0.145,0
APP-10618,0.107,1
APP-10619,0.101,1
APP-10620,4.313,0
APP-10621,0.166,1
APP-10622,0.528,1
APP-10623,0.184,1
APP-10624,12.038,0
APP-10625,10.721,1
APP-10626,0.042,1
APP-10627,0.089,0
APP-10628,0.233,0
APP-10629,1.825,1
APP-10630,6.908,0
APP-10631,0.105,1
APP-10632,0.12,0
APP-10633,0.234,1
APP-10634,0.239,1
APP-10635,4.436,0
APP-10636,3.676,1
APP-10637,0.097,1
APP-10638,12.309,0
APP-10639,0.153,1
APP-10640,0.577,0
APP-10641,0.167,1
APP-10642,0.067,1
APP-10643,0.046,1
APP-10644,5.547,1
APP-10645,0.134,1
APP-10646,0.054,1
APP-10647,0.085,0
APP-10648,10.252,0
APP-10649,0.139,1
APP-10650,14.226,1
APP-10651,8.674,1
APP-10652,10.215,0
APP-10653,0.206,1
APP-10654,6.282,0
APP-10655,0.103,1
APP-10656,0.097,1
APP-10657,7.297,1
APP-10658,0.101,1
APP-10659,4.927,1
APP-10660,0.095,1
APP-10661,4.587,1
APP-10662,1.601,1
APP-10663,0.49,1
APP-10664,12.229,1
APP-10665,0.035,0
APP-10666,8.25,1
APP-10667,0.144,0
APP-10668,0.106,0
APP-10669,9.558,1
APP-10670,0.097,1
APP-10671,0.131,1
APP-10672,0.231,1
APP-10673,0.232,0
APP-10674,0.146,1
APP-10675,14.081,0
APP-10676,0.089,1
APP-10677,0.137,1
APP-10678,6.11,0
APP-10679,0.164,1
APP-10680,11.499,0
APP-10681,6.676,0
APP-10682,6.699,0
APP-10683,0.159,0
APP-10684,0.487,1
APP-10685,0.451,0
APP-10686,0.176,1
APP-10687,0.136,0
APP-10688,0.22,0
APP-10689,0.244,1
APP-10690,12.641,1
APP-10691,0.185,1
APP-10692,0.192,1
APP-10693,4.104,0
APP-10694,0.147,0
APP-10695,0.088,0
APP-10696,0.085,1
APP-10697,0.185,1
APP-10698,0.181,1
APP-10699,0.149,0
APP-10700,0.445,1
APP-10701,0.119,1
APP-10702,0.113,1
APP-10703,9.97,0
APP-10704,0.272,1
APP-10705,0.681,1
APP-10706,0.258,1
APP-10707,0.105,1
APP-10708,0.147,1
APP-10709,10.107,0
APP-10710,0.135,1
APP-10711,0.336,0
APP-10712,0.212,0
APP-10713,0.088,1
APP-10714,0.143,1
APP-10715,0.093,0
APP-10716,0.104,1
APP-10717,0.114,1
APP-10718,4.903,1
APP-10719,0.225,1
APP-10720,0.08,1
APP-10721,0.157,1
APP-10722,0.21,1
APP-10723,0.123,1
APP-10724,0.6,1
APP-10725,11.21,0
APP-10726,9.132,1
APP-10727,0.367,0
APP-10728,12.637,0
APP-10729,0.16,1
APP-10730,7.964,0
APP-10731,0.082,1
APP-10732,0.117,1
APP-10733,6.309,1
APP-10734,0.048,1
APP-10735,0.082,1
APP-10736,0.193,1
APP-10737,0.278,0
APP-10738,0.218,1
APP-10739,0.101,1
APP-10740,9.121,1
APP-10741,10.698,0
APP-10742,0.068,1
APP-10743,0.155,0
APP-10744,11.447,1
APP-10745,0.247,0
APP-10746,9.941,0
APP-10747,0.185,1
APP-10748,0.152,1
APP-10749,0.174,0
APP-10750,0.1,1
APP-10751,0.158,1
APP-10752,0.231,0
APP-10753,0.109,1
APP-10754,8.72,0
APP-10755,0.112,0
APP-10756,0.252,0
APP-10757,0.137,1
APP-10758,0.138,1
APP-10759,0.049,1
APP-10760,0.16,1
APP-10761,0.095,0
APP-10762,0.139,1
APP-10763,8.84,0
APP-10764,0.178,1
APP-10765,0.151,1
APP-10766,0.081,0
APP-10767,0.203,0
APP-10768,3.928,0
APP-10769,2.325,1
APP-10770,0.298,1
APP-10771,0.174,1
APP-10772,0.135,1
APP-10773,0.084,1
APP-10774,0.184,0
APP-10775,5.583,1
APP-10776,0.155,0
APP-10777,0.252,1
APP-10778,0.193,0
APP-10779,0.123,1
APP-10780,0.086,1
APP-10781,0.125,0
APP-10782,0.281,0
APP-10783,7.505,0
APP-10784,2.841,1
APP-10785,0.223,0
APP-10786,3.202,0
APP-10787,0.251,1
APP-10788,0.327,1
APP-10789,0.363,1
APP-10790,0.168,0
APP-10791,0.117,1
APP-10792,0.334,1
APP-10793,8.575,1
APP-10794,0.284,0
APP-10795,8.823,0
APP-10796,0.153,1
APP-10797,0.055,1
APP-10798,0.192,1
APP-10799,0.456,1
APP-10800,5.772,0
APP-10801,0.15,1
APP-10802,0.12,0
APP-10803,7.449,0
APP-10804,0.112,1
APP-10805,0.099,1
APP-10806,0.163,1
APP-10807,0.102,0
APP-10808,8.372,0
APP-10809,0.142,1
APP-10810,8.698,0
APP-10811,0.155,1
APP-10812,0.161,1
APP-10813,5.723,0
APP-10814,0.15,0
APP-10815,0.574,1
APP-10816,0.207,0
APP-10817,0.212,1
APP-10818,0.072,1
APP-10819,0.128,1
APP-10820,0.157,1
APP-10821,0.443,1
APP-10822,7.255,1
APP-10823,0.111,1
APP-10824,0.175,1
APP-10825,0.14,1
APP-10826,0.299,1
APP-10827,2.232,0
APP-10828,3.198,0
APP-10829,0.116,1
APP-10830,0.106,1
APP-10831,4.532,1
APP-10832,0.182,1
APP-10833,0.149,1
APP-10834,0.168,0
APP-10835,0.079,1
APP-10836,0.143,1
APP-10837,0.098,1
APP-10838,0.219,1
APP-10839,0.149,1
APP-10840,0.068,1
APP-10841,0.162,0
APP-10842,0.157,1
APP-10843,0.14,1
APP-10844,0.177,1
APP-10845,0.153,1
APP-10846,5.842,0
APP-10847,0.171,1
APP-10848,0.051,1
APP-10849,0.09,1
APP-10850,0.083,1
APP-10851,0.192,1
APP-10852,8.053,1
APP-10853,0.255,0
APP-10854,0.069,0
APP-10855,3.956,1
APP-10856,0.222,1
APP-10857,0.117,1
APP-10858,0.146,1
APP-10859,0.197,1
APP-10860,0.162,0
APP-10861,0.234,0
APP-10862,0.116,1
APP-10863,0.133,1
APP-10864,0.193,1
APP-10865,0.4,1
APP-10866,0.115,1
APP-10867,5.998,1
APP-10868,0.412,1
APP-10869,10.505,0
APP-10870,16.004,0
APP-10871,0.121,1
APP-10872,0.328,0
APP-10873,3.449,1
APP-10874,2.361,1
APP-10875,1.377,0
APP-10876,0.456,1
APP-10877,0.178,1
APP-10878,3.671,0
APP-10879,0.33,1
APP-10880,4.706,0
APP-10881,0.157,0
APP-10882,0.109,1
APP-10883,3.95,0
APP-10884,0.823,1
APP-10885,0.185,0
APP-10886,0.11,1
APP-10887,4.41,0
APP-10888,0.145,0
APP-10889,0.095,1
APP-10890,0.31,1
APP-10891,0.118,0
APP-10892,0.22,0
APP-10893,5.923,1
APP-10894,6.903,0
APP-10895,4.009,1
APP-10896,0.382,1
APP-10897,0.17,1
APP-10898,0.149,1
APP-10899,0.161,1
APP-10900,0.083,1
APP-10901,0.261,0
APP-10902,0.192,1
APP-10903,0.266,0
APP-10904,0.095,1
APP-10905,0.324,1
APP-10906,0.198,1
APP-10907,0.056,1
APP-10908,6.958,1
APP-10909,0.074,1
APP-10910,0.2,0
APP-10911,0.21,1
APP-10912,0.08,1
APP-10913,0.057,1
APP-10914,4.795,0
APP-10915,0.132,1
APP-10916,7.639,0
APP-10917,0.181,1
APP-10918,8.305,0
APP-10919,0.6,1
APP-10920,0.084,0
APP-10921,0.101,1
APP-10922,0.07,1
APP-10923,0.213,1
APP-10924,2.954,0
APP-10925,0.105,1
APP-10926,4.447,1
APP-10927,0.669,1
APP-10928,15.744,0
APP-10929,0.095,1
APP-10930,0.173,1
APP-10931,0.073,1
APP-10932,0.122,1
APP-10933,5.702,0
APP-10934,6.543,0
APP-10935,0.079,0
APP-10936,7.946,0
APP-10937,10.131,1
APP-10938,0.248,1
APP-10939,9.741,0
APP-10940,0.063,1
APP-10941,7.782,1
APP-10942,7.807,0
APP-10943,0.279,1
APP-10944,0.346,1
APP-10945,0.208,1
APP-10946,0.147,1
APP-10947,0.144,0
APP-10948,0.139,1
APP-10949,0.155,1
APP-10950,0.388,1
APP-10951,0.196,0
APP-10952,0.116,1
APP-10953,0.419,0
APP-10954,0.25,1
APP-10955,0.103,1
APP-10956,0.098,1
APP-10957,0.222,1
APP-10958,0.145,1
APP-10959,9.428,0
APP-10960,0.253,0
APP-10961,0.271,0
APP-10962,0.286,1
APP-10963,0.09,1
APP-10964,0.09,0
APP-10965,0.138,0
APP-10966,0.042,0
APP-10967,0.107,0
APP-10968,4.614,1
APP-10969,0.032,1
APP-10970,0.193,1
APP-10971,0.3,1
APP-10972,11.876,0
APP-10973,0.6,1
APP-10974,0.259,1
APP-10975,0.226,0
APP-10976,0.13,1
APP-10977,9.788,1
APP-10978,3.84,1
APP-10979,0.09,1
APP-10980,9.387,0
APP-10981,0.148,1
APP-10982,0.22,1
APP-10983,0.085,1
APP-10984,0.139,1
APP-10985,0.098,1
APP-10986,8.916,0
APP-10987,0.245,1
APP-10988,0.159,1
APP-10989,0.184,1
APP-10990,0.091,0
APP-10991,0.092,1
APP-10992,0.199,1
APP-10993,4.601,0
APP-10994,0.295,0
APP-10995,0.127,1
APP-10996,0.079,1
APP-10997,0.284,1
APP-10998,0.135,1
APP-10999,0.081,1
APP-11000,0.6,0
APP-11001,0.166,1
APP-11002,0.107,1
APP-11003,0.222,1
APP-11004,0.311,1
APP-11005,0.241,1
APP-11006,0.063,1
APP-11007,0.135,1
APP-11008,11.185,0
APP-11009,0.168,1
APP-11010,0.094,0
APP-11011,4.852,1
APP-11012,0.124,0
APP-11013,8.049,0
APP-11014,7.71,1
APP-11015,2.759,1
APP-11016,0.131,0
APP-11017,0.188,1
APP-11018,4.06,1
APP-11019,8.145,0
APP-11020,5.376,0
APP-11021,0.565,1
APP-11022,6.145,0
APP-11023,0.243,0
APP-11024,0.05,0
APP-11025,0.098,1
APP-11026,0.077,0
APP-11027,0.212,1
APP-11028,0.096,1
APP-11029,8.764,0
APP-11030,0.158,1
APP-11031,0.214,0
APP-11032,4.658,0
APP-11033,0.111,1
APP-11034,0.276,1
APP-11035,0.243,0
APP-11036,0.108,0
APP-11037,0.278,1
APP-11038,0.1,1
APP-11039,0.117,1
APP-11040,0.123,1
APP-11041,7.288,1
APP-11042,0.193,1
APP-11043,5.676,1
APP-11044,4.415,1
APP-11045,0.374,1
APP-11046,6.618,1
APP-11047,0.16,0
APP-11048,0.062,1
APP-11049,0.333,0
APP-11050,0.063,1
APP-11051,0.127,1
APP-11052,7.97,1
APP-11053,0.092,1
APP-11054,3.167,0
APP-11055,0.096,0
APP-11056,0.218,1
APP-11057,9.671,0
APP-11058,10.705,0
APP-11059,4.674,1
APP-11060,0.102,0
APP-11061,0.215,1
APP-11062,0.079,1
APP-11063,0.063,1
APP-11064,0.138,1
APP-11065,0.278,1
APP-11066,0.268,1
APP-11067,1.178,1
APP-11068,0.162,1
APP-11069,9.7,0
APP-11070,0.269,1
APP-11071,0.046,1
APP-11072,3.606,0
APP-11073,0.121,1
APP-11074,8.372,0
APP-11075,0.36,1
APP-11076,8.42,0
APP-11077,0.227,1
APP-11078,0.203,1
APP-11079,0.171,0
APP-11080,0.289,1
APP-11081,0.113,1
APP-11082,0.099,0
APP-11083,0.064,0
APP-11084,0.039,0
APP-11085,0.437,1
APP-11086,0.438,1
APP-11087,0.113,1
APP-11088,0.6,0
APP-11089,0.134,1
APP-11090,5.892,0
APP-11091,0.239,1
APP-11092,0.127,1
APP-11093,2.041,0
APP-11094,9.252,0
APP-11095,4.704,1
APP-11096,0.076,1
APP-11097,0.34,1
APP-11098,0.2,1
APP-11099,0.224,1
APP-11100,0.138,1
APP-11101,17.153,0
APP-11102,0.184,1
APP-11103,0.168,1
APP-11104,7.387,0
APP-11105,2.675,1
APP-11106,0.062,1
APP-11107,0.091,0
APP-11108,9.009,1
APP-11109,0.188,1
APP-11110,0.152,1
APP-11111,3.171,0
APP-11112,0.234,0
APP-11113,0.144,1
APP-11114,0.175,1
APP-11115,0.037,1
APP-11116,0.251,1
APP-11117,7.746,0
APP-11118,9.023,0
APP-11119,0.122,0
APP-11120,0.169,1
APP-11121,0.325,1
APP-11122,4.333,0
APP-11123,6.295,1
APP-11124,0.1,1
APP-11125,0.078,1
APP-11126,13.223,1
APP-11127,0.24,1
APP-11128,0.084,0
APP-11129,0.115,0
APP-11130,0.279,1
APP-11131,0.103,1
APP-11132,0.113,1
APP-11133,0.136,1
APP-11134,7.556,0
APP-11135,0.117,1
APP-11136,0.105,1
APP-11137,0.138,0
APP-11138,10.35,0
APP-11139,0.242,1
APP-11140,0.137,1
APP-11141,13.945,0
APP-11142,0.096,1
APP-11143,11.058,0
APP-11144,10.778,1
APP-11145,0.128,1
APP-11146,7.257,1
APP-11147,0.286,1
APP-11148,0.169,1
APP-11149,0.308,1
APP-11150,5.175,0
APP-11151,0.136,1
APP-11152,0.244,1
APP-11153,0.073,0
APP-11154,0.078,0
APP-11155,0.386,1
APP-11156,0.14,1
APP-11157,5.17,1
APP-11158,1.732,0
APP-11159,0.22,0
APP-11160,0.097,1
APP-11161,0.407,1
APP-11162,6.634,0
APP-11163,0.142,1
APP-11164,0.216,0
APP-11165,0.134,1
APP-11166,9.581,1
APP-11167,0.108,1
APP-11168,2.557,0
APP-11169,0.064,1
APP-11170,0.275,1
APP-11171,0.114,1
APP-11172,0.051,0
APP-11173,0.072,1
APP-11174,9.864,0
APP-11175,0.118,1
APP-11176,11.514,0
APP-11177,0.134,1
APP-11178,0.134,1
APP-11179,0.173,1
APP-11180,0.227,0
APP-11181,0.06,1
APP-11182,0.237,1
APP-11183,0.218,1
APP-11184,8.843,0
APP-11185,0.067,1
APP-11186,0.131,0
APP-11187,0.689,1
APP-11188,0.099,1
APP-11189,0.152,0
APP-11190,0.139,0
APP-11191,0.188,1
APP-11192,0.16,1
APP-11193,6.207,0
APP-11194,0.294,1
APP-11195,0.125,1
APP-11196,7.785,0
APP-11197,9.903,1
APP-11198,0.181,1
APP-11199,0.107,0
APP-11200,0.219,1
APP-11201,0.135,1
APP-11202,0.144,0
APP-11203,2.275,1
APP-11204,9.649,0
APP-11205,0.126,0
APP-11206,0.15,1
APP-11207,0.327,0
APP-11208,0.234,1
APP-11209,9.697,0
APP-11210,11.526,0
APP-11211,9.889,0
APP-11212,0.143,1
APP-11213,0.224,1
APP-11214,0.163,1
APP-11215,2.673,0
APP-11216,0.091,1
APP-11217,0.372,1
APP-11218,4.848,0
APP-11219,3.578,0
APP-11220,8.102,1
APP-11221,0.15,1
APP-11222,0.604,1
APP-11223,0.202,1
APP-11224,7.968,0
APP-11225,0.086,0
APP-11226,7.777,0
APP-11227,0.072,1
APP-11228,0.107,0
APP-11229,0.203,0
APP-11230,9.017,1
APP-11231,0.174,1
APP-11232,1.121,1
APP-11233,0.119,1
APP-11234,5.423,0
APP-11235,0.34,0
APP-11236,0.306,1
APP-11237,10.797,0
APP-11238,6.643,1
APP-11239,8.307,0
APP-11240,5.824,0
APP-11241,0.131,0
APP-11242,0.287,1
APP-11243,0.15,1
APP-11244,4.208,0
APP-11245,0.103,1
APP-11246,0.109,1
APP-11247,0.107,1
APP-11248,0.15,1
APP-11249,0.123,0
APP-11250,4.833,1
APP-11251,0.208,1
APP-11252,0.16,1
APP-11253,8.401,1
APP-11254,0.125,1
APP-11255,3.959,0
APP-11256,0.302,1
APP-11257,0.181,1
APP-11258,0.183,1
APP-11259,0.217,1
APP-11260,0.146,1
APP-11261,0.474,1
APP-11262,0.103,0
APP-11263,0.202,0
APP-11264,0.091,1
APP-11265,7.792,0
APP-11266,0.202,1
APP-11267,0.268,1
APP-11268,0.277,1
APP-11269,0.127,1
APP-11270,0.123,1
APP-11271,0.098,0
APP-11272,0.147,0
APP-11273,0.301,0
APP-11274,0.059,0
APP-11275,0.171,0
APP-11276,7.951,1
APP-11277,4.012,1
APP-11278,0.184,1
APP-11279,0.055,1
APP-11280,0.083,1
APP-11281,0.211,0
APP-11282,0.287,0
APP-11283,0.056,0
APP-11284,0.16,1
APP-11285,2.889,1
APP-11286,0.221,0
APP-11287,0.085,1
APP-11288,0.128,1
APP-11289,0.337,1
APP-11290,0.201,0
APP-11291,0.128,0
APP-11292,0.242,0
APP-11293,9.853,0
APP-11294,0.185,1
APP-11295,0.049,1
APP-11296,0.061,1
APP-11297,5.159,0
APP-11298,0.185,1
APP-11299,0.121,0
APP-11300,0.077,1
APP-11301,6.0,1
APP-11302,3.088,1
APP-11303,0.053,1
APP-11304,8.424,0
APP-11305,0.096,1
APP-11306,0.069,1
APP-11307,0.261,1
APP-11308,1.939,0
APP-11309,6.128,0
APP-11310,4.334,1
APP-11311,0.086,1
APP-11312,12.222,0
APP-11313,0.118,1
APP-11314,0.329,1
APP-11315,0.052,1
APP-11316,0.157,1
APP-11317,0.285,0
APP-11318,0.234,1
APP-11319,0.123,1
APP-11320,4.816,0
APP-11321,0.079,1
APP-11322,0.156,0
APP-11323,0.818,1
APP-11324,0.42,0
APP-11325,0.375,0
APP-11326,9.304,0
APP-11327,12.56,0
APP-11328,0.138,1
APP-11329,0.109,0
APP-11330,0.391,1
APP-11331,0.245,1
APP-11332,0.153,1
APP-11333,6.099,0
APP-11334,0.175,1
APP-11335,4.806,0
APP-11336,8.437,1
APP-11337,9.255,0
APP-11338,10.385,1
APP-11339,0.098,1
APP-11340,7.437,0
APP-11341,3.986,0
APP-11342,0.143,1
APP-11343,0.137,1
APP-11344,0.095,1
APP-11345,4.321,0
APP-11346,7.543,1
APP-11347,0.242,1
APP-11348,0.218,1
APP-11349,14.991,1
APP-11350,0.219,1
APP-11351,0.142,0
APP-11352,7.425,0
APP-11353,6.146,1
APP-11354,0.163,0
APP-11355,0.107,1
APP-11356,9.176,0
APP-11357,0.203,1
APP-11358,0.395,1
APP-11359,3.815,1
APP-11360,0.051,0
APP-11361,0.128,0
APP-11362,0.243,1
APP-11363,0.26,0
APP-11364,6.145,1
APP-11365,0.356,0
APP-11366,9.1,1
APP-11367,0.136,1
APP-11368,0.072,1
APP-11369,8.336,0
APP-11370,0.118,1
APP-11371,0.263,1
APP-11372,0.12,0
APP-11373,0.083,0
APP-11374,0.169,1
APP-11375,0.121,1
APP-11376,0.312,1
APP-11377,0.091,1
APP-11378,9.598,0
APP-11379,0.08,1
APP-11380,0.091,0
APP-11381,0.22,1
APP-11382,0.147,1
APP-11383,0.064,0
APP-11384,0.057,1
APP-11385,0.058,0
APP-11386,0.12,1
APP-11387,0.332,1
APP-11388,0.269,1
APP-11389,6.613,1
APP-11390,11.73,0
APP-11391,0.207,1
APP-11392,0.188,1
APP-11393,0.051,0
APP-11394,0.268,1
APP-11395,0.359,0
APP-11396,0.082,1
APP-11397,6.542,1
APP-11398,0.142,1
APP-11399,6.871,1
APP-11400,0.084,0
APP-11401,0.137,1
APP-11402,0.174,0
APP-11403,0.101,0
APP-11404,0.273,1
APP-11405,0.173,1
APP-11406,5.41,1
APP-11407,0.126,0
APP-11408,0.098,0
APP-11409,0.14,1
APP-11410,0.114,1
APP-11411,0.09,0
APP-11412,0.084,0
APP-11413,0.147,1
APP-11414,0.088,1
APP-11415,10.424,0
APP-11416,0.168,0
APP-11417,2.378,1
APP-11418,12.586,0
APP-11419,0.073,1
APP-11420,0.197,0
APP-11421,0.12,1
APP-11422,0.12,0
APP-11423,0.154,1
APP-11424,0.092,1
APP-11425,8.755,0
APP-11426,9.371,0
APP-11427,0.221,1
APP-11428,5.423,1
APP-11429,0.155,0
APP-11430,4.136,1
APP-11431,0.05,1
APP-11432,0.214,0
APP-11433,0.215,1
APP-11434,10.613,1
APP-11435,6.105,1
APP-11436,0.088,0
APP-11437,11.982,0
APP-11438,7.356,1
APP-11439,0.109,1
APP-11440,0.6,1
APP-11441,0.088,1
APP-11442,0.484,1
APP-11443,10.023,1
APP-11444,3.395,1
APP-11445,0.104,1
APP-11446,1.77,1
APP-11447,0.184,1
APP-11448,0.103,0
APP-11449,0.12,1
APP-11450,0.069,1
APP-11451,2.728,0
APP-11452,0.161,1
APP-11453,0.129,1
APP-11454,7.514,0
APP-11455,0.088,1
APP-11456,4.014,1
APP-11457,0.192,1
APP-11458,0.112,0
APP-11459,0.252,0
APP-11460,6.405,1
APP-11461,0.055,1
APP-11462,5.322,0
APP-11463,0.166,1
APP-11464,0.07,1
APP-11465,0.144,1
APP-11466,1.85,1
APP-11467,0.288,1
APP-11468,0.439,1
APP-11469,0.184,1
APP-11470,0.124,1
APP-11471,0.127,1
APP-11472,10.03,0
APP-11473,4.383,0
APP-11474,6.169,1
APP-11475,0.318,1
APP-11476,0.114,1
APP-11477,5.431,0
APP-11478,0.088,1
APP-11479,0.048,1
APP-11480,4.027,1
APP-11481,5.783,0
APP-11482,0.177,1
APP-11483,0.205,0
APP-11484,0.214,1
APP-11485,5.468,1
APP-11486,0.149,0
APP-11487,10.637,0
APP-11488,0.242,0
APP-11489,0.278,1
APP-11490,12.642,0
APP-11491,5.088,1
APP-11492,0.126,1
APP-11493,0.13,1
APP-11494,0.123,1
APP-11495,0.221,1
APP-11496,0.209,0
APP-11497,0.165,0
APP-11498,6.541,0
APP-11499,3.839,0
APP-11500,0.117,0
APP-11501,0.224,0
APP-11502,0.151,0
APP-11503,5.416,1
APP-11504,0.296,0
APP-11505,0.422,1
APP-11506,1.749,1
APP-11507,0.321,1
APP-11508,0.075,1
APP-11509,0.133,1
APP-11510,0.223,0
APP-11511,0.058,1
APP-11512,0.26,1
APP-11513,6.408,1
APP-11514,0.179,1
APP-11515,5.408,0
APP-11516,0.09,0
APP-11517,7.91,1
APP-11518,0.133,0
APP-11519,3.891,0
APP-11520,4.899,0
APP-11521,0.069,1
APP-11522,5.593,0
APP-11523,0.062,0
APP-11524,0.104,1
APP-11525,0.197,1
APP-11526,6.857,0
APP-11527,9.991,0
APP-11528,0.102,1
APP-11529,0.143,0
APP-11530,0.086,1
APP-11531,0.089,0
APP-11532,0.092,1
APP-11533,0.156,0
APP-11534,0.123,1
APP-11535,8.313,1
APP-11536,0.054,0
APP-11537,0.187,1
APP-11538,5.349,0
APP-11539,0.072,1
APP-11540,5.929,1
APP-11541,0.127,1
APP-11542,0.127,0
APP-11543,0.241,1
APP-11544,11.892,0
APP-11545,0.117,0
APP-11546,5.326,1
APP-11547,7.107,0
APP-11548,0.061,1
APP-11549,0.23,1
APP-11550,12.555,0
APP-11551,0.145,0
APP-11552,0.481,1
APP-11553,0.19,0
APP-11554,0.152,0
APP-11555,7.868,1
APP-11556,2.475,0
APP-11557,0.128,0
APP-11558,11.151,0
APP-11559,0.095,1
APP-11560,0.279,1
APP-11561,11.588,0
APP-11562,0.264,0
APP-11563,0.314,1
APP-11564,3.608,0
APP-11565,0.158,1
APP-11566,0.105,1
APP-11567,11.133,0
APP-11568,0.138,0
APP-11569,0.183,1
APP-11570,0.094,1
APP-11571,0.601,1
APP-11572,0.072,1
APP-11573,0.163,1
APP-11574,0.206,1
APP-11575,0.132,1
APP-11576,0.315,0
APP-11577,0.078,1
APP-11578,0.137,1
APP-11579,5.743,1
APP-11580,0.287,1
APP-11581,0.062,0
APP-11582,0.1,1
APP-11583,6.766,1
APP-11584,0.166,1
APP-11585,0.213,1
APP-11586,0.051,1
APP-11587,0.252,0
APP-11588,6.116,0
APP-11589,7.012,0
APP-11590,0.169,0
APP-11591,0.154,0
APP-11592,0.154,1
APP-11593,8.486,0
APP-11594,4.862,0
APP-11595,0.186,1
APP-11596,0.084,1
APP-11597,0.62,0
APP-11598,11.699,0
APP-11599,0.074,0
APP-11600,0.326,1
APP-11601,0.179,0
APP-11602,0.123,1
APP-11603,0.095,1
APP-11604,4.126,1
APP-11605,5.405,0
APP-11606,0.041,1
APP-11607,0.121,1
APP-11608,0.079,1
APP-11609,0.169,1
APP-11610,3.538,0
APP-11611,0.236,0
APP-11612,0.186,1
APP-11613,0.073,0
APP-11614,3.929,1
APP-11615,0.13,1
APP-11616,12.024,0
APP-11617,0.224,1
APP-11618,0.123,0
APP-11619,7.113,0
APP-11620,0.128,1
APP-11621,8.711,1
APP-11622,0.141,1
APP-11623,0.183,1
APP-11624,0.085,1
APP-11625,0.075,1
APP-11626,0.217,1
APP-11627,0.6,1
APP-11628,3.376,0
APP-11629,0.056,0
APP-11630,0.077,0
APP-11631,0.238,0
APP-11632,0.136,1
APP-11633,3.008,1
APP-11634,0.052,1
APP-11635,0.13,1
APP-11636,0.155,0
APP-11637,1.293,0
APP-11638,4.265,1
APP-11639,0.153,0
APP-11640,0.384,1
APP-11641,0.11,1
APP-11642,0.183,1
APP-11643,3.504,0
APP-11644,0.121,1
APP-11645,0.6,0
APP-11646,0.227,1
APP-11647,0.049,1
APP-11648,0.108,0
APP-11649,0.246,1
APP-11650,0.175,0
APP-11651,0.191,1
APP-11652,0.109,1
APP-11653,0.097,1
APP-11654,5.587,1
APP-11655,0.282,1
APP-11656,0.109,1
APP-11657,0.164,0
APP-11658,0.078,1
APP-11659,7.739,1
APP-11660,0.121,1
APP-11661,0.162,1
APP-11662,0.168,1
APP-11663,0.28,1
APP-11664,2.769,1
APP-11665,0.252,1
APP-11666,0.131,1
APP-11667,0.19,1
APP-11668,0.134,1
APP-11669,0.109,0
APP-11670,0.277,1
APP-11671,0.276,0
APP-11672,0.071,1
APP-11673,0.137,1
APP-11674,0.099,1
APP-11675,0.124,1
APP-11676,0.089,0
APP-11677,7.887,0
APP-11678,0.25,1
APP-11679,5.773,0
APP-11680,1.277,1
APP-11681,0.084,1
APP-11682,8.245,0
APP-11683,0.109,1
APP-11684,9.181,0
APP-11685,0.114,0
APP-11686,0.124,0
APP-11687,1.99,1
APP-11688,0.189,0
APP-11689,0.099,1
APP-11690,0.18,1
APP-11691,0.046,1
APP-11692,6.501,1
APP-11693,0.119,1
APP-11694,0.234,1
APP-11695,15.078,1
APP-11696,6.058,1
APP-11697,2.404,0
APP-11698,0.136,1
APP-11699,3.733,0
APP-11700,0.149,1
APP-11701,15.027,0
APP-11702,0.141,0
APP-11703,0.214,1
APP-11704,4.453,1
APP-11705,0.101,1
APP-11706,0.215,0
APP-11707,0.198,1
APP-11708,3.672,0
APP-11709,0.098,1
APP-11710,6.727,1
APP-11711,0.122,0
APP-11712,4.135,1
APP-11713,0.216,0
APP-11714,0.079,1
APP-11715,0.11,1
APP-11716,0.075,1
APP-11717,0.1,1
APP-11718,0.057,1
APP-11719,0.274,0
APP-11720,0.277,1
APP-11721,0.072,1
APP-11722,0.185,1
APP-11723,5.042,1
APP-11724,0.139,1
APP-11725,0.063,1
APP-11726,9.666,1
APP-11727,0.229,0
APP-11728,0.075,1
APP-11729,8.699,0
APP-11730,0.142,0
APP-11731,0.079,1
APP-11732,0.112,0
APP-11733,2.461,0
APP-11734,12.385,0
APP-11735,0.132,0
APP-11736,5.814,0
APP-11737,0.171,1
APP-11738,0.371,1
APP-11739,0.087,1
APP-11740,0.096,1
APP-11741,0.1,0
APP-11742,0.132,1
APP-11743,0.24,0
APP-11744,0.173,1
APP-11745,0.151,1
APP-11746,0.128,1
APP-11747,6.714,1
APP-11748,0.12,0
APP-11749,0.336,1
APP-11750,0.285,0
APP-11751,5.804,1
APP-11752,0.088,1
APP-11753,0.061,0
APP-11754,0.17,1
APP-11755,7.954,0
APP-11756,0.249,0
APP-11757,9.751,0
APP-11758,0.35,1
APP-11759,0.317,1
APP-11760,0.254,1
APP-11761,0.163,1
APP-11762,6.29,1
APP-11763,0.162,1
APP-11764,0.169,0
APP-11765,12.277,0
APP-11766,0.132,0
APP-11767,0.383,1
APP-11768,0.036,1
APP-11769,0.154,1
APP-11770,7.295,0
APP-11771,0.056,1
APP-11772,0.044,1
APP-11773,0.198,1
APP-11774,0.346,1
APP-11775,0.174,0
APP-11776,0.15,1
APP-11777,0.275,1
APP-11778,0.126,0
APP-11779,0.26,0
APP-11780,0.1,1
APP-11781,4.08,0
APP-11782,0.186,1
APP-11783,0.6,0
APP-11784,0.09,1
APP-11785,0.187,0
APP-11786,6.8,1
APP-11787,0.222,1
APP-11788,0.084,0
APP-11789,0.121,1
APP-11790,0.081,0
APP-11791,9.372,0
APP-11792,0.171,0
APP-11793,9.982,1
APP-11794,7.638,0
APP-11795,0.206,1
APP-11796,6.91,0
APP-11797,6.277,1
APP-11798,7.723,0
APP-11799,0.118,1
APP-11800,0.197,0
APP-11801,0.19,1
APP-11802,7.662,0
APP-11803,11.249,0
APP-11804,3.063,1
APP-11805,0.112,0
APP-11806,0.08,0
APP-11807,0.28,0
APP-11808,0.115,1
APP-11809,5.181,1
APP-11810,0.228,1
APP-11811,0.13,1
APP-11812,0.13,0
APP-11813,0.098,1
APP-11814,0.272,1
APP-11815,0.171,1
APP-11816,0.071,1
APP-11817,0.351,1
APP-11818,8.333,1
APP-11819,8.782,0
APP-11820,0.199,0
APP-11821,5.458,1
APP-11822,0.15,1
APP-11823,8.838,0
APP-11824,0.257,1
APP-11825,0.042,1
APP-11826,0.388,1
APP-11827,0.227,1
APP-11828,0.328,1
APP-11829,3.098,1
APP-11830,8.56,0
APP-11831,3.076,1
APP-11832,8.824,0
APP-11833,8.045,0
APP-11834,0.122,0
APP-11835,13.948,0
APP-11836,0.049,1
APP-11837,0.219,0
APP-11838,0.117,0
APP-11839,0.087,1
APP-11840,12.411,0
APP-11841,6.514,0
APP-11842,7.5,1
APP-11843,0.065,0
APP-11844,6.481,1
APP-11845,0.21,1
APP-11846,0.154,0
APP-11847,0.245,1
APP-11848,0.111,1
APP-11849,0.518,0
APP-11850,0.29,1
APP-11851,0.236,0
APP-11852,0.087,1
APP-11853,0.318,0
APP-11854,0.154,1
APP-11855,13.282,0
APP-11856,11.333,0
APP-11857,0.121,1
APP-11858,0.178,0
APP-11859,0.146,1
APP-11860,0.141,1
APP-11861,0.1,1
APP-11862,0.117,0
APP-11863,0.111,1
APP-11864,7.897,1
APP-11865,0.089,1
APP-11866,0.207,0
APP-11867,0.145,1
APP-11868,0.2,1
APP-11869,0.093,1
APP-11870,0.102,0
APP-11871,0.074,1
APP-11872,11.903,0
APP-11873,7.67,0
APP-11874,0.082,1
APP-11875,0.274,0
APP-11876,0.109,0
APP-11877,0.082,0
APP-11878,0.384,0
APP-11879,9.056,1
APP-11880,0.159,1
APP-11881,0.062,0
APP-11882,8.012,1
APP-11883,0.109,1
APP-11884,0.135,1
APP-11885,0.27,1
APP-11886,0.161,0
APP-11887,0.098,0
APP-11888,0.162,1
APP-11889,0.082,1
APP-11890,0.27,1
APP-11891,13.237,0
APP-11892,0.341,1
APP-11893,0.224,0
APP-11894,0.267,1
APP-11895,0.195,1
APP-11896,0.235,1
APP-11897,0.117,1
APP-11898,0.202,0
APP-11899,0.351,1
APP-11900,0.215,1
APP-11901,0.184,1
APP-11902,0.403,0
APP-11903,0.152,1
APP-11904,0.048,1
APP-11905,0.147,1
APP-11906,0.186,1
APP-11907,0.479,1
APP-11908,9.705,1
APP-11909,7.33,0
APP-11910,10.403,1
APP-11911,0.182,0
APP-11912,0.338,1
APP-11913,0.071,0
APP-11914,0.138,0
APP-11915,0.093,1
APP-11916,6.558,1
APP-11917,0.176,1
APP-11918,0.098,1
APP-11919,0.175,1
APP-11920,3.902,1
APP-11921,0.132,0
APP-11922,0.151,1
APP-11923,0.182,1
APP-11924,0.1,1
APP-11925,11.562,0
APP-11926,0.095,0
APP-11927,6.506,0
APP-11928,0.115,1
APP-11929,11.255,0
APP-11930,0.105,1
APP-11931,0.139,1
APP-11932,0.084,1
APP-11933,0.148,1
APP-11934,0.154,1
APP-11935,0.128,1
APP-11936,0.323,1
APP-11937,0.114,1
APP-11938,0.123,0
APP-11939,0.08,1
APP-11940,0.145,1
APP-11941,0.12,1
APP-11942,0.188,0
APP-11943,0.167,1
APP-11944,5.465,1
APP-11945,0.119,1
APP-11946,0.32,0
APP-11947,0.164,0
APP-11948,0.281,1
APP-11949,0.166,1
APP-11950,0.153,1
APP-11951,0.145,1
APP-11952,0.058,0
APP-11953,8.123,0
APP-11954,0.655,1
APP-11955,0.122,1
APP-11956,0.208,1
APP-11957,5.445,0
APP-11958,0.107,1
APP-11959,0.328,1
APP-11960,3.273,0
APP-11961,0.211,1
APP-11962,0.267,1
APP-11963,5.148,0
APP-11964,0.056,1
APP-11965,6.265,0
APP-11966,0.102,0
APP-11967,0.131,1
APP-11968,3.09,0
APP-11969,0.141,1
APP-11970,3.83,1
APP-11971,0.343,1
APP-11972,0.169,0
APP-11973,0.241,1
APP-11974,0.509,0
APP-11975,2.731,1
APP-11976,0.223,1
APP-11977,0.177,1
APP-11978,7.611,0
APP-11979,0.362,1
APP-11980,0.18,1
APP-11981,0.167,1
APP-11982,0.144,1
APP-11983,0.309,1
APP-11984,0.074,1
APP-11985,0.13,1
APP-11986,0.225,1
APP-11987,8.012,0
APP-11988,0.022,1
APP-11989,0.187,1
APP-11990,0.036,1
APP-11991,0.604,1
APP-11992,0.168,1
APP-11993,0.07,1
APP-11994,0.233,1
APP-11995,8.826,1
APP-11996,0.078,0
APP-11997,2.326,1
APP-11998,0.525,0
APP-11999,0.207,0
APP-12000,0.338,1
APP-12001,0.35,1
APP-12002,0.154,1
APP-12003,9.534,0
APP-12004,0.371,1
APP-12005,0.108,1
APP-12006,7.752,1
APP-12007,0.351,0
APP-12008,0.127,1
APP-12009,0.204,1
APP-12010,0.184,1
APP-12011,5.61,0
APP-12012,0.186,0
APP-12013,0.159,1
APP-12014,0.303,1
APP-12015,0.6,0
APP-12016,2.51,1
APP-12017,0.251,1
APP-12018,0.142,1
APP-12019,0.157,1
APP-12020,0.094,1
APP-12021,0.077,1
APP-12022,0.199,1
APP-12023,0.133,1
APP-12024,0.359,1
APP-12025,0.171,0
APP-12026,0.29,1
APP-12027,0.154,1
APP-12028,0.6,1
APP-12029,4.231,0
APP-12030,0.333,0
APP-12031,0.15,0
APP-12032,9.803,0
APP-12033,0.208,1
APP-12034,6.76,1
APP-12035,0.075,1
APP-12036,0.203,1
APP-12037,0.403,1
APP-12038,7.15,0
APP-12039,0.059,0
APP-12040,5.425,1
APP-12041,1.948,0
APP-12042,0.267,1
APP-12043,5.377,1
APP-12044,0.114,0
APP-12045,5.283,1
APP-12046,0.357,0
APP-12047,8.067,0
APP-12048,7.715,0
APP-12049,0.087,1
APP-12050,0.154,0
APP-12051,0.067,0
APP-12052,0.164,1
APP-12053,5.989,0
APP-12054,0.152,1
APP-12055,7.945,0
APP-12056,0.155,1
APP-12057,0.166,0
APP-12058,0.188,1
APP-12059,0.447,0
APP-12060,0.297,1
APP-12061,5.059,1
APP-12062,5.987,1
APP-12063,9.451,1
APP-12064,0.08,1
APP-12065,9.983,1
APP-12066,0.153,1
APP-12067,0.144,0
APP-12068,0.116,1
APP-12069,0.078,1
APP-12070,0.402,0
APP-12071,0.352,1
APP-12072,9.627,0
APP-12073,0.57,0
APP-12074,0.204,1
APP-12075,10.079,0
APP-12076,0.158,0
APP-12077,0.106,0
APP-12078,0.15,1
APP-12079,0.465,1
APP-12080,0.193,1
APP-12081,6.169,0
APP-12082,0.204,0
APP-12083,0.113,1
APP-12084,0.098,0
APP-12085,12.615,1
APP-12086,0.205,0
APP-12087,0.089,0
APP-12088,0.097,0
APP-12089,0.274,1
APP-12090,7.78,1
APP-12091,2.305,0
APP-12092,0.072,1
APP-12093,0.086,0
APP-12094,11.56,0
APP-12095,1.231,1
APP-12096,0.077,0
APP-12097,0.186,1
APP-12098,0.204,0
APP-12099,0.244,1
APP-12100,0.189,1
APP-12101,0.113,0
APP-12102,0.281,1
APP-12103,0.271,1
APP-12104,0.251,1
APP-12105,0.184,1
APP-12106,0.158,1
APP-12107,0.186,0
APP-12108,2.398,0
APP-12109,7.227,1
APP-12110,3.827,0
APP-12111,0.181,1
APP-12112,9.265,0
APP-12113,0.13,1
APP-12114,0.273,0
APP-12115,8.273,0
APP-12116,11.872,1
APP-12117,8.779,0
APP-12118,5.936,0
APP-12119,8.336,0
APP-12120,0.159,1
APP-12121,0.183,1
APP-12122,0.293,0
APP-12123,0.202,0
APP-12124,0.19,1
APP-12125,0.261,1
APP-12126,0.352,0
APP-12127,10.789,0
APP-12128,0.277,1
APP-12129,5.061,1
APP-12130,0.204,1
APP-12131,5.251,0
APP-12132,0.128,1
APP-12133,0.097,1
APP-12134,0.204,1
APP-12135,0.034,1
APP-12136,0.073,1
APP-12137,6.763,0
APP-12138,0.075,1
APP-12139,4.678,0
APP-12140,7.591,0
APP-12141,0.157,0
APP-12142,0.067,1
APP-12143,0.174,1
APP-12144,0.22,1
APP-12145,0.219,0
APP-12146,10.825,1
APP-12147,2.193,0
APP-12148,0.326,1
APP-12149,0.233,0
APP-12150,0.173,0
APP-12151,0.163,1
APP-12152,0.131,1
APP-12153,0.05,1
APP-12154,0.167,0
APP-12155,0.133,1
APP-12156,0.044,1
APP-12157,0.232,1
APP-12158,8.754,0
APP-12159,7.606,0
APP-12160,0.072,1
APP-12161,4.882,1
APP-12162,0.19,1
APP-12163,0.232,1
APP-12164,5.938,0
APP-12165,0.072,0
APP-12166,12.861,0
APP-12167,0.207,0
APP-12168,0.136,1
APP-12169,0.067,0
APP-12170,0.189,1
APP-12171,10.467,1
APP-12172,5.33,1
APP-12173,0.308,1
APP-12174,9.919,0
APP-12175,12.407,0
APP-12176,1.633,1
APP-12177,0.102,0
APP-12178,0.218,1
APP-12179,0.293,1
APP-12180,8.49,1
APP-12181,0.211,1
APP-12182,0.109,1
APP-12183,7.198,0
APP-12184,0.446,1
APP-12185,9.454,0
APP-12186,0.389,0
APP-12187,0.144,0
APP-12188,0.37,1
APP-12189,6.982,1
APP-12190,0.152,1
APP-12191,0.074,1
APP-12192,0.137,0
APP-12193,8.594,0
APP-12194,0.038,1
APP-12195,0.126,1
APP-12196,0.102,0
APP-12197,0.19,0
APP-12198,0.133,1
APP-12199,0.274,0
APP-12200,0.101,0
APP-12201,0.374,1
APP-12202,0.287,1
APP-12203,0.102,1
APP-12204,0.139,0
APP-12205,4.552,0
APP-12206,0.157,0
APP-12207,0.102,0
APP-12208,0.287,1
APP-12209,0.104,1
APP-12210,0.245,0
APP-12211,0.147,1
APP-12212,0.074,0
APP-12213,0.144,1
APP-12214,0.051,1
APP-12215,0.135,0
APP-12216,0.362,1
APP-12217,0.052,1
APP-12218,10.751,1
APP-12219,6.094,1
APP-12220,0.108,1
APP-12221,0.165,1
APP-12222,6.636,0
APP-12223,0.073,1
APP-12224,0.082,0
APP-12225,0.6,0
APP-12226,0.218,1
APP-12227,3.307,0
APP-12228,0.092,1
APP-12229,0.055,0
APP-12230,0.192,0
APP-12231,5.122,1
APP-12232,0.2,0
APP-12233,4.453,1
APP-12234,6.026,1
APP-12235,0.099,1
APP-12236,0.222,1
APP-12237,6.662,0
APP-12238,0.099,1
APP-12239,0.117,1
APP-12240,0.116,1
APP-12241,2.676,1
APP-12242,6.664,0
APP-12243,6.885,0
APP-12244,0.046,1
APP-12245,0.155,0
APP-12246,0.12,1
APP-12247,0.134,1
APP-12248,2.549,1
APP-12249,0.227,1
APP-12250,0.085,1
APP-12251,10.148,1
APP-12252,0.113,1
APP-12253,0.129,0
APP-12254,0.127,1
APP-12255,0.139,1
APP-12256,0.071,1
APP-12257,0.355,0
APP-12258,5.963,0
APP-12259,0.113,1
APP-12260,0.277,1
APP-12261,4.406,1
APP-12262,0.096,0
APP-12263,0.107,1
APP-12264,0.067,0
APP-12265,0.08,0
APP-12266,0.124,1
APP-12267,0.135,1
APP-12268,0.343,1
APP-12269,3.876,1
APP-12270,0.208,0
APP-12271,7.095,1
APP-12272,5.517,0
APP-12273,0.14,1
APP-12274,0.081,1
APP-12275,0.111,1
APP-12276,4.662,0
APP-12277,0.286,0
APP-12278,0.19,0
APP-12279,0.094,1
APP-12280,0.112,1
APP-12281,9.395,1
APP-12282,0.235,0
APP-12283,16.705,0
APP-12284,0.118,1
APP-12285,0.132,1
APP-12286,0.128,1
APP-12287,0.059,1
APP-12288,5.482,0
APP-12289,0.133,1
APP-12290,0.078,0
APP-12291,0.311,1
APP-12292,0.234,0
APP-12293,0.118,1
APP-12294,6.549,0
APP-12295,0.089,1
APP-12296,6.468,1
APP-12297,0.189,0
APP-12298,0.039,0
APP-12299,0.113,1
APP-12300,0.212,1
APP-12301,0.247,1
APP-12302,6.589,0
APP-12303,0.089,1
APP-12304,0.147,1
APP-12305,0.041,1
APP-12306,0.105,0
APP-12307,0.322,1
APP-12308,0.063,1
APP-12309,4.842,0
APP-12310,0.236,1
APP-12311,9.151,0
APP-12312,0.148,0
APP-12313,4.233,0
APP-12314,0.087,1
APP-12315,0.059,1
APP-12316,0.17,0
APP-12317,7.479,0
APP-12318,0.243,1
APP-12319,4.511,1
APP-12320,0.1,0
APP-12321,0.108,1
APP-12322,4.016,1
APP-12323,0.232,0
APP-12324,12.086,0
APP-12325,0.152,0
APP-12326,0.273,0
APP-12327,0.186,1
APP-12328,0.124,1
APP-12329,6.286,0
APP-12330,0.115,1
APP-12331,0.101,1
APP-12332,0.242,0
APP-12333,0.163,1
APP-12334,0.223,1
APP-12335,0.068,1
APP-12336,7.993,0
APP-12337,0.258,1
APP-12338,8.497,0
APP-12339,0.181,1
APP-12340,0.341,1
APP-12341,0.422,0
APP-12342,0.122,1
APP-12343,0.034,0
APP-12344,0.11,0
APP-12345,0.256,1
APP-12346,0.418,1
APP-12347,0.075,1
APP-12348,0.245,1
APP-12349,0.232,0
APP-12350,6.552,1
APP-12351,0.091,1
APP-12352,0.185,1
APP-12353,0.308,0
APP-12354,3.356,1
APP-12355,0.062,1
APP-12356,0.313,1
APP-12357,8.804,0
APP-12358,0.218,1
APP-12359,0.238,1
APP-12360,0.324,1
APP-12361,0.177,0
APP-12362,0.125,1
APP-12363,0.232,0
APP-12364,0.272,1
APP-12365,0.145,1
APP-12366,0.241,1
APP-12367,0.42,0
APP-12368,0.046,1
APP-12369,0.121,1
APP-12370,8.198,0
APP-12371,0.15,1
APP-12372,7.463,1
APP-12373,0.149,0
APP-12374,2.294,1
APP-12375,0.155,1
APP-12376,6.097,0
APP-12377,0.064,1
APP-12378,0.251,0
APP-12379,0.278,1
APP-12380,0.249,0
APP-12381,0.096,1
APP-12382,0.117,1
APP-12383,12.039,0
APP-12384,0.189,1
APP-12385,0.153,1
APP-12386,2.41,0
APP-12387,0.022,1
APP-12388,0.126,1
APP-12389,0.303,1
APP-12390,0.115,1
APP-12391,0.172,1
APP-12392,0.088,1
APP-12393,0.127,1
APP-12394,0.1,0
APP-12395,0.285,1
APP-12396,5.295,1
APP-12397,0.058,1
APP-12398,3.066,0
APP-12399,0.119,0
APP-12400,0.232,1
APP-12401,3.242,0
APP-12402,10.546,1
APP-12403,1.166,0
APP-12404,0.086,1
APP-12405,0.121,1
APP-12406,0.057,1
APP-12407,8.834,0
APP-12408,0.204,0
APP-12409,0.253,1
APP-12410,0.059,1
APP-12411,8.047,0
APP-12412,0.6,1
APP-12413,0.157,1
APP-12414,2.508,1
APP-12415,0.046,0
APP-12416,0.141,1
APP-12417,0.111,1
APP-12418,0.117,1
APP-12419,0.297,0
APP-12420,0.119,1
APP-12421,4.699,1
APP-12422,0.16,1
APP-12423,5.862,0
APP-12424,7.282,0
APP-12425,0.235,1
APP-12426,10.636,1
APP-12427,0.079,1
APP-12428,0.253,1
APP-12429,7.23,1
APP-12430,0.104,0
APP-12431,14.362,0
APP-12432,0.114,1
APP-12433,0.147,1
APP-12434,0.153,1
APP-12435,0.327,1
APP-12436,0.249,0
APP-12437,0.6,1
APP-12438,0.115,0
APP-12439,0.141,1
APP-12440,4.893,0
APP-12441,7.345,1
APP-12442,0.204,1
APP-12443,4.486,0
APP-12444,6.143,0
APP-12445,0.311,0
APP-12446,7.817,0
APP-12447,0.084,1
APP-12448,0.119,1
APP-12449,0.08,1
APP-12450,0.188,1
APP-12451,0.087,1
APP-12452,0.113,1
APP-12453,7.047,0
APP-12454,6.836,1
APP-12455,8.724,1
APP-12456,0.104,0
APP-12457,3.186,1
APP-12458,10.065,1
APP-12459,3.719,1
APP-12460,0.132,1
APP-12461,0.089,0
APP-12462,4.054,0
APP-12463,0.291,0
APP-12464,9.262,0
APP-12465,4.904,0
APP-12466,0.183,1
APP-12467,8.029,0
APP-12468,10.992,0
APP-12469,0.1,1
APP-12470,0.205,1
APP-12471,0.185,1
APP-12472,0.268,0
APP-12473,0.169,1
APP-12474,0.082,0
APP-12475,0.084,0
APP-12476,0.222,1
APP-12477,8.981,0
APP-12478,0.12,0
APP-12479,0.28,1
APP-12480,0.092,1
APP-12481,0.163,1
APP-12482,0.179,1
APP-12483,0.136,0
APP-12484,8.306,1
APP-12485,0.241,0
APP-12486,0.142,1
APP-12487,0.162,1
APP-12488,0.377,0
APP-12489,3.049,0
APP-12490,0.21,1
APP-12491,0.291,1
APP-12492,0.199,0
APP-12493,0.165,1
APP-12494,0.179,1
APP-12495,0.058,0
APP-12496,0.279,1
APP-12497,10.128,1
APP-12498,0.6,0
APP-12499,0.251,0
APP-12500,4.729,0
APP-12501,0.128,1
APP-12502,4.3,1
APP-12503,0.102,1
APP-12504,0.224,1
APP-12505,0.084,1
APP-12506,0.177,1
APP-12507,0.157,1
APP-12508,5.022,0
APP-12509,0.112,1
APP-12510,0.088,1
APP-12511,5.695,1
APP-12512,0.257,0
APP-12513,15.62,0
APP-12514,0.093,1
APP-12515,0.082,1
APP-12516,0.059,0
APP-12517,2.238,1
APP-12518,7.847,1
APP-12519,0.039,1
APP-12520,0.167,1
APP-12521,0.125,1
APP-12522,1.274,0
APP-12523,2.992,0
APP-12524,0.096,1
APP-12525,0.321,1
APP-12526,0.104,1
APP-12527,0.163,0
APP-12528,0.208,0
APP-12529,15.167,0
APP-12530,0.054,0
APP-12531,0.122,1
APP-12532,0.116,1
APP-12533,0.096,1
APP-12534,0.234,1
APP-12535,5.779,1
APP-12536,0.115,1
APP-12537,10.782,1
APP-12538,0.258,1
APP-12539,0.357,1
APP-12540,0.129,1
APP-12541,8.345,0
APP-12542,0.6,0
APP-12543,0.238,1
APP-12544,7.558,0
APP-12545,0.283,0
APP-12546,3.851,0
APP-12547,0.074,1
APP-12548,0.157,0
APP-12549,0.083,0
APP-12550,0.254,1
APP-12551,5.693,0
APP-12552,0.048,1
APP-12553,0.131,1
APP-12554,0.203,1
APP-12555,0.103,1
APP-12556,0.083,1
APP-12557,0.073,0
APP-12558,2.198,1
APP-12559,0.206,0
APP-12560,0.263,1
APP-12561,0.162,1
APP-12562,0.082,0
APP-12563,7.506,0
APP-12564,0.119,1
APP-12565,0.143,1
APP-12566,0.169,1
APP-12567,0.104,1
APP-12568,0.125,1
APP-12569,0.104,1
APP-12570,0.159,0
APP-12571,3.867,0
APP-12572,0.137,0
APP-12573,8.413,1
APP-12574,0.079,1
APP-12575,4.392,0
APP-12576,0.238,1
APP-12577,0.224,1
APP-12578,0.544,0
APP-12579,0.087,1
APP-12580,0.079,1
APP-12581,0.151,1
APP-12582,0.156,1
APP-12583,5.546,0
APP-12584,0.137,0
APP-12585,0.168,0
APP-12586,0.181,0
APP-12587,0.182,1
APP-12588,3.978,1
APP-12589,0.2,1
APP-12590,0.099,0
APP-12591,0.43,1
APP-12592,6.461,0
APP-12593,6.873,1
APP-12594,6.888,1
APP-12595,0.138,1
APP-12596,5.751,0
APP-12597,7.685,0
APP-12598,0.133,1
APP-12599,0.207,1
APP-12600,4.231,0
APP-12601,0.123,1
APP-12602,7.425,0
APP-12603,0.094,1
APP-12604,0.161,0
APP-12605,0.195,1
APP-12606,0.054,1
APP-12607,0.213,1
APP-12608,0.322,1
APP-12609,0.158,1
APP-12610,0.119,0
APP-12611,0.174,1
APP-12612,7.285,0
APP-12613,0.449,0
APP-12614,0.287,0
APP-12615,0.102,1
APP-12616,11.904,0
APP-12617,0.106,1
APP-12618,0.155,1
APP-12619,0.134,1
APP-12620,0.056,1
APP-12621,0.111,1
APP-12622,0.375,1
APP-12623,0.148,1
APP-12624,0.251,1
APP-12625,0.292,1
APP-12626,5.627,1
APP-12627,0.453,1
APP-12628,0.276,1
APP-12629,0.074,1
APP-12630,17.823,0
APP-12631,0.115,0
APP-12632,0.6,1
APP-12633,9.399,0
APP-12634,0.104,1
APP-12635,0.489,1
APP-12636,8.846,1
APP-12637,0.272,1
APP-12638,0.217,1
APP-12639,6.904,0
APP-12640,0.113,1
APP-12641,0.183,1
APP-12642,0.189,1
APP-12643,0.088,0
APP-12644,0.41,0
APP-12645,0.055,0
APP-12646,0.248,1
APP-12647,0.145,1
APP-12648,0.351,1
APP-12649,0.167,1
APP-12650,5.558,0
APP-12651,0.298,0
APP-12652,0.137,0
APP-12653,0.298,1
APP-12654,0.082,0
APP-12655,0.159,1
APP-12656,0.105,0
APP-12657,0.042,1
APP-12658,8.368,1
APP-12659,0.183,1
APP-12660,0.089,0
APP-12661,0.13,0
APP-12662,0.137,0
APP-12663,0.073,1
APP-12664,0.069,1
APP-12665,0.149,0
APP-12666,0.099,1
APP-12667,8.869,1
APP-12668,0.106,0
APP-12669,5.494,0
APP-12670,2.099,1
APP-12671,8.944,1
APP-12672,0.133,1
APP-12673,0.152,1
APP-12674,0.299,1
APP-12675,7.497,0
APP-12676,7.267,0
APP-12677,0.134,0
APP-12678,0.116,0
APP-12679,0.103,1
APP-12680,0.322,1
APP-12681,7.522,1
APP-12682,7.889,1
APP-12683,0.153,0
APP-12684,8.545,0
APP-12685,0.104,1
APP-12686,0.328,1
APP-12687,0.522,1
APP-12688,0.053,1
APP-12689,8.4,0
APP-12690,0.1,0
APP-12691,0.065,0
APP-12692,6.349,0
APP-12693,0.058,1
APP-12694,0.092,1
APP-12695,0.135,0
APP-12696,0.173,1
APP-12697,9.959,0
APP-12698,0.081,1
APP-12699,0.079,1
APP-12700,6.671,1
APP-12701,0.29,1
APP-12702,0.085,1
APP-12703,0.071,1
APP-12704,0.11,1
APP-12705,0.102,0
APP-12706,3.47,1
APP-12707,2.316,1
APP-12708,0.223,1
APP-12709,7.099,0
APP-12710,0.08,1
APP-12711,0.113,1
APP-12712,0.091,1
APP-12713,0.097,1
APP-12714,11.742,1
APP-12715,0.124,1
APP-12716,0.118,1
APP-12717,0.167,1
APP-12718,10.349,0
APP-12719,0.072,0
APP-12720,0.189,0
APP-12721,0.147,0
APP-12722,6.37,1
APP-12723,0.11,1
APP-12724,4.558,1
APP-12725,0.112,1
APP-12726,0.09,1
APP-12727,1.823,0
APP-12728,0.306,1
APP-12729,0.111,1
APP-12730,0.224,1
APP-12731,8.831,1
APP-12732,0.139,1
APP-12733,0.1,1
APP-12734,8.198,0
APP-12735,9.132,0
APP-12736,0.167,1
APP-12737,7.092,0
APP-12738,0.206,0
APP-12739,0.094,1
APP-12740,0.176,1
APP-12741,8.682,0
APP-12742,6.028,0
APP-12743,0.101,0
APP-12744,0.096,1
APP-12745,0.134,1
APP-12746,13.897,0
APP-12747,5.168,0
APP-12748,0.221,1
APP-12749,0.11,1
APP-12750,0.144,1
APP-12751,0.16,1
APP-12752,0.397,1
APP-12753,6.313,0
APP-12754,0.217,0
APP-12755,18.165,1
APP-12756,0.215,1
APP-12757,0.054,1
APP-12758,14.227,1
APP-12759,0.132,1
APP-12760,0.119,1
APP-12761,0.153,1
APP-12762,7.117,0
APP-12763,0.073,1
APP-12764,0.084,0
APP-12765,0.104,0
APP-12766,0.175,0
APP-12767,0.156,1
APP-12768,6.612,0
APP-12769,0.182,1
APP-12770,6.914,0
APP-12771,5.49,1
APP-12772,0.211,1
APP-12773,0.19,0
APP-12774,0.311,1
APP-12775,0.147,1
APP-12776,6.128,0
APP-12777,0.221,1
APP-12778,0.059,1
APP-12779,0.069,1
APP-12780,0.156,1
APP-12781,0.187,1
APP-12782,0.203,1
APP-12783,0.043,1
APP-12784,0.271,0
APP-12785,5.052,1
APP-12786,6.16,1
APP-12787,0.089,1
APP-12788,0.249,1
APP-12789,8.482,0
APP-12790,0.294,1
APP-12791,0.196,1
APP-12792,0.124,0
APP-12793,0.189,0
APP-12794,0.168,1
APP-12795,4.446,1
APP-12796,0.174,1
APP-12797,0.163,0
APP-12798,0.14,0
APP-12799,0.098,1
APP-12800,4.623,0
APP-12801,0.161,1
APP-12802,0.098,1
APP-12803,0.073,0
APP-12804,0.072,1
APP-12805,0.15,1
APP-12806,0.119,1
APP-12807,13.398,0
APP-12808,0.072,1
APP-12809,0.126,1
APP-12810,0.228,1
APP-12811,0.26,1
APP-12812,0.201,1
APP-12813,0.079,1
APP-12814,0.118,1
APP-12815,0.065,0
APP-12816,0.158,0
APP-12817,0.112,0
APP-12818,0.174,1
APP-12819,0.175,1
APP-12820,0.1,1
APP-12821,0.064,1
APP-12822,4.615,1
APP-12823,3.995,1
APP-12824,0.283,1
APP-12825,0.133,1
APP-12826,0.033,1
APP-12827,0.145,1
APP-12828,4.28,1
APP-12829,0.095,1
APP-12830,0.107,0
APP-12831,0.095,1
APP-12832,0.184,1
APP-12833,0.173,1
APP-12834,0.137,0
APP-12835,14.429,0
APP-12836,0.226,1
APP-12837,0.084,1
APP-12838,11.108,1
APP-12839,0.233,1
APP-12840,0.166,0
APP-12841,0.204,1
APP-12842,0.198,1
APP-12843,0.056,1
APP-12844,5.82,0
APP-12845,3.412,0
APP-12846,0.071,0
APP-12847,0.159,1
APP-12848,9.108,0
APP-12849,11.034,0
APP-12850,0.057,1
APP-12851,0.071,1
APP-12852,12.901,0
APP-12853,0.107,0
APP-12854,0.49,1
APP-12855,0.099,1
APP-12856,0.189,1
APP-12857,8.725,0
APP-12858,0.238,1
APP-12859,10.307,0
APP-12860,0.287,1
APP-12861,6.267,1
APP-12862,0.343,1
APP-12863,0.246,0
APP-12864,0.071,1
APP-12865,0.077,1
APP-12866,0.131,1
APP-12867,9.869,0
APP-12868,0.141,0
APP-12869,0.258,1
APP-12870,0.096,0
APP-12871,0.151,1
APP-12872,0.263,1
APP-12873,0.134,1
APP-12874,4.271,0
APP-12875,0.073,1
APP-12876,5.755,1
APP-12877,13.169,1
APP-12878,2.089,0
APP-12879,8.61,0
APP-12880,6.892,0
APP-12881,0.197,0
APP-12882,0.352,1
APP-12883,0.202,0
APP-12884,0.312,0
APP-12885,13.7,0
APP-12886,0.946,1
APP-12887,0.088,1
APP-12888,0.428,0
APP-12889,0.136,1
APP-12890,8.615,1
APP-12891,13.628,0
APP-12892,0.131,1
APP-12893,0.342,0
APP-12894,0.172,0
APP-12895,0.7,0
APP-12896,0.156,1
APP-12897,0.127,1
APP-12898,0.128,1
APP-12899,5.56,1
APP-12900,0.213,1
APP-12901,0.126,0
APP-12902,0.1,1
APP-12903,0.07,1
APP-12904,0.154,1
APP-12905,0.073,1
APP-12906,0.156,1
APP-12907,0.6,0
APP-12908,0.193,1
APP-12909,0.089,1
APP-12910,0.065,0
APP-12911,1.56,1
APP-12912,0.134,1
APP-12913,0.718,1
APP-12914,0.151,0
APP-12915,0.065,0
APP-12916,0.124,1
APP-12917,0.217,1
APP-12918,0.399,1
APP-12919,8.267,1
APP-12920,0.119,1
APP-12921,4.04,1
APP-12922,11.029,0
APP-12923,0.423,0
APP-12924,0.084,0
APP-12925,2.102,1
APP-12926,0.201,0
APP-12927,0.147,1
APP-12928,9.718,1
APP-12929,0.135,1
APP-12930,0.177,1
APP-12931,0.186,0
APP-12932,3.464,0
APP-12933,0.091,1
APP-12934,0.038,1
APP-12935,9.556,0
APP-12936,0.14,1
APP-12937,0.272,1
APP-12938,0.221,1
APP-12939,0.097,1
APP-12940,0.153,0
APP-12941,7.297,1
APP-12942,0.119,0
APP-12943,0.177,1
APP-12944,2.276,1
APP-12945,0.216,1
APP-12946,0.133,1
APP-12947,0.31,0
APP-12948,0.434,1
APP-12949,0.254,0
APP-12950,0.184,0
APP-12951,0.073,1
APP-12952,0.166,1
APP-12953,0.053,1
APP-12954,0.144,0
APP-12955,2.722,1
APP-12956,2.526,1
APP-12957,0.149,0
APP-12958,0.136,1
APP-12959,0.118,1
APP-12960,0.061,1
APP-12961,0.416,0
APP-12962,0.186,0
APP-12963,0.086,0
APP-12964,0.285,1
APP-12965,0.097,0
APP-12966,0.192,0
APP-12967,0.113,0
APP-12968,0.101,1
APP-12969,0.128,0
APP-12970,0.139,1
APP-12971,0.099,1
APP-12972,0.136,0
APP-12973,0.133,1
APP-12974,0.233,1
APP-12975,8.704,0
APP-12976,10.074,0
APP-12977,0.22,0
APP-12978,0.073,0
APP-12979,6.018,0
APP-12980,4.597,0
APP-12981,0.096,1
APP-12982,0.05,1
APP-12983,8.189,1
APP-12984,0.296,1
APP-12985,0.08,0
APP-12986,0.045,1
APP-12987,0.181,1
APP-12988,10.543,0
APP-12989,1.022,1
APP-12990,3.483,1
APP-12991,4.834,0
APP-12992,0.128,1
APP-12993,0.137,0
APP-12994,0.341,1
APP-12995,0.177,1
APP-12996,0.083,1
APP-12997,7.93,0
APP-12998,0.223,0
APP-12999,7.141,0
APP-13000,0.065,0
APP-13001,0.23,1
APP-13002,0.212,1
APP-13003,0.06,1
APP-13004,0.265,0
APP-13005,0.162,1
APP-13006,6.446,0
APP-13007,3.477,1
APP-13008,0.253,1
APP-13009,6.479,1
APP-13010,3.4,1
APP-13011,0.198,0
APP-13012,6.044,1
APP-13013,0.117,0
APP-13014,0.21,1
APP-13015,0.189,1
APP-13016,0.14,1
APP-13017,4.456,0
APP-13018,0.288,1
APP-13019,0.091,1
APP-13020,0.6,0
APP-13021,0.077,0
APP-13022,0.089,0
APP-13023,0.078,1
APP-13024,0.145,1
APP-13025,0.073,1
APP-13026,0.215,1
APP-13027,0.146,1
APP-13028,0.108,0
APP-13029,0.119,0
APP-13030,0.12,0
APP-13031,8.974,0
APP-13032,0.215,1
APP-13033,0.209,0
APP-13034,7.707,0
APP-13035,6.837,1
APP-13036,0.271,0
APP-13037,0.211,1
APP-13038,0.193,1
APP-13039,0.15,0
APP-13040,4.045,0
APP-13041,1.893,1
APP-13042,0.267,1
APP-13043,0.188,0
APP-13044,0.176,1
APP-13045,0.3,1
APP-13046,0.209,0
APP-13047,0.137,0
APP-13048,0.138,1
APP-13049,5.114,0
APP-13050,0.313,1
APP-13051,0.031,1
APP-13052,6.323,1
APP-13053,0.069,1
APP-13054,0.073,1
APP-13055,0.046,1
APP-13056,0.145,1
APP-13057,10.819,1
APP-13058,0.336,1
APP-13059,0.181,1
APP-13060,0.124,1
APP-13061,0.228,1
APP-13062,8.322,0
APP-13063,0.106,1
APP-13064,0.165,1
APP-13065,0.164,1
APP-13066,0.086,1
APP-13067,0.221,1
APP-13068,0.206,0
APP-13069,0.213,0
APP-13070,10.152,0
APP-13071,0.21,1
APP-13072,0.143,0
APP-13073,0.168,1
APP-13074,0.132,1
APP-13075,0.182,1
APP-13076,0.074,1
APP-13077,0.217,0
APP-13078,7.164,0
APP-13079,0.216,1
APP-13080,4.273,1
APP-13081,0.124,1
APP-13082,0.157,1
APP-13083,0.269,1
APP-13084,0.498,0
APP-13085,0.088,1
APP-13086,0.079,0
APP-13087,0.274,0
APP-13088,0.272,1
APP-13089,0.131,1
APP-13090,0.062,1
APP-13091,0.086,1
APP-13092,0.151,1
APP-13093,0.102,0
APP-13094,0.18,1
APP-13095,0.121,1
APP-13096,0.286,0
APP-13097,0.112,1
APP-13098,0.299,1
APP-13099,0.149,1
APP-13100,0.062,1
APP-13101,8.415,0
APP-13102,0.101,1
APP-13103,0.083,1
APP-13104,6.661,0
APP-13105,0.127,1
APP-13106,0.097,1
APP-13107,0.224,1
APP-13108,0.37,1
APP-13109,9.079,0
APP-13110,0.331,1
APP-13111,0.205,1
APP-13112,2.031,1
APP-13113,0.085,1
APP-13114,5.811,0
APP-13115,0.306,0
APP-13116,0.12,1
APP-13117,0.2,1
APP-13118,0.139,0
APP-13119,0.052,0
APP-13120,0.074,0
APP-13121,0.251,1
APP-13122,5.739,0
APP-13123,0.167,1
APP-13124,0.101,0
APP-13125,6.277,0
APP-13126,0.428,1
APP-13127,0.16,1
APP-13128,13.252,0
APP-13129,0.193,1
APP-13130,2.151,0
APP-13131,0.143,0
APP-13132,0.171,0
APP-13133,14.151,0
APP-13134,0.252,1
APP-13135,2.944,0
APP-13136,0.187,1
APP-13137,11.12,0
APP-13138,6.286,0
APP-13139,0.102,1
APP-13140,0.176,1
APP-13141,9.078,0
APP-13142,0.096,1
APP-13143,8.738,0
APP-13144,0.227,0
APP-13145,11.759,0
APP-13146,0.069,0
APP-13147,0.08,1
APP-13148,0.113,1
APP-13149,0.233,0
APP-13150,0.179,1
APP-13151,0.15,0
APP-13152,0.184,1
APP-13153,0.373,1
APP-13154,0.271,1
APP-13155,0.421,1
APP-13156,0.141,0
APP-13157,0.071,1
APP-13158,0.715,1
APP-13159,1.669,0
APP-13160,5.149,0
APP-13161,0.185,1
APP-13162,4.635,1
APP-13163,8.223,0
APP-13164,0.091,0
APP-13165,8.362,1
APP-13166,0.146,1
APP-13167,0.163,1
APP-13168,0.128,1
APP-13169,0.242,1
APP-13170,0.152,1
APP-13171,4.679,0
APP-13172,0.199,1
APP-13173,0.214,1
APP-13174,0.353,0
APP-13175,2.838,1
APP-13176,6.402,1
APP-13177,0.071,1
APP-13178,0.126,0
APP-13179,0.231,1
APP-13180,0.223,1
APP-13181,0.067,1
APP-13182,0.079,0
APP-13183,0.165,1
APP-13184,0.17,1
APP-13185,7.195,0
APP-13186,10.636,0
APP-13187,0.089,1
APP-13188,0.155,1
APP-13189,6.878,1
APP-13190,0.284,1
APP-13191,0.19,0
APP-13192,0.082,0
APP-13193,0.106,1
APP-13194,3.365,0
APP-13195,4.003,1
APP-13196,0.164,1
APP-13197,0.337,1
APP-13198,0.119,0
APP-13199,0.134,1
APP-13200,0.283,1
APP-13201,0.129,1
APP-13202,0.16,0
APP-13203,0.096,1
APP-13204,0.082,0
APP-13205,0.095,1
APP-13206,4.436,1
APP-13207,0.095,1
APP-13208,0.141,1
APP-13209,0.198,0
APP-13210,0.252,1
APP-13211,0.31,1
APP-13212,4.204,1
APP-13213,11.157,0
APP-13214,0.172,1
APP-13215,0.133,1
APP-13216,0.207,1
APP-13217,3.611,0
APP-13218,0.219,1
APP-13219,0.243,1
APP-13220,0.204,0
APP-13221,0.155,1
APP-13222,0.124,0
APP-13223,7.46,1
APP-13224,0.193,1
APP-13225,11.253,0
APP-13226,0.239,0
APP-13227,8.697,0
APP-13228,8.763,1
APP-13229,0.133,0
APP-13230,0.071,0
APP-13231,0.161,0
APP-13232,0.132,0
APP-13233,0.172,1
APP-13234,0.166,0
APP-13235,6.536,1
APP-13236,0.111,1
APP-13237,6.028,1
APP-13238,0.09,0
APP-13239,0.064,1
APP-13240,0.146,1
APP-13241,0.223,1
APP-13242,0.126,1
APP-13243,8.841,0
APP-13244,7.742,0
APP-13245,2.834,0
APP-13246,9.355,0
APP-13247,0.439,1
APP-13248,0.291,0
APP-13249,0.62,1
APP-13250,9.732,0
APP-13251,0.043,1
APP-13252,0.247,1
APP-13253,0.118,0
APP-13254,0.292,0
APP-13255,5.367,0
APP-13256,0.18,1
APP-13257,0.103,1
APP-13258,1.042,1
APP-13259,0.136,1
APP-13260,5.003,0
APP-13261,0.2,1
APP-13262,4.251,1
APP-13263,2.863,0
APP-13264,0.121,1
APP-13265,0.514,1
APP-13266,0.183,1
APP-13267,0.303,1
APP-13268,0.228,1
APP-13269,0.109,1
APP-13270,0.123,0
APP-13271,0.127,1
APP-13272,5.187,1
APP-13273,0.196,0
APP-13274,0.479,0
APP-13275,0.191,1
APP-13276,7.989,0
APP-13277,0.22,1
APP-13278,4.921,0
APP-13279,7.883,1
APP-13280,9.975,0
APP-13281,0.033,1
APP-13282,7.76,1
APP-13283,6.823,0
APP-13284,0.123,1
APP-13285,2.797,1
APP-13286,0.207,1
APP-13287,6.74,0
APP-13288,0.126,1
APP-13289,7.109,0
APP-13290,0.082,1
APP-13291,0.128,0
APP-13292,5.843,0
APP-13293,0.183,1
APP-13294,7.231,0
APP-13295,0.314,0
APP-13296,0.096,1
APP-13297,1.966,1
APP-13298,0.211,1
APP-13299,7.974,0
APP-13300,0.066,1
APP-13301,5.102,1
APP-13302,0.149,1
APP-13303,0.041,1
APP-13304,0.321,1
APP-13305,0.175,1
APP-13306,0.136,1
APP-13307,9.125,0
APP-13308,7.623,0
APP-13309,7.822,0
APP-13310,0.1,1
APP-13311,0.057,0
APP-13312,0.048,1
APP-13313,11.721,1
APP-13314,4.066,1
APP-13315,0.252,1
APP-13316,0.31,0
APP-13317,4.868,0
APP-13318,0.284,0
APP-13319,10.119,0
APP-13320,11.744,0
APP-13321,2.328,0
APP-13322,0.283,1
APP-13323,5.644,1
APP-13324,0.068,1
APP-13325,3.753,0
APP-13326,0.069,1
APP-13327,8.31,0
APP-13328,0.085,0
APP-13329,0.112,1
APP-13330,0.233,1
APP-13331,0.32,0
APP-13332,8.437,0
APP-13333,0.091,1
APP-13334,0.2,1
APP-13335,0.054,0
APP-13336,0.105,1
APP-13337,0.189,1
APP-13338,6.346,1
APP-13339,0.153,1
APP-13340,7.618,0
APP-13341,6.316,1
APP-13342,0.131,0
APP-13343,11.467,0
APP-13344,0.339,0
APP-13345,0.247,0
APP-13346,8.394,0
APP-13347,0.126,1
APP-13348,0.119,1
APP-13349,5.974,0
APP-13350,0.179,0
APP-13351,0.124,0
APP-13352,0.106,1
APP-13353,7.376,0
APP-13354,0.096,1
APP-13355,0.088,1
APP-13356,0.185,1
APP-13357,0.039,1
APP-13358,1.285,1
APP-13359,2.325,1
APP-13360,5.816,1
APP-13361,0.432,1
APP-13362,4.763,1
APP-13363,0.15,1
APP-13364,12.116,0
APP-13365,5.568,1
APP-13366,0.06,1
APP-13367,0.19,0
APP-13368,0.115,1
APP-13369,0.154,1
APP-13370,1.889,1
APP-13371,0.219,1
APP-13372,6.487,1
APP-13373,0.6,1
APP-13374,0.287,1
APP-13375,0.107,0
APP-13376,0.167,0
APP-13377,0.198,0
APP-13378,0.167,1
APP-13379,8.599,0
APP-13380,0.249,1
APP-13381,0.271,1
APP-13382,0.169,1
APP-13383,0.106,0
APP-13384,0.112,0
APP-13385,12.22,0
APP-13386,0.122,0
APP-13387,0.216,1
APP-13388,0.383,0
APP-13389,0.165,0
APP-13390,6.948,0
APP-13391,0.107,1
APP-13392,0.115,0
APP-13393,0.132,0
APP-13394,0.098,0
APP-13395,0.062,1
APP-13396,0.16,1
APP-13397,0.246,1
APP-13398,0.111,1
APP-13399,5.595,0
APP-13400,0.094,1
APP-13401,4.724,1
APP-13402,0.226,1
APP-13403,7.571,0
APP-13404,0.195,1
APP-13405,0.134,0
APP-13406,9.105,0
APP-13407,0.22,1
APP-13408,5.687,1
APP-13409,0.208,1
APP-13410,0.272,0
APP-13411,3.995,0
APP-13412,7.309,1
APP-13413,0.303,0
APP-13414,0.053,1
APP-13415,0.225,1
APP-13416,0.482,1
APP-13417,8.22,0
APP-13418,3.296,1
APP-13419,0.6,0
APP-13420,9.513,0
APP-13421,11.202,0
APP-13422,15.022,1
APP-13423,0.255,1
APP-13424,0.314,1
APP-13425,0.247,1
APP-13426,0.125,1
APP-13427,0.214,0
APP-13428,0.046,1
APP-13429,0.303,0
APP-13430,0.231,0
APP-13431,0.313,1
APP-13432,5.076,0
APP-13433,0.124,1
APP-13434,0.149,1
APP-13435,3.529,1
APP-13436,0.058,1
APP-13437,5.995,0
APP-13438,0.281,1
APP-13439,0.129,1
APP-13440,11.292,0
APP-13441,11.115,1
APP-13442,4.745,1
APP-13443,0.086,1
APP-13444,0.123,1
APP-13445,0.22,0
APP-13446,0.114,0
APP-13447,0.092,0
APP-13448,0.106,0
APP-13449,0.219,0
APP-13450,0.114,1
APP-13451,0.094,1
APP-13452,0.149,1
APP-13453,0.491,1
APP-13454,0.128,1
APP-13455,0.276,1
APP-13456,7.726,1
APP-13457,0.116,0
APP-13458,0.079,0
APP-13459,7.102,0
APP-13460,2.216,1
APP-13461,0.107,0
APP-13462,0.227,0
APP-13463,0.083,1
APP-13464,12.367,0
APP-13465,0.103,1
APP-13466,0.249,1
APP-13467,0.215,1
APP-13468,0.174,0
APP-13469,6.001,1
APP-13470,0.208,1
APP-13471,0.063,1
APP-13472,6.081,0
APP-13473,0.293,0
APP-13474,0.085,1
APP-13475,0.143,1
APP-13476,7.516,0
APP-13477,5.976,1
APP-13478,0.208,0
APP-13479,0.191,0
APP-13480,0.19,1
APP-13481,0.103,1
APP-13482,0.128,1
APP-13483,0.168,1
APP-13484,11.023,1
APP-13485,7.83,0
APP-13486,8.466,0
APP-13487,3.722,0
APP-13488,0.179,1
APP-13489,6.454,1
APP-13490,0.208,0
APP-13491,0.053,1
APP-13492,0.099,0
APP-13493,8.739,0
APP-13494,13.722,0
APP-13495,4.834,0
APP-13496,0.182,0
APP-13497,13.821,0
APP-13498,4.867,1
APP-13499,0.218,1
APP-13500,0.186,1
APP-13501,6.686,1
APP-13502,11.129,0
APP-13503,0.335,1
APP-13504,0.031,0
APP-13505,0.069,0
APP-13506,0.11,0
APP-13507,0.16,1
APP-13508,0.221,1
APP-13509,0.398,0
APP-13510,0.209,0
APP-13511,0.15,0
APP-13512,0.232,1
APP-13513,0.142,0
APP-13514,0.229,1
APP-13515,0.3,1
APP-13516,0.215,1
APP-13517,0.092,1
APP-13518,6.877,0
APP-13519,6.833,1
APP-13520,0.069,1
APP-13521,0.044,0
APP-13522,0.145,1
APP-13523,0.328,1
APP-13524,0.065,1
APP-13525,0.081,1
APP-13526,0.084,1
APP-13527,0.232,1
APP-13528,0.076,1
APP-13529,0.149,0
APP-13530,0.134,1
APP-13531,0.189,0
APP-13532,0.151,1
APP-13533,0.173,1
APP-13534,0.223,1
APP-13535,11.613,0
APP-13536,2.088,1
APP-13537,10.586,1
APP-13538,8.644,0
APP-13539,0.188,1
APP-13540,13.401,1
APP-13541,0.136,0
APP-13542,0.178,0
APP-13543,0.118,1
APP-13544,0.125,1
APP-13545,3.837,1
APP-13546,0.182,0
APP-13547,0.068,1
APP-13548,8.684,0
APP-13549,0.086,0
APP-13550,0.103,1
APP-13551,0.257,1
APP-13552,0.111,0
APP-13553,0.174,1
APP-13554,8.908,1
APP-13555,0.201,0
APP-13556,0.326,1
APP-13557,0.129,1
APP-13558,5.979,1
APP-13559,0.076,0
APP-13560,0.097,1
APP-13561,0.274,1
APP-13562,4.134,1
APP-13563,0.111,1
APP-13564,0.454,1
APP-13565,0.092,0
APP-13566,0.102,1
APP-13567,4.609,1
APP-13568,0.212,1
APP-13569,9.302,0
APP-13570,0.167,1
APP-13571,0.079,1
APP-13572,0.094,1
APP-13573,0.207,1
APP-13574,0.184,1
APP-13575,0.107,0
APP-13576,0.06,1
APP-13577,3.172,0
APP-13578,0.368,1
APP-13579,0.192,0
APP-13580,6.303,0
APP-13581,0.047,0
APP-13582,5.698,0
APP-13583,0.404,1
APP-13584,0.393,1
APP-13585,0.178,0
APP-13586,0.166,0
APP-13587,8.588,1
APP-13588,15.989,0
APP-13589,2.456,0
APP-13590,0.048,0
APP-13591,3.184,0
APP-13592,0.194,1
APP-13593,0.102,1
APP-13594,8.575,0
APP-13595,0.252,1
APP-13596,0.161,1
APP-13597,0.393,1
APP-13598,3.767,0
APP-13599,0.227,1
APP-13600,0.26,0
APP-13601,0.255,1
APP-13602,0.225,0
APP-13603,0.111,1
APP-13604,0.135,1
APP-13605,0.135,1
APP-13606,0.147,0
APP-13607,1.874,0
APP-13608,0.162,1
APP-13609,0.166,1
APP-13610,0.186,1
APP-13611,0.115,1
APP-13612,0.223,1
APP-13613,0.237,1
APP-13614,0.068,0
APP-13615,0.138,0
APP-13616,0.115,1
APP-13617,7.333,0
APP-13618,0.106,1
APP-13619,1.396,1
APP-13620,0.183,0
APP-13621,0.197,1
APP-13622,9.995,0
APP-13623,0.107,1
APP-13624,1.315,1
APP-13625,0.143,1
APP-13626,0.125,1
APP-13627,5.739,0
APP-13628,1.877,1
APP-13629,0.29,1
APP-13630,0.254,1
APP-13631,2.589,1
APP-13632,0.149,1
APP-13633,0.17,1
APP-13634,0.096,0
APP-13635,0.242,1
APP-13636,0.058,1
APP-13637,7.295,0
APP-13638,0.504,0
APP-13639,13.301,0
APP-13640,0.099,1
APP-13641,0.277,1
APP-13642,5.586,1
APP-13643,0.145,1
APP-13644,0.186,1
APP-13645,0.075,1
APP-13646,3.378,0
APP-13647,3.081,1
APP-13648,5.086,1
APP-13649,7.382,0
APP-13650,0.186,0
APP-13651,0.099,1
APP-13652,0.398,1
APP-13653,0.341,1
APP-13654,1.806,1
APP-13655,11.277,0
APP-13656,0.039,1
APP-13657,0.205,1
APP-13658,8.036,0
APP-13659,0.131,0
APP-13660,0.216,1
APP-13661,0.253,1
APP-13662,0.186,1
APP-13663,9.82,0
APP-13664,0.086,1
APP-13665,0.159,1
APP-13666,0.276,1
APP-13667,5.607,0
APP-13668,2.625,0
APP-13669,0.132,1
APP-13670,0.059,1
APP-13671,0.108,0
APP-13672,0.022,1
APP-13673,8.421,0
APP-13674,0.124,1
APP-13675,0.069,0
APP-13676,0.275,1
APP-13677,0.336,0
APP-13678,0.036,0
APP-13679,0.368,1
APP-13680,4.631,1
APP-13681,0.204,0
APP-13682,0.36,0
APP-13683,0.162,0
APP-13684,0.126,1
APP-13685,0.099,1
APP-13686,10.751,1
APP-13687,0.089,1
APP-13688,6.584,0
APP-13689,0.087,1
APP-13690,0.14,1
APP-13691,0.205,1
APP-13692,3.694,0
APP-13693,11.412,0
APP-13694,0.031,1
APP-13695,9.204,0
APP-13696,0.276,0
APP-13697,0.112,0
APP-13698,6.365,0
APP-13699,3.201,0
APP-13700,0.037,1
APP-13701,7.25,1
APP-13702,0.047,1
APP-13703,0.118,1
APP-13704,0.15,1
APP-13705,0.205,1
APP-13706,0.069,1
APP-13707,15.248,0
APP-13708,4.671,0
APP-13709,6.78,0
APP-13710,0.141,1
APP-13711,0.156,1
APP-13712,13.435,1
APP-13713,0.187,0
APP-13714,7.411,1
APP-13715,0.429,0
APP-13716,10.686,0
APP-13717,7.227,0
APP-13718,0.21,0
APP-13719,9.015,1
APP-13720,8.832,0
APP-13721,0.138,1
APP-13722,0.24,1
APP-13723,0.475,1
APP-13724,5.51,1
APP-13725,0.169,1
APP-13726,0.077,1
APP-13727,0.114,1
APP-13728,10.819,1
APP-13729,3.012,1
APP-13730,0.144,1
APP-13731,4.098,1
APP-13732,3.772,0
APP-13733,0.192,1
APP-13734,0.294,1
APP-13735,0.228,0
APP-13736,0.14,1
APP-13737,12.496,0
APP-13738,8.749,1
APP-13739,0.09,1
APP-13740,0.102,0
APP-13741,0.067,1
APP-13742,0.401,1
APP-13743,0.088,1
APP-13744,0.137,0
APP-13745,0.091,0
APP-13746,2.445,0
APP-13747,0.28,1
APP-13748,0.176,1
APP-13749,0.164,1
APP-13750,0.04,0
APP-13751,0.203,0
APP-13752,3.819,1
APP-13753,9.721,0
APP-13754,0.076,1
APP-13755,6.871,1
APP-13756,8.012,0
APP-13757,0.093,1
APP-13758,0.107,1
APP-13759,3.708,0
APP-13760,6.899,1
APP-13761,6.239,1
APP-13762,0.296,0
APP-13763,5.648,1
APP-13764,5.788,1
APP-13765,7.437,0
APP-13766,0.321,1
APP-13767,15.199,1
APP-13768,0.106,1
APP-13769,5.707,0
APP-13770,8.699,0
APP-13771,0.201,0
APP-13772,0.998,1
APP-13773,0.068,0
APP-13774,0.147,1
APP-13775,3.263,1
APP-13776,4.749,0
APP-13777,0.247,1
APP-13778,0.103,1
APP-13779,0.153,1
APP-13780,0.149,0
APP-13781,0.115,1
APP-13782,7.264,0
APP-13783,0.137,1
APP-13784,0.025,1
APP-13785,11.008,0
APP-13786,0.32,0
APP-13787,0.199,0
APP-13788,0.131,1
APP-13789,0.116,1
APP-13790,11.65,0
APP-13791,15.427,0
APP-13792,8.406,0
APP-13793,4.198,0
APP-13794,3.854,0
APP-13795,0.226,1
APP-13796,0.144,1
APP-13797,0.137,1
APP-13798,7.202,0
APP-13799,9.577,1
APP-13800,0.104,1
APP-13801,13.068,0
APP-13802,3.759,0
APP-13803,1.672,1
APP-13804,0.197,1
APP-13805,0.074,1
APP-13806,0.216,0
APP-13807,0.086,1
APP-13808,0.242,1
APP-13809,4.841,1
APP-13810,0.291,1
APP-13811,0.146,1
APP-13812,0.329,0
APP-13813,0.09,0
APP-13814,0.326,1
APP-13815,8.164,1
APP-13816,0.073,1
APP-13817,8.838,1
APP-13818,0.139,0
APP-13819,0.168,1
APP-13820,0.208,1
APP-13821,0.234,1
APP-13822,2.814,1
APP-13823,0.152,1
APP-13824,0.4,1
APP-13825,0.166,1
APP-13826,3.234,1
APP-13827,3.709,1
APP-13828,0.081,0
APP-13829,0.156,0
APP-13830,0.258,0
APP-13831,5.32,1
APP-13832,0.133,0
APP-13833,0.121,1
APP-13834,1.446,0
APP-13835,5.537,1
APP-13836,0.466,1
APP-13837,0.184,0
APP-13838,0.3,0
APP-13839,0.088,0
APP-13840,2.668,1
APP-13841,1.633,1
APP-13842,0.303,0
APP-13843,0.112,1
APP-13844,0.138,1
APP-13845,0.098,1
APP-13846,0.188,0
APP-13847,0.087,1
APP-13848,10.257,0
APP-13849,0.378,1
APP-13850,5.774,1
APP-13851,0.134,1
APP-13852,16.193,0
APP-13853,16.209,0
APP-13854,4.546,0
APP-13855,0.265,1
APP-13856,11.2,0
APP-13857,0.162,1
APP-13858,0.123,1
APP-13859,0.121,1
APP-13860,0.264,0
APP-13861,6.895,1
APP-13862,0.085,1
APP-13863,0.122,1
APP-13864,0.074,1
APP-13865,0.155,1
APP-13866,7.687,1
APP-13867,5.099,0
APP-13868,4.74,1
APP-13869,0.168,1
APP-13870,0.186,1
APP-13871,2.805,0
APP-13872,0.186,1
APP-13873,0.144,1
APP-13874,0.263,1
APP-13875,5.369,0
APP-13876,6.537,0
APP-13877,0.36,1
APP-13878,11.775,1
APP-13879,9.494,0
APP-13880,1.737,0
APP-13881,0.092,1
APP-13882,0.086,1
APP-13883,2.508,0
APP-13884,0.151,1
APP-13885,0.196,1
APP-13886,0.165,1
APP-13887,7.218,1
APP-13888,0.12,0
APP-13889,0.081,0
APP-13890,8.511,0
APP-13891,4.228,0
APP-13892,4.775,0
APP-13893,0.232,1
APP-13894,0.104,0
APP-13895,7.698,0
APP-13896,0.092,1
APP-13897,0.176,1
APP-13898,6.491,1
APP-13899,4.195,1
APP-13900,9.839,1
APP-13901,0.364,1
APP-13902,0.148,1
APP-13903,0.189,0
APP-13904,0.036,1
APP-13905,0.134,0
APP-13906,0.128,1
APP-13907,8.278,0
APP-13908,0.031,1
APP-13909,0.193,1
APP-13910,8.668,0
APP-13911,0.077,1
APP-13912,0.119,1
APP-13913,0.15,1
APP-13914,0.397,1
APP-13915,0.096,0
APP-13916,0.424,1
APP-13917,0.105,0
APP-13918,0.138,1
APP-13919,0.165,0
APP-13920,0.118,1
APP-13921,0.126,1
APP-13922,8.952,0
APP-13923,0.147,1
APP-13924,6.261,1
APP-13925,0.117,0
APP-13926,0.179,1
APP-13927,6.275,1
APP-13928,0.338,1
APP-13929,0.08,0
APP-13930,0.248,1
APP-13931,0.087,0
APP-13932,0.17,1
APP-13933,8.196,1
APP-13934,3.247,1
APP-13935,7.968,1
APP-13936,6.23,0
APP-13937,1.767,0
APP-13938,0.206,1
APP-13939,3.956,1
APP-13940,5.172,1
APP-13941,3.772,0
APP-13942,0.208,1
APP-13943,0.115,1
APP-13944,0.228,1
APP-13945,0.262,1
APP-13946,0.068,0
APP-13947,0.158,1
APP-13948,2.315,1
APP-13949,0.16,1
APP-13950,0.083,0
APP-13951,0.066,1
APP-13952,0.11,1
APP-13953,10.598,0
APP-13954,0.116,0
APP-13955,9.171,0
APP-13956,7.942,0
APP-13957,0.153,1
APP-13958,0.19,1
APP-13959,6.264,0
APP-13960,0.11,0
APP-13961,0.207,0
APP-13962,5.242,1
APP-13963,0.6,1
APP-13964,0.078,1
APP-13965,0.231,1
APP-13966,0.095,1
APP-13967,0.076,0
APP-13968,0.294,1
APP-13969,0.091,1
APP-13970,0.361,1
APP-13971,0.166,1
APP-13972,0.132,0
APP-13973,0.135,0
APP-13974,6.25,0
APP-13975,0.133,1
APP-13976,0.161,1
APP-13977,0.156,1
APP-13978,0.133,0
APP-13979,7.864,0
APP-13980,0.087,1
APP-13981,0.065,1
APP-13982,0.148,1
APP-13983,0.116,1
APP-13984,0.239,1
APP-13985,0.181,1
APP-13986,0.228,1
APP-13987,0.276,1
APP-13988,7.212,1
APP-13989,0.229,1
APP-13990,0.146,1
APP-13991,0.146,1
APP-13992,0.114,1
APP-13993,0.069,0
APP-13994,0.142,1
APP-13995,0.394,1
APP-13996,4.506,1
APP-13997,9.823,0
APP-13998,0.131,1
APP-13999,0.181,1
APP-14000,0.346,0
APP-14001,0.185,0
APP-14002,0.202,1
APP-14003,5.498,0
APP-14004,0.153,1
APP-14005,0.232,1
APP-14006,6.93,1
APP-14007,0.244,0
APP-14008,0.157,0
APP-14009,0.088,0
APP-14010,0.129,1
APP-14011,0.119,1
APP-14012,0.124,0
APP-14013,0.123,0
APP-14014,0.219,0
APP-14015,0.067,1
APP-14016,0.2,0
APP-14017,4.095,1
APP-14018,0.232,0
APP-14019,0.224,0
APP-14020,0.247,1
APP-14021,0.179,1
APP-14022,0.16,0
APP-14023,0.108,1
APP-14024,0.058,1
APP-14025,0.289,1
APP-14026,8.362,0
APP-14027,0.063,1
APP-14028,0.259,1
APP-14029,0.082,1
APP-14030,0.225,1
APP-14031,0.289,1
APP-14032,0.113,1
APP-14033,0.183,1
APP-14034,0.054,1
APP-14035,5.568,1
APP-14036,3.972,1
APP-14037,0.157,1
APP-14038,0.199,1
APP-14039,0.117,1
APP-14040,1.673,1
APP-14041,0.095,1
APP-14042,3.101,0
APP-14043,9.275,0
APP-14044,0.114,1
APP-14045,0.115,1
APP-14046,0.183,1
APP-14047,0.198,1
APP-14048,0.183,1
APP-14049,0.523,1
APP-14050,0.109,0
APP-14051,5.689,0
APP-14052,0.29,1
APP-14053,0.16,1
APP-14054,0.148,1
APP-14055,0.057,1
APP-14056,0.349,1
APP-14057,4.482,0
APP-14058,6.434,0
APP-14059,6.768,1
APP-14060,0.307,1
APP-14061,0.056,1
APP-14062,7.895,1
APP-14063,0.125,1
APP-14064,0.233,1
APP-14065,0.172,1
APP-14066,0.161,1
APP-14067,0.092,0
APP-14068,0.6,1
APP-14069,0.092,1
APP-14070,4.283,1
APP-14071,0.171,0
APP-14072,0.251,1
APP-14073,0.084,1
APP-14074,6.071,0
APP-14075,0.163,1
APP-14076,6.945,1
APP-14077,0.106,1
APP-14078,0.186,1
APP-14079,0.103,1
APP-14080,0.251,1
APP-14081,0.147,1
APP-14082,0.243,0
APP-14083,0.165,1
APP-14084,0.196,1
APP-14085,0.144,1
APP-14086,0.532,1
APP-14087,6.028,0
APP-14088,0.053,0
APP-14089,0.174,0
APP-14090,0.346,1
APP-14091,0.088,1
APP-14092,0.157,1
APP-14093,0.178,1
APP-14094,4.261,0
APP-14095,0.18,1
APP-14096,0.152,1
APP-14097,0.143,1
APP-14098,8.891,0
APP-14099,0.264,0
APP-14100,11.243,0
APP-14101,7.532,1
APP-14102,0.208,0
APP-14103,0.256,0
APP-14104,5.196,1
APP-14105,0.398,1
APP-14106,0.085,0
APP-14107,3.371,1
APP-14108,0.225,1
APP-14109,0.254,1
APP-14110,0.136,0
APP-14111,0.102,1
APP-14112,0.119,1
APP-14113,0.19,1
APP-14114,0.089,0
APP-14115,7.158,0
APP-14116,9.909,0
APP-14117,0.15,0
APP-14118,0.175,0
APP-14119,0.145,1
APP-14120,0.196,1
APP-14121,0.251,0
APP-14122,6.446,1
APP-14123,0.17,0
APP-14124,0.077,1
APP-14125,0.067,1
APP-14126,7.194,1
APP-14127,0.179,1
APP-14128,0.064,0
APP-14129,0.045,0
APP-14130,3.399,1
APP-14131,0.197,1
APP-14132,7.381,0
APP-14133,0.202,1
APP-14134,11.4,1
APP-14135,0.1,1
APP-14136,0.123,1
APP-14137,0.108,1
APP-14138,0.102,1
APP-14139,9.0,1
APP-14140,0.104,1
APP-14141,0.197,0
APP-14142,0.105,1
APP-14143,0.234,1
APP-14144,0.208,1
APP-14145,0.084,1
APP-14146,5.814,1
APP-14147,10.859,1
APP-14148,5.76,0
APP-14149,14.772,0
APP-14150,0.102,1
APP-14151,0.137,0
APP-14152,0.314,0
APP-14153,5.555,1
APP-14154,7.29,0
APP-14155,0.142,0
APP-14156,0.263,1
APP-14157,1.024,0
APP-14158,2.717,0
APP-14159,0.192,1
APP-14160,0.311,1
APP-14161,7.193,0
APP-14162,0.331,1
APP-14163,0.248,1
APP-14164,0.48,1
APP-14165,0.182,1
APP-14166,0.136,1
APP-14167,0.286,0
APP-14168,8.225,0
APP-14169,0.168,1
APP-14170,9.415,1
APP-14171,0.128,1
APP-14172,8.273,0
APP-14173,10.215,0
APP-14174,0.105,0
APP-14175,0.148,1
APP-14176,0.22,1
APP-14177,0.296,0
APP-14178,1.904,1
APP-14179,11.506,1
APP-14180,2.671,0
APP-14181,0.068,0
APP-14182,6.544,0
APP-14183,6.706,0
APP-14184,0.081,0
APP-14185,0.082,0
APP-14186,0.077,1
APP-14187,0.272,1
APP-14188,0.413,1
APP-14189,0.585,1
APP-14190,0.233,1
APP-14191,0.095,1
APP-14192,0.104,0
APP-14193,0.165,0
APP-14194,2.835,0
APP-14195,0.137,1
APP-14196,0.098,0
APP-14197,0.057,1
APP-14198,0.174,1
APP-14199,0.032,1
APP-14200,0.218,0
APP-14201,0.49,0
APP-14202,0.266,1
APP-14203,0.125,0
APP-14204,0.159,1
APP-14205,0.147,1
APP-14206,0.104,1
APP-14207,0.088,1
APP-14208,0.046,1
APP-14209,0.248,1
APP-14210,0.149,0
APP-14211,0.121,0
APP-14212,2.399,0
APP-14213,0.225,1
APP-14214,0.07,1
APP-14215,9.481,1
APP-14216,7.581,0
APP-14217,5.199,1
APP-14218,0.5,1
APP-14219,0.165,1
APP-14220,0.066,1
APP-14221,0.057,1
APP-14222,6.469,0
APP-14223,0.372,1
APP-14224,0.324,0
APP-14225,4.382,0
APP-14226,0.071,1
APP-14227,0.309,1
APP-14228,15.769,0
APP-14229,0.166,1
APP-14230,0.093,0
APP-14231,0.218,1
APP-14232,0.148,1
APP-14233,0.6,0
APP-14234,0.249,1
APP-14235,0.079,1
APP-14236,0.084,0
APP-14237,0.298,0
APP-14238,0.389,1
APP-14239,0.197,1
APP-14240,0.279,1
APP-14241,0.087,1
APP-14242,0.145,1
APP-14243,6.737,1
APP-14244,0.092,1
APP-14245,0.116,1
APP-14246,3.233,1
APP-14247,0.091,1
APP-14248,0.135,1
APP-14249,0.185,1
APP-14250,0.166,1
APP-14251,0.44,1
APP-14252,0.1,0
APP-14253,0.185,1
APP-14254,0.178,0
APP-14255,0.125,0
APP-14256,0.171,1
APP-14257,7.331,0
APP-14258,0.122,1
APP-14259,0.163,0
APP-14260,0.184,1
APP-14261,4.021,1
APP-14262,0.6,1
APP-14263,0.136,0
APP-14264,8.732,0
APP-14265,0.187,0
APP-14266,0.138,1
APP-14267,0.162,1
APP-14268,0.166,1
APP-14269,0.266,1
APP-14270,0.258,1
APP-14271,0.338,1
APP-14272,0.119,0
APP-14273,3.454,1
APP-14274,0.085,1
APP-14275,0.068,0
APP-14276,7.358,0
APP-14277,0.294,1
APP-14278,0.257,1
APP-14279,0.103,1
APP-14280,6.311,0
APP-14281,0.196,1
APP-14282,0.176,1
APP-14283,8.05,0
APP-14284,0.157,1
APP-14285,0.161,1
APP-14286,0.087,1
APP-14287,0.097,0
APP-14288,6.002,0
APP-14289,0.119,1
APP-14290,0.097,1
APP-14291,0.176,1
APP-14292,1.313,1
APP-14293,0.25,1
APP-14294,0.362,1
APP-14295,0.051,0
APP-14296,0.07,1
APP-14297,0.168,1
APP-14298,0.136,1
APP-14299,0.064,1
APP-14300,0.075,1
APP-14301,0.052,1
APP-14302,0.6,0
APP-14303,0.209,0
APP-14304,1.875,0
APP-14305,0.174,1
APP-14306,13.673,1
APP-14307,0.107,1
APP-14308,0.219,1
APP-14309,0.168,1
APP-14310,0.856,0
APP-14311,0.126,0
APP-14312,0.102,0
APP-14313,7.984,0
APP-14314,0.062,1
APP-14315,0.191,1
APP-14316,0.199,1
APP-14317,6.108,1
APP-14318,0.215,0
APP-14319,3.586,1
APP-14320,0.134,1
APP-14321,0.274,1
APP-14322,10.589,0
APP-14323,0.078,1
APP-14324,0.156,1
APP-14325,0.163,1
APP-14326,0.068,1
APP-14327,8.828,1
APP-14328,2.449,1
APP-14329,2.381,0
APP-14330,0.137,1
APP-14331,5.683,0
APP-14332,0.16,1
APP-14333,0.223,1
APP-14334,0.145,1
APP-14335,0.132,1
APP-14336,0.066,1
APP-14337,0.803,1
APP-14338,4.189,0
APP-14339,0.216,1
APP-14340,0.113,1
APP-14341,6.05,1
APP-14342,5.558,1
APP-14343,4.301,1
APP-14344,0.122,0
APP-14345,0.186,1
APP-14346,0.075,1
APP-14347,0.183,1
APP-14348,0.247,1
APP-14349,0.138,1
APP-14350,4.019,0
APP-14351,4.237,0
APP-14352,0.082,1
APP-14353,0.094,1
APP-14354,0.095,1
APP-14355,5.101,0
APP-14356,0.22,1
APP-14357,0.165,0
APP-14358,0.195,1
APP-14359,5.222,1
APP-14360,0.059,1
APP-14361,0.086,0
APP-14362,7.904,1
APP-14363,0.07,1
APP-14364,5.76,0
APP-14365,5.485,1
APP-14366,0.113,1
APP-14367,0.283,1
APP-14368,0.306,1
APP-14369,8.656,1
APP-14370,0.187,1
APP-14371,0.204,1
APP-14372,0.046,1
APP-14373,0.11,1
APP-14374,0.206,1
APP-14375,0.118,0
APP-14376,0.116,1
APP-14377,0.113,1
APP-14378,0.123,1
APP-14379,0.168,0
APP-14380,0.074,1
APP-14381,4.003,1
APP-14382,7.527,0
APP-14383,0.108,1
APP-14384,0.149,1
APP-14385,0.182,1
APP-14386,0.084,1
APP-14387,0.077,1
APP-14388,0.101,1
APP-14389,0.088,1
APP-14390,0.09,1
APP-14391,0.133,1
APP-14392,6.399,1
APP-14393,0.184,1
APP-14394,0.104,1
APP-14395,0.153,1
APP-14396,0.18,0
APP-14397,11.02,1
APP-14398,0.122,0
APP-14399,0.373,1
APP-14400,9.175,0
APP-14401,0.197,1
APP-14402,7.114,0
APP-14403,2.655,1
APP-14404,0.075,1
APP-14405,0.45,1
APP-14406,0.197,1
APP-14407,0.154,1
APP-14408,0.24,1
APP-14409,0.149,0
APP-14410,0.142,1
APP-14411,7.891,1
APP-14412,4.88,0
APP-14413,0.042,0
APP-14414,0.076,1
APP-14415,6.902,1
APP-14416,0.405,1
APP-14417,0.1,0
APP-14418,0.179,1
APP-14419,0.083,1
APP-14420,0.079,1
APP-14421,0.108,1
APP-14422,0.075,1
APP-14423,0.17,1
APP-14424,5.82,1
APP-14425,15.651,0
APP-14426,0.071,1
APP-14427,6.564,0
APP-14428,0.115,0
APP-14429,4.276,0
APP-14430,0.266,1
APP-14431,0.218,0
APP-14432,0.124,0
APP-14433,9.616,1
APP-14434,0.414,0
APP-14435,12.973,0
APP-14436,6.107,0
APP-14437,0.12,0
APP-14438,0.252,0
APP-14439,0.041,1
APP-14440,0.137,1
APP-14441,0.164,0
APP-14442,0.108,1
APP-14443,0.1,0
APP-14444,0.148,1
APP-14445,0.11,1
APP-14446,0.114,1
APP-14447,0.257,1
APP-14448,0.168,1
APP-14449,8.315,0
APP-14450,0.128,1
APP-14451,0.138,0
APP-14452,6.665,1
APP-14453,0.172,0
APP-14454,0.199,0
APP-14455,12.504,0
APP-14456,0.152,1
APP-14457,0.15,1
APP-14458,0.142,1
APP-14459,1.564,1
APP-14460,0.175,1
APP-14461,6.051,0
APP-14462,0.177,1
APP-14463,8.312,0
APP-14464,0.065,1
APP-14465,0.394,1
APP-14466,0.143,1
APP-14467,0.113,0
APP-14468,4.714,0
APP-14469,7.012,0
APP-14470,0.079,1
APP-14471,0.123,1
APP-14472,0.255,1
APP-14473,12.527,0
APP-14474,3.356,0
APP-14475,6.986,1
APP-14476,0.204,1
APP-14477,5.094,0
APP-14478,7.568,0
APP-14479,0.204,1
APP-14480,0.151,1
APP-14481,0.081,1
APP-14482,0.138,1
APP-14483,6.103,0
APP-14484,0.096,1
APP-14485,0.371,1
APP-14486,0.041,1
APP-14487,0.073,1
APP-14488,0.102,1
APP-14489,0.092,0
APP-14490,0.228,1
APP-14491,3.136,0
APP-14492,0.076,1
APP-14493,0.237,1
APP-14494,0.087,1
APP-14495,0.127,1
APP-14496,0.181,0
APP-14497,7.743,0
APP-14498,7.791,1
APP-14499,0.078,1
APP-14500,0.026,0
APP-14501,0.125,0
APP-14502,0.132,0
APP-14503,0.138,0
APP-14504,0.325,1
APP-14505,3.056,0
APP-14506,4.627,0
APP-14507,3.305,1
APP-14508,0.6,1
APP-14509,10.327,0
APP-14510,0.147,1
APP-14511,0.104,0
APP-14512,2.792,0
APP-14513,0.226,1
APP-14514,0.12,1
APP-14515,0.223,1
APP-14516,2.494,0
APP-14517,0.167,1
APP-14518,0.118,0
APP-14519,0.08,1
APP-14520,0.121,1
APP-14521,0.095,1
APP-14522,0.155,0
APP-14523,0.089,1
APP-14524,0.069,1
APP-14525,0.051,1
APP-14526,0.238,1
APP-14527,0.208,0
APP-14528,0.17,1
APP-14529,0.208,1
APP-14530,0.17,1
APP-14531,0.255,1
APP-14532,6.681,1
APP-14533,0.092,0
APP-14534,0.175,1
APP-14535,0.156,1
APP-14536,11.68,1
APP-14537,0.125,0
APP-14538,0.171,1
APP-14539,6.284,0
APP-14540,3.254,0
APP-14541,0.054,1
APP-14542,0.227,1
APP-14543,7.622,1
APP-14544,2.516,1
APP-14545,0.198,1
APP-14546,5.69,0
APP-14547,8.461,1
APP-14548,0.222,0
APP-14549,0.6,1
APP-14550,0.055,1
APP-14551,0.125,1
APP-14552,0.28,1
APP-14553,0.052,1
APP-14554,0.164,0
APP-14555,0.359,1
APP-14556,4.813,1
APP-14557,0.23,1
APP-14558,2.117,1
APP-14559,9.434,0
APP-14560,0.092,1
APP-14561,0.342,0
APP-14562,0.209,0
APP-14563,0.106,0
APP-14564,2.757,1
APP-14565,0.297,0
APP-14566,0.312,0
APP-14567,0.21,1
APP-14568,6.21,0
APP-14569,0.109,1
APP-14570,0.138,0
APP-14571,18.7,0
APP-14572,0.269,1
APP-14573,0.739,1
APP-14574,0.188,1
APP-14575,7.33,0
APP-14576,11.036,0
APP-14577,0.101,0
APP-14578,9.711,0
APP-14579,13.924,0
APP-14580,0.261,1
APP-14581,3.499,0
APP-14582,0.225,1
APP-14583,9.546,0
APP-14584,6.657,1
APP-14585,7.471,0
APP-14586,0.079,0
APP-14587,0.147,1
APP-14588,0.099,1
APP-14589,0.131,1
APP-14590,0.135,1
APP-14591,6.639,0
APP-14592,10.538,1
APP-14593,0.615,1
APP-14594,0.054,1
APP-14595,0.191,1
APP-14596,0.407,1
APP-14597,5.65,0
APP-14598,0.102,0
APP-14599,0.239,1
APP-14600,0.166,1
APP-14601,6.773,1
APP-14602,0.174,1
APP-14603,0.077,1
APP-14604,3.847,0
APP-14605,0.229,1
APP-14606,0.181,1
APP-14607,0.337,0
APP-14608,0.101,0
APP-14609,0.073,1
APP-14610,0.198,1
APP-14611,4.507,0
APP-14612,10.429,0
APP-14613,0.08,1
APP-14614,0.161,1
APP-14615,0.284,0
APP-14616,0.197,0
APP-14617,0.166,1
APP-14618,0.182,0
APP-14619,0.6,1
APP-14620,0.123,1
APP-14621,0.42,1
APP-14622,0.186,1
APP-14623,0.089,1
APP-14624,0.229,1
APP-14625,0.6,1
APP-14626,0.088,1
APP-14627,0.315,1
APP-14628,10.363,0
APP-14629,0.128,1
APP-14630,0.109,1
APP-14631,0.261,1
APP-14632,0.127,0
APP-14633,0.106,1
APP-14634,0.16,1
APP-14635,0.105,0
APP-14636,12.873,1
APP-14637,0.073,1
APP-14638,0.111,1
APP-14639,0.371,1
APP-14640,5.993,1
APP-14641,0.405,0
APP-14642,1.412,1
APP-14643,0.295,1
APP-14644,0.106,1
APP-14645,0.193,1
APP-14646,0.178,1
APP-14647,0.261,1
APP-14648,0.236,0
APP-14649,0.115,1
APP-14650,0.094,0
APP-14651,0.103,1
APP-14652,0.133,0
APP-14653,0.06,1
APP-14654,7.196,0
APP-14655,0.076,1
APP-14656,12.679,0
APP-14657,0.166,1
APP-14658,0.485,1
APP-14659,6.406,0
APP-14660,0.093,1
APP-14661,4.146,1
APP-14662,0.069,1
APP-14663,0.115,1
APP-14664,12.46,0
APP-14665,0.328,0
APP-14666,0.171,1
APP-14667,10.452,0
APP-14668,0.15,1
APP-14669,0.297,1
APP-14670,16.888,1
APP-14671,0.307,1
APP-14672,4.653,1
APP-14673,0.104,1
APP-14674,0.284,1
APP-14675,0.274,1
APP-14676,0.094,0
APP-14677,11.667,1
APP-14678,8.134,0
APP-14679,0.107,1
APP-14680,0.148,1
APP-14681,6.614,1
APP-14682,0.17,0
APP-14683,0.127,1
APP-14684,0.108,1
APP-14685,0.11,1
APP-14686,0.499,1
APP-14687,0.031,1
APP-14688,4.194,0
APP-14689,0.176,1
APP-14690,0.157,1
APP-14691,0.105,0
APP-14692,0.115,1
APP-14693,6.553,1
APP-14694,6.348,1
APP-14695,0.131,0
APP-14696,0.087,1
APP-14697,8.773,0
APP-14698,0.142,1
APP-14699,0.263,1
APP-14700,0.054,1
APP-14701,10.306,0
APP-14702,0.06,1
APP-14703,6.756,0
APP-14704,0.38,1
APP-14705,5.307,0
APP-14706,4.492,1
APP-14707,0.135,1
APP-14708,0.133,1
APP-14709,0.162,1
APP-14710,0.144,0
APP-14711,0.076,1
APP-14712,11.309,0
APP-14713,0.253,1
APP-14714,0.134,0
APP-14715,3.016,0
APP-14716,0.278,1
APP-14717,0.107,1
APP-14718,9.736,1
APP-14719,0.121,0
APP-14720,0.354,1
APP-14721,0.151,1
APP-14722,0.056,1
APP-14723,7.294,0
APP-14724,0.238,1
APP-14725,0.231,1
APP-14726,0.334,0
APP-14727,0.14,1
APP-14728,10.877,1
APP-14729,10.267,0
APP-14730,0.074,1
APP-14731,5.971,1
APP-14732,0.362,1
APP-14733,0.287,1
APP-14734,0.056,1
APP-14735,0.221,1
APP-14736,0.187,1
APP-14737,0.26,1
APP-14738,0.148,1
APP-14739,1.816,1
APP-14740,7.856,0
APP-14741,0.244,1
APP-14742,0.207,1
APP-14743,0.239,1
APP-14744,5.253,0
APP-14745,10.241,0
APP-14746,7.906,1
APP-14747,0.161,0
APP-14748,0.297,1
APP-14749,0.054,1
APP-14750,9.755,0
APP-14751,0.042,1
APP-14752,0.215,1
APP-14753,0.114,1
APP-14754,0.136,1
APP-14755,0.122,1
APP-14756,4.928,0
APP-14757,0.1,0
APP-14758,3.978,1
APP-14759,12.262,0
APP-14760,0.233,1
APP-14761,0.161,0
APP-14762,0.347,1
APP-14763,9.101,0
APP-14764,0.314,0
APP-14765,4.736,1
APP-14766,0.183,1
APP-14767,0.088,1
APP-14768,0.079,0
APP-14769,0.6,1
APP-14770,0.227,1
APP-14771,0.172,1
APP-14772,4.758,0
APP-14773,0.191,1
APP-14774,3.117,1
APP-14775,0.157,0
APP-14776,1.97,1
APP-14777,0.218,1
APP-14778,0.174,1
APP-14779,0.179,0
APP-14780,0.264,1
APP-14781,0.146,0
APP-14782,6.485,0
APP-14783,0.137,0
APP-14784,0.309,1
APP-14785,0.047,1
APP-14786,0.125,1
APP-14787,1.882,1
APP-14788,0.164,1
APP-14789,0.203,1
APP-14790,1.379,1
APP-14791,0.695,1
APP-14792,5.739,1
APP-14793,0.066,0
APP-14794,0.192,1
APP-14795,0.078,0
APP-14796,0.12,0
APP-14797,0.072,1
APP-14798,4.458,0
APP-14799,0.122,1
APP-14800,3.572,0
APP-14801,0.169,0
APP-14802,0.183,1
APP-14803,0.088,1
APP-14804,5.692,0
APP-14805,0.293,1
APP-14806,8.329,0
APP-14807,7.949,0
APP-14808,7.618,0
APP-14809,0.095,0
APP-14810,0.054,0
APP-14811,0.216,1
APP-14812,0.121,1
APP-14813,15.549,0
APP-14814,0.13,1
APP-14815,0.315,0
APP-14816,0.139,1
APP-14817,0.066,0
APP-14818,6.479,0
APP-14819,11.285,0
APP-14820,0.072,1
APP-14821,0.062,1
APP-14822,7.325,1
APP-14823,0.9,0
APP-14824,0.124,1
APP-14825,5.133,1
APP-14826,0.268,0
APP-14827,0.156,1
APP-14828,0.072,1
APP-14829,0.189,1
APP-14830,0.095,0
APP-14831,0.122,1
APP-14832,6.076,0
APP-14833,4.456,1
APP-14834,0.153,0
APP-14835,1.432,1
APP-14836,0.356,1
APP-14837,9.604,1
APP-14838,0.136,1
APP-14839,0.13,1
APP-14840,0.167,1
APP-14841,0.167,1
APP-14842,0.201,1
APP-14843,0.146,1
APP-14844,6.952,1
APP-14845,0.039,0
APP-14846,0.6,1
APP-14847,0.253,1
APP-14848,0.111,1
APP-14849,0.279,1
APP-14850,0.066,1
APP-14851,0.074,0
APP-14852,9.656,1
APP-14853,0.099,0
APP-14854,0.048,1
APP-14855,0.155,0
APP-14856,11.384,0
APP-14857,0.198,0
APP-14858,0.073,1
APP-14859,0.103,0
APP-14860,13.58,1
APP-14861,5.002,1
APP-14862,0.055,0
APP-14863,0.132,1
APP-14864,0.142,1
APP-14865,0.268,1
APP-14866,0.518,1
APP-14867,7.131,0
APP-14868,0.346,0
APP-14869,0.146,1
APP-14870,14.709,0
APP-14871,0.111,0
APP-14872,0.135,1
APP-14873,0.318,0
APP-14874,13.688,1
APP-14875,0.6,0
APP-14876,5.463,0
APP-14877,0.246,0
APP-14878,6.817,0
APP-14879,8.556,1
APP-14880,0.186,0
APP-14881,0.225,1
APP-14882,0.102,1
APP-14883,0.205,1
APP-14884,0.208,1
APP-14885,6.511,0
APP-14886,10.098,1
APP-14887,0.194,1
APP-14888,6.519,1
APP-14889,0.083,1
APP-14890,0.125,1
APP-14891,0.469,1
APP-14892,0.114,1
APP-14893,7.713,0
APP-14894,0.6,1
APP-14895,0.092,1
APP-14896,6.452,1
APP-14897,0.117,0
APP-14898,3.119,0
APP-14899,5.323,0
APP-14900,0.144,1
APP-14901,0.067,1
APP-14902,1.079,1
APP-14903,0.137,1
APP-14904,0.121,1
APP-14905,0.109,0
APP-14906,0.261,1
APP-14907,4.365,0
APP-14908,0.238,1
APP-14909,0.107,1
APP-14910,0.331,0
APP-14911,0.136,1
APP-14912,0.263,0
APP-14913,0.212,1
APP-14914,0.086,1
APP-14915,5.788,0
APP-14916,7.434,1
APP-14917,0.148,1
APP-14918,7.819,0
APP-14919,0.28,1
APP-14920,0.061,1
APP-14921,0.136,1
APP-14922,1.141,0
APP-14923,9.215,0
APP-14924,0.075,1
APP-14925,0.178,0
APP-14926,0.285,1
APP-14927,0.448,1
APP-14928,0.183,1
APP-14929,0.104,1
APP-14930,4.788,1
APP-14931,0.125,1
APP-14932,11.821,1
APP-14933,2.199,1
APP-14934,0.069,1
APP-14935,0.146,1
APP-14936,0.05,0
APP-14937,6.158,0
APP-14938,0.15,1
APP-14939,0.077,0
APP-14940,0.066,1
APP-14941,0.082,1
APP-14942,5.215,1
APP-14943,0.104,0
APP-14944,0.085,1
APP-14945,0.125,1
APP-14946,0.072,0
APP-14947,0.138,0
APP-14948,0.074,0
APP-14949,0.073,1
APP-14950,0.324,1
APP-14951,0.107,1
APP-14952,0.103,1
APP-14953,0.373,1
APP-14954,0.281,0
APP-14955,0.174,1
APP-14956,0.286,1
APP-14957,7.068,0
APP-14958,0.11,1
APP-14959,9.39,0
APP-14960,15.811,1
APP-14961,0.113,1
APP-14962,0.3,0
APP-14963,5.544,0
APP-14964,0.204,1
APP-14965,0.23,1
APP-14966,0.234,1
APP-14967,0.128,1
APP-14968,5.392,1
APP-14969,5.801,0
APP-14970,0.057,1
APP-14971,0.097,1
APP-14972,6.005,1
APP-14973,0.131,0
APP-14974,0.276,1
APP-14975,0.155,1
APP-14976,0.142,1
APP-14977,0.468,1
APP-14978,0.188,1
APP-14979,0.131,1
APP-14980,0.304,0
APP-14981,0.068,1
APP-14982,5.818,1
APP-14983,0.257,1
APP-14984,0.202,1
APP-14985,0.128,0
APP-14986,6.691,0
APP-14987,0.213,1
APP-14988,0.061,1
APP-14989,0.043,0
APP-14990,4.163,1
APP-14991,0.131,1
APP-14992,0.207,1
APP-14993,0.219,1
APP-14994,0.108,0
APP-14995,3.269,0
APP-14996,0.074,1
APP-14997,0.19,1
APP-14998,0.424,0
APP-14999,0.065,1
APP-15000,10.661,1
APP-15001,0.111,0
APP-15002,8.036,0
APP-15003,0.141,0
APP-15004,0.801,0
APP-15005,0.193,0
APP-15006,0.139,0
APP-15007,0.133,1
APP-15008,2.48,1
APP-15009,0.383,1
APP-15010,0.109,0
APP-15011,0.395,1
APP-15012,8.787,0
APP-15013,4.976,1
APP-15014,0.141,1
APP-15015,12.363,1
APP-15016,0.236,1
APP-15017,0.103,1
APP-15018,0.057,0
APP-15019,0.094,1
APP-15020,0.121,1
APP-15021,0.168,1
APP-15022,0.105,1
APP-15023,0.155,0
APP-15024,0.11,0
APP-15025,0.086,1
APP-15026,0.197,1
APP-15027,0.085,1
APP-15028,0.334,1
APP-15029,6.342,0
APP-15030,1.07,1
APP-15031,0.159,1
APP-15032,0.136,0
APP-15033,0.148,1
APP-15034,3.34,1
APP-15035,4.846,1
APP-15036,0.119,1
APP-15037,11.874,0
APP-15038,0.267,0
APP-15039,0.11,0
APP-15040,0.259,1
APP-15041,0.244,1
APP-15042,0.234,1
APP-15043,0.217,1
APP-15044,0.118,1
APP-15045,0.211,1
APP-15046,0.151,1
APP-15047,0.16,1
APP-15048,0.178,0
APP-15049,0.023,1
APP-15050,0.261,1
APP-15051,0.403,1
APP-15052,8.05,1
APP-15053,11.053,0
APP-15054,4.656,1
APP-15055,0.6,1
APP-15056,0.112,1
APP-15057,0.115,1
APP-15058,4.714,1
APP-15059,0.109,0
APP-15060,0.249,0
APP-15061,3.231,0
APP-15062,7.584,0
APP-15063,8.731,0
APP-15064,0.066,1
APP-15065,0.047,1
APP-15066,4.336,0
APP-15067,12.705,0
APP-15068,0.259,0
APP-15069,0.182,1
APP-15070,0.6,1
APP-15071,0.142,1
APP-15072,0.086,0
APP-15073,4.685,1
APP-15074,10.219,0
APP-15075,0.056,1
APP-15076,0.106,1
APP-15077,0.084,1
APP-15078,0.127,1
APP-15079,6.633,1
APP-15080,0.068,1
APP-15081,15.314,1
APP-15082,0.107,0
APP-15083,0.078,0
APP-15084,5.516,0
APP-15085,7.779,1
APP-15086,0.317,1
APP-15087,0.05,0
APP-15088,0.455,1
APP-15089,7.722,0
APP-15090,4.837,1
APP-15091,0.374,1
APP-15092,0.065,0
APP-15093,0.154,0
APP-15094,0.137,1
APP-15095,0.041,1
APP-15096,0.069,1
APP-15097,0.25,1
APP-15098,5.942,1
APP-15099,0.082,0
APP-15100,0.329,1
APP-15101,0.433,1
APP-15102,0.179,1
APP-15103,0.084,0
APP-15104,0.166,1
APP-15105,0.093,1
APP-15106,0.6,1
APP-15107,6.36,0
APP-15108,7.326,1
APP-15109,0.841,1
APP-15110,4.91,0
APP-15111,3.057,0
APP-15112,2.924,0
APP-15113,3.79,1
APP-15114,0.081,1
APP-15115,0.124,1
APP-15116,0.25,1
APP-15117,0.078,0
APP-15118,0.341,1
APP-15119,0.184,0
APP-15120,7.279,1
APP-15121,0.105,1
APP-15122,0.108,1
APP-15123,0.195,1
APP-15124,0.339,1
APP-15125,0.066,0
APP-15126,8.383,1
APP-15127,0.096,1
APP-15128,0.292,0
APP-15129,0.121,1
APP-15130,0.391,0
APP-15131,10.08,0
APP-15132,0.255,0
APP-15133,1.839,1
APP-15134,0.059,1
APP-15135,0.322,1
APP-15136,0.359,1
APP-15137,0.164,1
APP-15138,0.128,1
APP-15139,0.212,1
APP-15140,5.038,1
APP-15141,0.231,1
APP-15142,0.222,1
APP-15143,6.941,0
APP-15144,0.123,1
APP-15145,6.326,0
APP-15146,8.083,0
APP-15147,7.376,0
APP-15148,0.388,0
APP-15149,1.642,1
APP-15150,0.353,0
APP-15151,1.541,1
APP-15152,0.091,0
APP-15153,5.871,0
APP-15154,0.117,0
APP-15155,8.151,0
APP-15156,0.064,1
APP-15157,0.096,0
APP-15158,0.247,1
APP-15159,0.174,1
APP-15160,0.197,1
APP-15161,5.706,0
APP-15162,6.309,0
APP-15163,0.084,1
APP-15164,11.536,0
APP-15165,0.268,1
APP-15166,7.498,1
APP-15167,2.903,1
APP-15168,0.145,0
APP-15169,0.172,1
APP-15170,0.218,0
APP-15171,0.229,1
APP-15172,0.189,1
APP-15173,0.192,0
APP-15174,0.08,1
APP-15175,10.273,1
APP-15176,6.079,0
APP-15177,0.136,1
APP-15178,0.127,1
APP-15179,0.178,1
APP-15180,0.195,1
APP-15181,0.16,1
APP-15182,0.268,1
APP-15183,0.328,1
APP-15184,0.259,0
APP-15185,0.157,0
APP-15186,0.441,1
APP-15187,0.165,1
APP-15188,4.788,1
APP-15189,0.192,0
APP-15190,7.622,0
APP-15191,0.048,1
APP-15192,0.095,0
APP-15193,0.109,1
APP-15194,0.045,1
APP-15195,0.118,1
APP-15196,0.221,1
APP-15197,1.727,1
APP-15198,3.017,0
APP-15199,0.389,1
APP-15200,0.07,1
APP-15201,0.427,1
APP-15202,11.529,1
APP-15203,0.136,1
APP-15204,0.333,1
APP-15205,8.094,0
APP-15206,0.224,1
APP-15207,5.642,0
APP-15208,3.341,0
APP-15209,0.315,0
APP-15210,0.146,0
APP-15211,0.226,1
APP-15212,7.582,0
APP-15213,0.169,1
APP-15214,0.143,1
APP-15215,0.176,0
APP-15216,10.522,1
APP-15217,0.278,1
APP-15218,0.139,0
APP-15219,0.145,0
APP-15220,0.265,1
APP-15221,0.098,1
APP-15222,9.91,1
APP-15223,0.092,1
APP-15224,0.214,0
APP-15225,0.13,0
APP-15226,5.275,0
APP-15227,0.6,1
APP-15228,0.084,0
APP-15229,0.185,1
APP-15230,0.378,1
APP-15231,0.074,1
APP-15232,0.287,0
APP-15233,0.057,0
APP-15234,0.156,0
APP-15235,0.26,1
APP-15236,11.986,0
APP-15237,0.272,0
APP-15238,0.065,1
APP-15239,0.036,0
APP-15240,0.157,1
APP-15241,2.236,1
APP-15242,7.901,0
APP-15243,0.104,0
APP-15244,0.119,1
APP-15245,0.152,1
APP-15246,0.09,1
APP-15247,0.194,0
APP-15248,0.117,1
APP-15249,9.526,1
APP-15250,0.28,0
APP-15251,0.089,1
APP-15252,0.281,1
APP-15253,0.18,1
APP-15254,12.373,0
APP-15255,0.165,1
APP-15256,0.084,0
APP-15257,0.277,0
APP-15258,8.725,0
APP-15259,0.143,1
APP-15260,0.505,1
APP-15261,0.138,1
APP-15262,0.043,1
APP-15263,0.105,1
APP-15264,0.061,1
APP-15265,3.557,0
APP-15266,0.571,0
APP-15267,0.275,1
APP-15268,0.276,1
APP-15269,0.324,1
APP-15270,1.993,1
APP-15271,8.535,0
APP-15272,0.38,1
APP-15273,7.413,1
APP-15274,0.149,0
APP-15275,0.077,1
APP-15276,4.419,1
APP-15277,0.115,1
APP-15278,0.117,1
APP-15279,0.265,1
APP-15280,6.574,0
APP-15281,5.437,0
APP-15282,4.767,0
APP-15283,0.097,0
APP-15284,7.302,1
APP-15285,0.101,1
APP-15286,0.106,1
APP-15287,0.281,0
APP-15288,7.55,0
APP-15289,0.084,0
APP-15290,0.118,1
APP-15291,10.364,1
APP-15292,8.841,0
APP-15293,0.111,1
APP-15294,0.175,1
APP-15295,0.081,1
APP-15296,0.059,0
APP-15297,0.319,1
APP-15298,0.317,1
APP-15299,0.211,0
APP-15300,0.178,1
APP-15301,0.352,0
APP-15302,3.198,1
APP-15303,3.587,1
APP-15304,0.356,1
APP-15305,0.088,1
APP-15306,8.631,0
APP-15307,0.215,0
APP-15308,0.171,1
APP-15309,14.019,1
APP-15310,0.085,1
APP-15311,3.732,1
APP-15312,0.149,0
APP-15313,7.554,0
APP-15314,0.236,1
APP-15315,0.348,1
APP-15316,0.181,1
APP-15317,0.134,0
APP-15318,0.099,1
APP-15319,2.946,0
APP-15320,0.174,0
APP-15321,0.203,1
APP-15322,0.123,1
APP-15323,10.596,1
APP-15324,0.172,1
APP-15325,0.204,1
APP-15326,0.386,1
APP-15327,0.167,1
APP-15328,0.6,0
APP-15329,3.828,1
APP-15330,0.051,0
APP-15331,0.144,1
APP-15332,0.228,0
APP-15333,0.172,1
APP-15334,6.078,1
APP-15335,4.781,0
APP-15336,10.44,0
APP-15337,0.119,0
APP-15338,0.058,1
APP-15339,0.347,0
APP-15340,0.181,1
APP-15341,0.092,1
APP-15342,0.105,1
APP-15343,0.179,1
APP-15344,0.635,1
APP-15345,6.676,0
APP-15346,9.779,0
APP-15347,0.082,1
APP-15348,0.094,1
APP-15349,8.584,0
APP-15350,0.148,1
APP-15351,0.39,1
APP-15352,0.128,1
APP-15353,0.163,1
APP-15354,9.911,1
APP-15355,0.206,1
APP-15356,0.094,0
APP-15357,0.157,0
APP-15358,0.238,1
APP-15359,0.141,1
APP-15360,0.107,0
APP-15361,0.121,1
APP-15362,0.11,1
APP-15363,0.154,1
APP-15364,0.155,1
APP-15365,0.062,1
APP-15366,0.137,1
APP-15367,0.09,1
APP-15368,0.136,1
APP-15369,0.096,1
APP-15370,8.251,0
APP-15371,0.199,1
APP-15372,0.051,0
APP-15373,7.04,0
APP-15374,2.034,1
APP-15375,0.096,1
APP-15376,8.862,1
APP-15377,0.123,0
APP-15378,5.638,0
APP-15379,0.099,1
APP-15380,0.169,1
APP-15381,0.264,1
APP-15382,0.191,0
APP-15383,3.588,0
APP-15384,0.256,1
APP-15385,0.114,1
APP-15386,5.717,0
APP-15387,0.204,1
APP-15388,0.23,0
APP-15389,0.232,1
APP-15390,0.086,1
APP-15391,0.359,1
APP-15392,0.2,1
APP-15393,5.966,1
APP-15394,0.392,1
APP-15395,0.347,0
APP-15396,0.329,1
APP-15397,7.098,0
APP-15398,3.197,0
APP-15399,5.291,1
APP-15400,0.113,1
APP-15401,0.245,1
APP-15402,0.097,1
APP-15403,0.155,1
APP-15404,0.104,1
APP-15405,0.148,0
APP-15406,7.088,0
APP-15407,0.096,1
APP-15408,0.125,0
APP-15409,0.154,0
APP-15410,0.6,1
APP-15411,0.203,1
APP-15412,0.182,1
APP-15413,0.115,1
APP-15414,0.159,0
APP-15415,0.19,0
APP-15416,0.206,1
APP-15417,0.297,1
APP-15418,0.1,1
APP-15419,0.069,0
APP-15420,0.257,1
APP-15421,0.082,1
APP-15422,0.027,0
APP-15423,0.074,0
APP-15424,0.103,1
APP-15425,0.136,0
APP-15426,0.122,1
APP-15427,0.257,1
APP-15428,0.253,1
APP-15429,0.147,1
APP-15430,0.029,0
APP-15431,6.148,1
APP-15432,0.188,1
APP-15433,4.996,1
APP-15434,0.135,1
APP-15435,0.179,1
APP-15436,0.059,1
APP-15437,0.213,0
APP-15438,0.135,0
APP-15439,0.385,1
APP-15440,0.272,1
APP-15441,4.97,1
APP-15442,0.218,1
APP-15443,0.356,0
APP-15444,0.242,1
APP-15445,0.292,1
APP-15446,0.234,0
APP-15447,0.157,0
APP-15448,1.669,1
APP-15449,0.106,1
APP-15450,0.043,1
APP-15451,0.155,0
APP-15452,0.061,1
APP-15453,8.195,1
APP-15454,0.142,1
APP-15455,0.124,1
APP-15456,0.111,1
APP-15457,6.676,1
APP-15458,0.184,1
APP-15459,0.224,1
APP-15460,0.102,1
APP-15461,5.511,0
APP-15462,0.105,1
APP-15463,6.253,1
APP-15464,0.193,1
APP-15465,0.17,0
APP-15466,0.177,0
APP-15467,7.297,0
APP-15468,0.115,1
APP-15469,0.127,0
APP-15470,0.164,1
APP-15471,0.164,0
APP-15472,0.133,1
APP-15473,0.096,0
APP-15474,4.827,1
APP-15475,3.77,0
APP-15476,6.342,0
APP-15477,0.11,1
APP-15478,0.094,1
APP-15479,6.502,1
APP-15480,3.889,0
APP-15481,3.739,0
APP-15482,5.263,0
APP-15483,7.985,0
APP-15484,0.174,1
APP-15485,2.354,1
APP-15486,0.168,0
APP-15487,8.311,0
APP-15488,10.393,0
APP-15489,0.08,1
APP-15490,4.835,0
APP-15491,0.145,0
APP-15492,11.493,0
APP-15493,14.931,0
APP-15494,9.992,0
APP-15495,0.295,1
APP-15496,6.494,1
APP-15497,10.792,1
APP-15498,0.534,1
APP-15499,5.782,0
APP-15500,0.181,0
APP-15501,0.104,1
APP-15502,0.207,0
APP-15503,4.975,1
APP-15504,0.17,0
APP-15505,0.209,1
APP-15506,0.199,1
APP-15507,0.286,1
APP-15508,8.017,0
APP-15509,0.361,1
APP-15510,0.495,1
APP-15511,0.126,1
APP-15512,0.246,1
APP-15513,0.176,1
APP-15514,11.083,0
APP-15515,7.107,1
APP-15516,0.091,1
APP-15517,9.752,0
APP-15518,0.127,1
APP-15519,0.107,1
APP-15520,0.157,0
APP-15521,0.107,1
APP-15522,9.338,0
APP-15523,8.124,0
APP-15524,15.302,0
APP-15525,0.205,0
APP-15526,6.818,1
APP-15527,1.945,1
APP-15528,0.303,1
APP-15529,6.769,1
APP-15530,0.068,1
APP-15531,7.79,0
APP-15532,0.04,1
APP-15533,0.173,0
APP-15534,0.269,1
APP-15535,10.24,0
APP-15536,4.444,0
APP-15537,0.099,0
APP-15538,0.165,1
APP-15539,0.128,1
APP-15540,0.115,0
APP-15541,2.889,0
APP-15542,0.131,1
APP-15543,4.046,0
APP-15544,9.794,1
APP-15545,15.512,1
APP-15546,0.148,1
APP-15547,0.102,1
APP-15548,0.276,1
APP-15549,4.943,1
APP-15550,0.211,0
APP-15551,5.726,1
APP-15552,3.018,0
APP-15553,0.146,1
APP-15554,8.029,0
APP-15555,0.081,0
APP-15556,0.043,1
APP-15557,5.41,1
APP-15558,0.082,0
APP-15559,0.102,0
APP-15560,0.125,0
APP-15561,0.286,0
APP-15562,0.156,1
APP-15563,12.672,0
APP-15564,0.146,0
APP-15565,10.365,0
APP-15566,0.145,1
APP-15567,3.708,1
APP-15568,0.171,1
APP-15569,0.282,1
APP-15570,0.625,1
APP-15571,6.298,0
APP-15572,0.45,1
APP-15573,0.104,0
APP-15574,0.154,1
APP-15575,2.412,1
APP-15576,0.281,1
APP-15577,4.007,0
APP-15578,0.229,0
APP-15579,0.25,0
APP-15580,0.061,0
APP-15581,0.062,1
APP-15582,0.153,1
APP-15583,2.12,1
APP-15584,4.61,1
APP-15585,0.083,1
APP-15586,0.146,0
APP-15587,0.32,1
APP-15588,1.18,1
APP-15589,0.175,1
APP-15590,1.809,1
APP-15591,0.132,0
APP-15592,0.186,1
APP-15593,0.118,1
APP-15594,0.101,1
APP-15595,6.485,1
APP-15596,0.152,1
APP-15597,0.179,0
APP-15598,0.417,1
APP-15599,0.134,1
APP-15600,0.365,1
APP-15601,0.29,1
APP-15602,0.125,1
APP-15603,0.149,0
APP-15604,11.262,1
APP-15605,0.094,0
APP-15606,0.155,1
APP-15607,0.228,1
APP-15608,0.127,1
APP-15609,11.241,0
APP-15610,0.044,1
APP-15611,0.061,0
APP-15612,4.525,0
APP-15613,0.232,1
APP-15614,13.643,0
APP-15615,0.122,1
APP-15616,7.63,0
APP-15617,0.093,1
APP-15618,0.197,1
APP-15619,0.193,1
APP-15620,0.133,0
APP-15621,0.073,1
APP-15622,5.568,0
APP-15623,0.07,0
APP-15624,0.176,1
APP-15625,0.407,1
APP-15626,0.127,1
APP-15627,0.083,1
APP-15628,3.226,0
APP-15629,0.123,1
APP-15630,9.495,0
APP-15631,0.092,1
APP-15632,0.208,1
APP-15633,0.154,1
APP-15634,6.285,0
APP-15635,0.156,0
APP-15636,0.054,0
APP-15637,0.172,1
APP-15638,0.252,1
APP-15639,0.136,1
APP-15640,0.042,1
APP-15641,0.097,1
APP-15642,0.131,1
APP-15643,0.241,1
APP-15644,4.609,0
APP-15645,0.07,1
APP-15646,4.149,0
APP-15647,0.12,1
APP-15648,0.129,0
APP-15649,0.103,0
APP-15650,0.153,0
APP-15651,6.472,0
APP-15652,0.045,1
APP-15653,0.139,0
APP-15654,2.889,0
APP-15655,0.309,1
APP-15656,0.142,1
APP-15657,2.561,0
APP-15658,8.058,0
APP-15659,0.15,0
APP-15660,7.148,1
APP-15661,0.6,1
APP-15662,0.231,1
APP-15663,0.112,1
APP-15664,0.354,0
APP-15665,0.205,0
APP-15666,0.105,0
APP-15667,0.084,1
APP-15668,8.261,0
APP-15669,0.194,0
APP-15670,0.149,0
APP-15671,0.148,1
APP-15672,0.109,0
APP-15673,0.224,1
APP-15674,0.11,1
APP-15675,0.152,0
APP-15676,0.101,1
APP-15677,7.773,0
APP-15678,0.057,1
APP-15679,0.112,1
APP-15680,0.251,1
APP-15681,6.874,1
APP-15682,11.38,0
APP-15683,0.22,0
APP-15684,0.375,1
APP-15685,0.168,0
APP-15686,5.965,0
APP-15687,0.158,1
APP-15688,0.702,0
APP-15689,4.117,0
APP-15690,4.66,1
APP-15691,8.543,0
APP-15692,0.13,1
APP-15693,0.51,1
APP-15694,0.215,1
APP-15695,0.138,0
APP-15696,0.358,0
APP-15697,0.191,0
APP-15698,0.214,1
APP-15699,8.238,1
APP-15700,0.289,0
APP-15701,0.114,1
APP-15702,0.13,1
APP-15703,0.15,1
APP-15704,4.265,1
APP-15705,0.1,1
APP-15706,0.112,1
APP-15707,0.382,1
APP-15708,0.227,1
APP-15709,0.104,0
APP-15710,0.6,1
APP-15711,0.294,1
APP-15712,0.216,1
APP-15713,0.097,0
APP-15714,5.503,1
APP-15715,0.237,1
APP-15716,0.179,1
APP-15717,0.096,1
APP-15718,0.135,1
APP-15719,9.841,0
APP-15720,0.378,0
APP-15721,0.149,0
APP-15722,0.239,1
APP-15723,0.066,1
APP-15724,0.282,1
APP-15725,10.479,0
APP-15726,0.232,0
APP-15727,0.09,1
APP-15728,0.335,1
APP-15729,0.107,1
APP-15730,12.486,0
APP-15731,0.08,1
APP-15732,0.426,1
APP-15733,0.169,1
APP-15734,0.235,1
APP-15735,0.204,0
APP-15736,0.204,1
APP-15737,0.236,1
APP-15738,10.868,0
APP-15739,0.122,1
APP-15740,11.391,1
APP-15741,0.139,0
APP-15742,0.075,1
APP-15743,10.253,0
APP-15744,0.101,1
APP-15745,0.136,1
APP-15746,0.09,0
APP-15747,0.069,1
APP-15748,0.206,1
APP-15749,4.234,0
APP-15750,4.953,0
APP-15751,0.113,1
APP-15752,5.734,0
APP-15753,1.645,0
APP-15754,0.162,1
APP-15755,6.637,0
APP-15756,8.562,1
APP-15757,0.08,0
APP-15758,0.162,1
APP-15759,0.186,1
APP-15760,0.109,1
APP-15761,7.301,1
APP-15762,0.16,0
APP-15763,0.138,1
APP-15764,0.222,1
APP-15765,0.122,0
APP-15766,0.044,1
APP-15767,0.309,1
APP-15768,0.241,1
APP-15769,0.17,1
APP-15770,0.25,0
APP-15771,6.102,1
APP-15772,0.143,0
APP-15773,0.27,1
APP-15774,0.303,1
APP-15775,0.149,1
APP-15776,0.086,1
APP-15777,0.056,1
APP-15778,0.285,1
APP-15779,0.134,0
APP-15780,0.377,1
APP-15781,0.369,0
APP-15782,0.106,1
APP-15783,0.141,1
APP-15784,0.105,0
APP-15785,0.283,1
APP-15786,0.288,0
APP-15787,0.173,1
APP-15788,0.139,1
APP-15789,4.797,0
APP-15790,0.118,1
APP-15791,0.207,1
APP-15792,0.206,1
APP-15793,2.322,1
APP-15794,0.193,1
APP-15795,0.203,1
APP-15796,0.11,0
APP-15797,6.11,0
APP-15798,0.367,1
APP-15799,0.196,1
APP-15800,0.276,1
APP-15801,7.53,0
APP-15802,0.092,1
APP-15803,0.257,0
APP-15804,0.104,0
APP-15805,0.198,0
APP-15806,0.093,0
APP-15807,0.17,1
APP-15808,0.302,1
APP-15809,0.149,1
APP-15810,0.075,1
APP-15811,9.164,1
APP-15812,0.067,1
APP-15813,0.355,1
APP-15814,0.235,0
APP-15815,0.267,0
APP-15816,0.101,1
APP-15817,0.118,0
APP-15818,0.138,0
APP-15819,0.149,1
APP-15820,0.128,1
APP-15821,9.244,0
APP-15822,0.094,1
APP-15823,0.118,1
APP-15824,0.113,1
APP-15825,11.425,0
APP-15826,0.206,1
APP-15827,0.473,1
APP-15828,0.367,1
APP-15829,0.219,0
APP-15830,0.188,1
APP-15831,0.108,0
APP-15832,0.13,0
APP-15833,0.156,1
APP-15834,0.207,1
APP-15835,12.343,1
APP-15836,0.098,1
APP-15837,0.228,1
APP-15838,3.327,1
APP-15839,5.383,1
APP-15840,0.37,0
APP-15841,0.121,1
APP-15842,0.155,0
APP-15843,7.43,0
APP-15844,0.487,0
APP-15845,0.097,1
APP-15846,0.059,1
APP-15847,2.45,0
APP-15848,6.493,1
APP-15849,0.155,1
APP-15850,0.186,1
APP-15851,0.123,1
APP-15852,0.167,1
APP-15853,8.04,0
APP-15854,9.938,0
APP-15855,0.296,1
APP-15856,6.462,0
APP-15857,3.062,1
APP-15858,0.053,0
APP-15859,0.065,0
APP-15860,5.558,0
APP-15861,0.181,0
APP-15862,0.415,1
APP-15863,0.292,0
APP-15864,8.849,0
APP-15865,0.397,1
APP-15866,0.159,1
APP-15867,0.183,1
APP-15868,0.093,1
APP-15869,2.665,1
APP-15870,0.336,0
APP-15871,10.795,0
APP-15872,0.079,0
APP-15873,0.093,1
APP-15874,0.267,1
APP-15875,0.139,1
APP-15876,0.168,0
APP-15877,7.757,1
APP-15878,0.056,1
APP-15879,11.163,0
APP-15880,0.084,0
APP-15881,0.105,1
APP-15882,16.563,0
APP-15883,0.271,0
APP-15884,2.362,0
APP-15885,0.165,1
APP-15886,0.117,1
APP-15887,0.062,1
APP-15888,0.204,1
APP-15889,8.711,0
APP-15890,0.068,0
APP-15891,0.112,0
APP-15892,0.24,1
APP-15893,8.647,0
APP-15894,0.165,0
APP-15895,0.241,0
APP-15896,0.108,1
APP-15897,0.116,1
APP-15898,3.129,1
APP-15899,0.08,1
APP-15900,4.419,0
APP-15901,6.679,1
APP-15902,0.136,1
APP-15903,0.049,0
APP-15904,0.092,0
APP-15905,11.385,0
APP-15906,8.018,0
APP-15907,6.969,0
APP-15908,0.179,1
APP-15909,6.356,0
APP-15910,8.524,0
APP-15911,1.682,0
APP-15912,0.206,1
APP-15913,9.12,1
APP-15914,0.208,1
APP-15915,0.131,1
APP-15916,3.521,0
APP-15917,0.09,0
APP-15918,0.14,1
APP-15919,0.084,0
APP-15920,0.391,0
APP-15921,0.067,0
APP-15922,0.108,1
APP-15923,11.183,0
APP-15924,12.117,0
APP-15925,0.041,1
APP-15926,14.203,1
APP-15927,0.221,1
APP-15928,0.098,0
APP-15929,0.064,1
APP-15930,0.124,1
APP-15931,6.236,0
APP-15932,0.161,0
APP-15933,0.199,1
APP-15934,0.149,1
APP-15935,0.202,1
APP-15936,0.177,1
APP-15937,0.099,1
APP-15938,5.291,0
APP-15939,11.69,0
APP-15940,4.436,1
APP-15941,0.066,0
APP-15942,0.327,1
APP-15943,0.6,1
APP-15944,6.48,0
APP-15945,0.242,1
APP-15946,5.731,0
APP-15947,0.093,1
APP-15948,0.108,1
APP-15949,0.124,0
APP-15950,3.757,0
APP-15951,9.863,0
APP-15952,0.153,1
APP-15953,0.297,1
APP-15954,0.086,1
APP-15955,0.114,1
APP-15956,4.714,0
APP-15957,6.275,0
APP-15958,0.176,1
APP-15959,0.235,1
APP-15960,0.11,1
APP-15961,0.072,1
APP-15962,0.295,1
APP-15963,0.247,1
APP-15964,0.194,0
APP-15965,6.216,1
APP-15966,0.222,0
APP-15967,0.203,0
APP-15968,0.226,1
APP-15969,0.052,1
APP-15970,0.341,0
APP-15971,0.084,0
APP-15972,13.736,0
APP-15973,0.165,1
APP-15974,6.503,1
APP-15975,3.537,0
APP-15976,9.464,0
APP-15977,12.009,1
APP-15978,0.266,1
APP-15979,0.135,1
APP-15980,5.004,0
APP-15981,0.075,1
APP-15982,0.338,1
APP-15983,0.193,1
APP-15984,0.249,1
APP-15985,7.974,0
APP-15986,0.213,1
APP-15987,6.096,1
APP-15988,0.331,0
APP-15989,0.174,0
APP-15990,0.176,1
APP-15991,2.799,1
APP-15992,0.183,1
APP-15993,12.519,0
APP-15994,0.154,1
APP-15995,8.535,1
APP-15996,0.159,0
APP-15997,0.219,1
APP-15998,0.159,0
APP-15999,0.081,0
APP-16000,0.058,0
APP-16001,0.254,1
APP-16002,0.093,0
APP-16003,3.856,0
APP-16004,0.194,0
APP-16005,0.159,1
APP-16006,0.216,1
APP-16007,0.11,1
APP-16008,0.098,1
APP-16009,0.077,1
APP-16010,0.227,1
APP-16011,0.131,1
APP-16012,6.891,0
APP-16013,0.135,1
APP-16014,0.066,1
APP-16015,6.481,0
APP-16016,0.08,1
APP-16017,0.127,1
APP-16018,0.162,0
APP-16019,0.129,0
APP-16020,0.047,1
APP-16021,0.108,0
APP-16022,5.516,1
APP-16023,0.228,1
APP-16024,0.101,1
APP-16025,8.089,0
APP-16026,5.775,1
APP-16027,0.127,1
APP-16028,0.211,0
APP-16029,6.443,0
APP-16030,0.175,1
APP-16031,0.138,0
APP-16032,0.173,0
APP-16033,0.302,1
APP-16034,0.251,0
APP-16035,0.271,0
APP-16036,0.204,1
APP-16037,5.81,0
APP-16038,2.9,1
APP-16039,10.851,0
APP-16040,0.229,1
APP-16041,0.235,1
APP-16042,11.69,0
APP-16043,0.136,0
APP-16044,0.209,1
APP-16045,0.146,1
APP-16046,0.121,1
APP-16047,0.125,1
APP-16048,0.107,1
APP-16049,0.187,1
APP-16050,0.102,1
APP-16051,0.414,1
APP-16052,0.09,1
APP-16053,0.118,1
APP-16054,10.819,0
APP-16055,0.148,1
APP-16056,0.133,1
APP-16057,0.089,0
APP-16058,0.081,0
APP-16059,0.143,1
APP-16060,9.366,1
APP-16061,0.148,0
APP-16062,0.063,1
APP-16063,0.106,1
APP-16064,0.276,1
APP-16065,0.167,1
APP-16066,0.071,1
APP-16067,5.119,1
APP-16068,0.239,1
APP-16069,8.447,0
APP-16070,0.206,1
APP-16071,0.107,1
APP-16072,0.349,1
APP-16073,0.456,1
APP-16074,0.151,1
APP-16075,6.051,1
APP-16076,0.079,1
APP-16077,0.078,0
APP-16078,0.113,0
APP-16079,0.075,1
APP-16080,0.138,1
APP-16081,0.209,1
APP-16082,0.157,0
APP-16083,0.185,1
APP-16084,0.153,1
APP-16085,9.04,1
APP-16086,3.193,0
APP-16087,0.086,1
APP-16088,0.191,1
APP-16089,0.157,1
APP-16090,0.105,0
APP-16091,0.119,0
APP-16092,6.757,1
APP-16093,0.11,1
APP-16094,0.089,0
APP-16095,0.163,0
APP-16096,0.232,1
APP-16097,0.233,0
APP-16098,0.137,0
APP-16099,0.172,1
APP-16100,0.14,1
APP-16101,0.136,1
APP-16102,0.181,1
APP-16103,0.082,0
APP-16104,0.238,0
APP-16105,0.424,0
APP-16106,9.204,0
APP-16107,0.341,1
APP-16108,0.09,1
APP-16109,0.13,1
APP-16110,15.443,0
APP-16111,7.793,0
APP-16112,0.328,0
APP-16113,8.945,0
APP-16114,0.119,1
APP-16115,0.087,1
APP-16116,5.499,1
APP-16117,0.326,1
APP-16118,0.124,0
APP-16119,9.58,0
APP-16120,0.27,0
APP-16121,0.135,1
APP-16122,0.15,1
APP-16123,0.188,0
APP-16124,7.221,1
APP-16125,0.174,1
APP-16126,16.435,1
APP-16127,0.067,0
APP-16128,0.083,1
APP-16129,8.057,1
APP-16130,5.002,0
APP-16131,0.233,1
APP-16132,6.253,0
APP-16133,8.359,1
APP-16134,6.371,1
APP-16135,0.131,1
APP-16136,5.274,1
APP-16137,3.642,1
APP-16138,0.1,1
APP-16139,5.413,1
APP-16140,0.16,0
APP-16141,8.223,1
APP-16142,0.378,1
APP-16143,0.191,1
APP-16144,0.179,0
APP-16145,7.52,1
APP-16146,7.28,0
APP-16147,0.763,1
APP-16148,0.204,1
APP-16149,1.646,1
APP-16150,0.14,0
APP-16151,0.096,1
APP-16152,0.277,0
APP-16153,0.15,1
APP-16154,5.169,1
APP-16155,0.075,1
APP-16156,0.077,0
APP-16157,0.264,1
APP-16158,8.001,0
APP-16159,0.09,1
APP-16160,0.159,0
APP-16161,0.213,0
APP-16162,5.317,1
APP-16163,0.042,1
APP-16164,0.174,1
APP-16165,2.824,1
APP-16166,0.245,1
APP-16167,0.225,1
APP-16168,0.299,1
APP-16169,0.111,1
APP-16170,9.805,1
APP-16171,0.21,1
APP-16172,5.092,1
APP-16173,0.179,1
APP-16174,0.103,1
APP-16175,0.287,1
APP-16176,0.115,1
APP-16177,0.18,1
APP-16178,0.225,1
APP-16179,0.213,0
APP-16180,0.248,0
APP-16181,0.182,1
APP-16182,0.16,1
APP-16183,0.118,1
APP-16184,9.878,0
APP-16185,0.199,1
APP-16186,8.837,0
APP-16187,0.097,0
APP-16188,3.527,1
APP-16189,0.184,1
APP-16190,0.106,1
APP-16191,3.326,0
APP-16192,0.137,1
APP-16193,5.058,1
APP-16194,6.467,0
APP-16195,6.476,0
APP-16196,0.398,1
APP-16197,6.758,0
APP-16198,0.121,1
APP-16199,0.14,1
APP-16200,0.343,1
APP-16201,8.506,0
APP-16202,0.063,1
APP-16203,0.124,1
APP-16204,6.163,1
APP-16205,4.449,0
APP-16206,0.11,1
APP-16207,0.265,1
APP-16208,0.372,1
APP-16209,10.711,0
APP-16210,5.976,0
APP-16211,0.143,1
APP-16212,0.678,0
APP-16213,11.792,1
APP-16214,0.166,1
APP-16215,0.136,0
APP-16216,9.734,0
APP-16217,0.061,1
APP-16218,9.809,0
APP-16219,0.098,1
APP-16220,0.08,1
APP-16221,6.425,0
APP-16222,6.238,1
APP-16223,10.021,0
APP-16224,2.603,1
APP-16225,0.128,1
APP-16226,0.144,1
APP-16227,0.266,1
APP-16228,0.096,1
APP-16229,0.176,0
APP-16230,8.764,1
APP-16231,0.119,0
APP-16232,0.189,1
APP-16233,0.115,1
APP-16234,0.189,1
APP-16235,0.229,0
APP-16236,4.785,1
APP-16237,0.102,0
APP-16238,0.281,1
APP-16239,0.165,1
APP-16240,0.057,1
APP-16241,0.149,1
APP-16242,0.049,1
APP-16243,0.145,1
APP-16244,0.276,1
APP-16245,5.171,0
APP-16246,0.067,1
APP-16247,0.089,0
APP-16248,6.001,0
APP-16249,6.536,0
APP-16250,0.069,0
APP-16251,0.078,1
APP-16252,3.91,1
APP-16253,9.004,1
APP-16254,0.097,1
APP-16255,0.156,0
APP-16256,0.11,1
APP-16257,6.687,0
APP-16258,0.198,1
APP-16259,0.168,1
APP-16260,5.74,1
APP-16261,0.231,1
APP-16262,0.131,1
APP-16263,6.568,0
APP-16264,6.963,1
APP-16265,0.417,0
APP-16266,0.086,1
APP-16267,3.455,0
APP-16268,0.058,0
APP-16269,10.825,0
APP-16270,0.072,1
APP-16271,0.225,1
APP-16272,4.55,0
APP-16273,5.946,0
APP-16274,0.227,1
APP-16275,0.093,0
APP-16276,5.278,1
APP-16277,0.149,1
APP-16278,0.109,1
APP-16279,0.883,0
APP-16280,7.471,0
APP-16281,0.068,1
APP-16282,0.263,1
APP-16283,10.41,0
APP-16284,0.361,1
APP-16285,0.098,1
APP-16286,0.239,1
APP-16287,2.726,1
APP-16288,0.103,1
APP-16289,0.152,1
APP-16290,9.515,1
APP-16291,1.203,0
APP-16292,6.894,0
APP-16293,0.054,0
APP-16294,0.128,0
APP-16295,0.082,0
APP-16296,15.08,0
APP-16297,5.758,1
APP-16298,0.088,1
APP-16299,5.4,1
APP-16300,1.825,0
APP-16301,7.852,0
APP-16302,0.182,1
APP-16303,0.119,1
APP-16304,0.167,1
APP-16305,6.901,1
APP-16306,0.188,0
APP-16307,0.107,1
APP-16308,0.314,1
APP-16309,0.298,0
APP-16310,0.09,1
APP-16311,0.057,0
APP-16312,0.111,1
APP-16313,3.994,0
APP-16314,7.126,0
APP-16315,9.188,0
APP-16316,0.209,0
APP-16317,3.927,0
APP-16318,0.11,0
APP-16319,0.154,1
APP-16320,0.6,0
APP-16321,0.122,0
APP-16322,0.176,0
APP-16323,4.832,0
APP-16324,0.107,0
APP-16325,3.261,0
APP-16326,8.055,0
APP-16327,0.277,1
APP-16328,4.568,1
APP-16329,0.279,1
APP-16330,0.136,0
APP-16331,0.143,1
APP-16332,0.246,0
APP-16333,0.118,1
APP-16334,0.158,1
APP-16335,0.19,1
APP-16336,0.168,0
APP-16337,0.073,1
APP-16338,0.125,0
APP-16339,0.123,1
APP-16340,0.193,0
APP-16341,0.124,1
APP-16342,0.084,0
APP-16343,0.316,0
APP-16344,0.303,1
APP-16345,0.057,1
APP-16346,5.956,0
APP-16347,0.234,1
APP-16348,0.116,1
APP-16349,0.158,1
APP-16350,6.63,0
APP-16351,0.127,1
APP-16352,13.053,0
APP-16353,8.069,0
APP-16354,0.187,1
APP-16355,0.302,1
APP-16356,6.877,0
APP-16357,6.82,0
APP-16358,5.282,0
APP-16359,0.129,1
APP-16360,0.189,1
APP-16361,0.157,1
APP-16362,0.273,0
APP-16363,3.179,0
APP-16364,0.091,1
APP-16365,0.181,1
APP-16366,0.159,0
APP-16367,2.757,1
APP-16368,0.074,0
APP-16369,0.18,0
APP-16370,0.34,1
APP-16371,4.224,0
APP-16372,0.044,1
APP-16373,2.937,0
APP-16374,0.209,1
APP-16375,0.223,1
APP-16376,0.134,0
APP-16377,0.278,1
APP-16378,0.282,1
APP-16379,0.082,0
APP-16380,0.6,0
APP-16381,0.169,1
APP-16382,0.276,1
APP-16383,0.101,1
APP-16384,0.111,1
APP-16385,9.364,0
APP-16386,0.199,1
APP-16387,0.088,1
APP-16388,0.162,1
APP-16389,3.89,1
APP-16390,9.196,0
APP-16391,0.114,0
APP-16392,0.146,1
APP-16393,0.334,1
APP-16394,0.177,0
APP-16395,8.858,1
APP-16396,6.401,0
APP-16397,0.138,1
APP-16398,6.721,1
APP-16399,0.103,1
APP-16400,0.224,1
APP-16401,0.134,1
APP-16402,0.252,0
APP-16403,0.119,1
APP-16404,4.332,0
APP-16405,9.738,0
APP-16406,8.894,1
APP-16407,0.167,0
APP-16408,0.208,0
APP-16409,0.165,1
APP-16410,7.889,1
APP-16411,6.667,0
APP-16412,6.082,0
APP-16413,0.089,0
APP-16414,0.173,0
APP-16415,7.113,0
APP-16416,0.156,1
APP-16417,8.114,0
APP-16418,0.107,1
APP-16419,0.12,1
APP-16420,0.056,0
APP-16421,0.099,1
APP-16422,0.133,1
APP-16423,9.908,0
APP-16424,0.124,1
APP-16425,0.153,0
APP-16426,4.148,1
APP-16427,0.132,1
APP-16428,0.098,0
APP-16429,5.976,0
APP-16430,0.078,1
APP-16431,8.051,1
APP-16432,0.146,1
APP-16433,0.244,1
APP-16434,0.331,1
APP-16435,0.142,1
APP-16436,0.21,1
APP-16437,0.056,1
APP-16438,0.091,0
APP-16439,0.138,1
APP-16440,2.427,1
APP-16441,0.119,1
APP-16442,0.086,1
APP-16443,0.107,1
APP-16444,4.016,0
APP-16445,0.104,1
APP-16446,0.141,1
APP-16447,0.038,0
APP-16448,0.145,1
APP-16449,0.14,1
APP-16450,5.754,0
APP-16451,0.138,1
APP-16452,5.428,0
APP-16453,8.264,1
APP-16454,0.085,1
APP-16455,9.076,0
APP-16456,3.543,0
APP-16457,0.064,0
APP-16458,0.089,1
APP-16459,0.124,1
APP-16460,0.048,1
APP-16461,0.288,1
APP-16462,0.156,1
APP-16463,0.14,0
APP-16464,0.14,1
APP-16465,0.094,1
APP-16466,0.077,1
APP-16467,8.807,0
APP-16468,6.946,1
APP-16469,4.53,1
APP-16470,0.098,1
APP-16471,0.233,1
APP-16472,0.164,1
APP-16473,0.228,0
APP-16474,10.265,0
APP-16475,0.19,1
APP-16476,8.323,0
APP-16477,0.096,1
APP-16478,9.155,0
APP-16479,0.089,1
APP-16480,0.133,1
APP-16481,0.163,1
APP-16482,12.263,0
APP-16483,2.2,1
APP-16484,0.127,1
APP-16485,8.646,0
APP-16486,9.755,1
APP-16487,0.112,1
APP-16488,0.319,0
APP-16489,0.132,1
APP-16490,0.212,0
APP-16491,0.044,1
APP-16492,0.168,0
APP-16493,0.125,0
APP-16494,9.535,0
APP-16495,4.054,1
APP-16496,0.131,1
APP-16497,0.144,1
APP-16498,0.068,0
APP-16499,0.098,1
APP-16500,0.162,1
APP-16501,0.182,1
APP-16502,0.211,0
APP-16503,0.229,1
APP-16504,0.346,1
APP-16505,4.493,0
APP-16506,0.168,0
APP-16507,0.15,1
APP-16508,0.08,1
APP-16509,0.095,0
APP-16510,0.247,1
APP-16511,0.187,1
APP-16512,0.13,1
APP-16513,8.846,0
APP-16514,0.077,0
APP-16515,0.075,1
APP-16516,0.118,1
APP-16517,0.197,1
APP-16518,0.272,1
APP-16519,0.117,1
APP-16520,0.244,1
APP-16521,6.221,1
APP-16522,0.314,0
APP-16523,0.157,1
APP-16524,0.188,1
APP-16525,0.14,1
APP-16526,0.083,1
APP-16527,12.276,0
APP-16528,9.596,0
APP-16529,0.243,1
APP-16530,0.276,1
APP-16531,8.98,0
APP-16532,0.199,1
APP-16533,1.487,0
APP-16534,0.109,0
APP-16535,0.147,0
APP-16536,7.766,0
APP-16537,6.004,1
APP-16538,9.764,0
APP-16539,0.164,1
APP-16540,0.211,1
APP-16541,0.173,1
APP-16542,0.228,0
APP-16543,0.149,1
APP-16544,9.932,1
APP-16545,8.541,0
APP-16546,6.387,0
APP-16547,12.386,0
APP-16548,0.446,1
APP-16549,0.172,1
APP-16550,7.395,1
APP-16551,0.192,1
APP-16552,0.222,1
APP-16553,0.228,1
APP-16554,0.29,1
APP-16555,1.804,1
APP-16556,0.135,1
APP-16557,0.111,1
APP-16558,0.058,1
APP-16559,0.15,1
APP-16560,0.099,1
APP-16561,0.122,1
APP-16562,0.204,1
APP-16563,0.309,0
APP-16564,0.6,1
APP-16565,0.236,1
APP-16566,0.099,1
APP-16567,17.072,0
APP-16568,0.107,1
APP-16569,0.112,0
APP-16570,0.11,0
APP-16571,10.4,0
APP-16572,1.877,1
APP-16573,0.238,1
APP-16574,0.307,1
APP-16575,0.284,1
APP-16576,6.237,0
APP-16577,0.126,0
APP-16578,0.085,1
APP-16579,0.245,0
APP-16580,5.091,0
APP-16581,2.77,1
APP-16582,0.183,0
APP-16583,0.175,1
APP-16584,9.683,0
APP-16585,0.383,0
APP-16586,0.243,1
APP-16587,0.212,1
APP-16588,0.385,0
APP-16589,13.371,0
APP-16590,0.18,0
APP-16591,0.261,1
APP-16592,0.265,1
APP-16593,0.129,0
APP-16594,0.154,1
APP-16595,0.236,0
APP-16596,8.419,1
APP-16597,0.17,0
APP-16598,0.112,1
APP-16599,4.414,0
APP-16600,0.192,0
APP-16601,0.125,1
APP-16602,0.166,1
APP-16603,0.1,1
APP-16604,0.142,1
APP-16605,0.097,1
APP-16606,8.297,0
APP-16607,0.078,1
APP-16608,0.071,1
APP-16609,8.996,0
APP-16610,0.339,1
APP-16611,0.171,0
APP-16612,0.218,1
APP-16613,0.106,1
APP-16614,0.148,1
APP-16615,7.212,0
APP-16616,0.205,1
APP-16617,5.238,0
APP-16618,0.114,1
APP-16619,6.343,1
APP-16620,0.296,1
APP-16621,0.317,0
APP-16622,0.119,1
APP-16623,0.185,0
APP-16624,0.219,1
APP-16625,0.087,1
APP-16626,8.629,0
APP-16627,0.182,1
APP-16628,0.525,1
APP-16629,0.074,1
APP-16630,0.102,1
APP-16631,0.394,0
APP-16632,1.244,1
APP-16633,0.201,1
APP-16634,0.279,1
APP-16635,6.879,0
APP-16636,0.434,0
APP-16637,0.142,1
APP-16638,0.305,1
APP-16639,4.53,0
APP-16640,0.655,1
APP-16641,5.719,1
APP-16642,0.221,1
APP-16643,7.097,1
APP-16644,5.733,0
APP-16645,0.199,1
APP-16646,0.21,0
APP-16647,0.153,1
APP-16648,0.13,0
APP-16649,0.082,0
APP-16650,0.137,1
APP-16651,0.307,1
APP-16652,0.279,1
APP-16653,8.124,0
APP-16654,10.211,0
APP-16655,0.254,1
APP-16656,0.181,1
APP-16657,0.157,1
APP-16658,0.104,1
APP-16659,0.24,1
APP-16660,7.963,1
APP-16661,8.144,0
APP-16662,0.154,1
APP-16663,0.07,1
APP-16664,0.171,1
APP-16665,0.103,0
APP-16666,0.222,1
APP-16667,3.357,1
APP-16668,0.103,1
APP-16669,0.234,0
APP-16670,9.316,1
APP-16671,8.487,0
APP-16672,0.113,1
APP-16673,7.343,1
APP-16674,6.977,0
APP-16675,0.155,1
APP-16676,6.903,0
APP-16677,0.696,1
APP-16678,0.146,0
APP-16679,0.108,1
APP-16680,4.312,0
APP-16681,0.126,1
APP-16682,0.145,1
APP-16683,0.353,1
APP-16684,0.114,0
APP-16685,0.275,1
APP-16686,0.076,1
APP-16687,0.292,0
APP-16688,0.116,0
APP-16689,0.091,0
APP-16690,6.182,1
APP-16691,7.875,0
APP-16692,4.616,0
APP-16693,0.223,1
APP-16694,0.132,1
APP-16695,0.147,1
APP-16696,5.984,1
APP-16697,4.868,0
APP-16698,0.1,1
APP-16699,0.213,1
APP-16700,16.421,1
APP-16701,6.317,1
APP-16702,8.715,0
APP-16703,5.247,0
APP-16704,7.416,1
APP-16705,0.067,1
APP-16706,0.6,1
APP-16707,0.058,1
APP-16708,3.823,1
APP-16709,0.198,1
APP-16710,0.057,1
APP-16711,0.461,1
APP-16712,3.08,1
APP-16713,0.122,1
APP-16714,0.183,1
APP-16715,5.578,1
APP-16716,0.495,0
APP-16717,0.256,1
APP-16718,6.153,1
APP-16719,0.141,1
APP-16720,0.114,1
APP-16721,4.789,1
APP-16722,0.025,1
APP-16723,0.087,0
APP-16724,0.102,1
APP-16725,0.376,1
APP-16726,0.181,1
APP-16727,0.145,1
APP-16728,0.136,0
APP-16729,0.106,1
APP-16730,0.203,1
APP-16731,0.184,1
APP-16732,6.432,0
APP-16733,0.113,0
APP-16734,0.124,1
APP-16735,0.181,0
APP-16736,0.201,1
APP-16737,5.722,1
APP-16738,0.061,0
APP-16739,0.231,1
APP-16740,0.416,1
APP-16741,6.891,1
APP-16742,11.14,0
APP-16743,0.09,1
APP-16744,0.063,0
APP-16745,0.127,1
APP-16746,0.044,1
APP-16747,0.241,0
APP-16748,0.366,1
APP-16749,5.786,0
APP-16750,0.218,1
APP-16751,3.223,1
APP-16752,7.541,0
APP-16753,0.122,1
APP-16754,0.223,1
APP-16755,0.112,1
APP-16756,0.08,0
APP-16757,0.396,1
APP-16758,0.087,0
APP-16759,6.335,0
APP-16760,0.206,0
APP-16761,0.155,1
APP-16762,0.055,1
APP-16763,0.075,1
APP-16764,9.065,0
APP-16765,0.059,1
APP-16766,7.185,0
APP-16767,0.286,1
APP-16768,6.034,0
APP-16769,0.089,1
APP-16770,5.061,1
APP-16771,0.144,0
APP-16772,8.293,0
APP-16773,1.862,0
APP-16774,0.068,1
APP-16775,0.174,1
APP-16776,0.196,1
APP-16777,0.111,1
APP-16778,0.134,1
APP-16779,0.08,1
APP-16780,0.091,0
APP-16781,0.143,1
APP-16782,0.16,1
APP-16783,0.112,1
APP-16784,4.809,1
APP-16785,0.339,1
APP-16786,0.224,1
APP-16787,8.504,0
APP-16788,0.181,1
APP-16789,2.103,1
APP-16790,4.254,0
APP-16791,8.762,0
APP-16792,1.71,0
APP-16793,0.331,1
APP-16794,0.136,1
APP-16795,5.318,0
APP-16796,0.432,0
APP-16797,0.088,0
APP-16798,0.19,1
APP-16799,0.114,0
APP-16800,12.441,1
APP-16801,0.112,1
APP-16802,8.182,1
APP-16803,8.3,1
APP-16804,8.597,0
APP-16805,13.649,1
APP-16806,0.147,1
APP-16807,10.347,0
APP-16808,0.17,1
APP-16809,0.09,1
APP-16810,0.185,0
APP-16811,4.571,0
APP-16812,0.066,1
APP-16813,9.847,0
APP-16814,1.4,0
APP-16815,0.079,0
APP-16816,0.275,1
APP-16817,0.282,1
APP-16818,0.31,1
APP-16819,7.367,0
APP-16820,0.11,1
APP-16821,0.172,1
APP-16822,0.079,1
APP-16823,0.135,1
APP-16824,0.145,1
APP-16825,6.037,0
APP-16826,0.086,1
APP-16827,0.164,1
APP-16828,0.884,1
APP-16829,0.176,1
APP-16830,0.103,1
APP-16831,6.9,1
APP-16832,6.946,1
APP-16833,10.354,0
APP-16834,0.18,1
APP-16835,0.06,1
APP-16836,0.159,1
APP-16837,6.621,0
APP-16838,0.207,1
APP-16839,0.171,1
APP-16840,0.2,1
APP-16841,0.121,1
APP-16842,8.213,0
APP-16843,0.357,1
APP-16844,6.808,1
APP-16845,0.304,1
APP-16846,5.396,1
APP-16847,9.427,0
APP-16848,0.218,1
APP-16849,0.08,1
APP-16850,4.899,1
APP-16851,0.125,0
APP-16852,0.12,1
APP-16853,0.147,1
APP-16854,0.182,1
APP-16855,3.702,1
APP-16856,5.445,0
APP-16857,0.07,0
APP-16858,0.206,1
APP-16859,0.196,1
APP-16860,7.726,0
APP-16861,0.229,1
APP-16862,0.136,1
APP-16863,0.159,0
APP-16864,0.149,1
APP-16865,0.223,0
APP-16866,8.857,0
APP-16867,0.228,0
APP-16868,8.986,0
APP-16869,3.729,0
APP-16870,0.034,1
APP-16871,0.049,1
APP-16872,0.136,0
APP-16873,11.924,0
APP-16874,0.191,0
APP-16875,0.08,1
APP-16876,6.692,0
APP-16877,0.158,1
APP-16878,0.101,1
APP-16879,0.319,0
APP-16880,0.52,0
APP-16881,14.403,0
APP-16882,0.248,1
APP-16883,8.039,0
APP-16884,13.184,0
APP-16885,0.134,1
APP-16886,0.04,1
APP-16887,9.114,0
APP-16888,0.218,0
APP-16889,15.205,0
APP-16890,4.627,0
APP-16891,0.271,1
APP-16892,0.141,1
APP-16893,0.074,1
APP-16894,15.809,0
APP-16895,0.161,0
APP-16896,0.139,1
APP-16897,12.301,0
APP-16898,0.047,0
APP-16899,0.371,1
APP-16900,0.076,0
APP-16901,0.204,0
APP-16902,0.512,1
APP-16903,0.113,0
APP-16904,0.061,1
APP-16905,0.086,1
APP-16906,0.174,1
APP-16907,0.185,1
APP-16908,0.124,1
APP-16909,0.237,1
APP-16910,0.158,1
APP-16911,0.136,0
APP-16912,0.301,0
APP-16913,0.088,0
APP-16914,0.097,1
APP-16915,0.233,1
APP-16916,11.361,0
APP-16917,0.075,0
APP-16918,0.082,1
APP-16919,11.174,0
APP-16920,0.081,1
APP-16921,0.089,1
APP-16922,0.073,1
APP-16923,4.515,1
APP-16924,3.789,0
APP-16925,0.115,1
APP-16926,9.212,0
APP-16927,3.857,0
APP-16928,0.063,1
APP-16929,0.319,1
APP-16930,0.085,0
APP-16931,0.108,1
APP-16932,0.07,1
APP-16933,0.153,1
APP-16934,0.162,1
APP-16935,0.068,1
APP-16936,0.257,0
APP-16937,0.392,1
APP-16938,7.971,0
APP-16939,0.136,1
APP-16940,14.543,0
APP-16941,9.376,0
APP-16942,0.282,0
APP-16943,0.126,0
APP-16944,9.333,0
APP-16945,10.952,1
APP-16946,0.24,0
APP-16947,0.092,0
APP-16948,0.101,1
APP-16949,0.075,0
APP-16950,8.147,1
APP-16951,0.056,1
APP-16952,0.117,1
APP-16953,0.13,1
APP-16954,0.146,1
APP-16955,0.168,1
APP-16956,0.201,0
APP-16957,0.161,1
APP-16958,0.164,1
APP-16959,0.224,1
APP-16960,0.088,0
APP-16961,7.625,0
APP-16962,11.067,0
APP-16963,0.231,1
APP-16964,0.132,0
APP-16965,0.102,1
APP-16966,0.423,1
APP-16967,0.148,1
APP-16968,0.088,0
APP-16969,0.127,0
APP-16970,0.114,1
APP-16971,0.22,0
APP-16972,0.247,1
APP-16973,0.093,1
APP-16974,0.189,0
APP-16975,0.19,1
APP-16976,0.08,0
APP-16977,0.068,1
APP-16978,0.08,0
APP-16979,0.333,1
APP-16980,6.159,1
APP-16981,0.21,0
APP-16982,0.097,0
APP-16983,0.087,0
APP-16984,0.179,1
APP-16985,11.362,0
APP-16986,0.138,1
APP-16987,2.714,0
APP-16988,0.173,0
APP-16989,0.187,1
APP-16990,0.174,1
APP-16991,0.317,1
APP-16992,0.239,0
APP-16993,0.146,0
APP-16994,0.052,0
APP-16995,0.071,0
APP-16996,0.271,1
APP-16997,0.236,1
APP-16998,0.057,1
APP-16999,0.106,1
APP-17000,0.169,1
APP-17001,0.076,0
APP-17002,0.059,1
APP-17003,0.109,1
APP-17004,8.568,0
APP-17005,0.137,1
APP-17006,0.38,1
APP-17007,0.533,1
APP-17008,0.112,1
APP-17009,6.381,1
APP-17010,0.047,1
APP-17011,0.333,1
APP-17012,0.173,1
APP-17013,0.117,1
APP-17014,3.695,0
APP-17015,0.062,1
APP-17016,6.042,0
APP-17017,0.172,0
APP-17018,2.737,0
APP-17019,0.093,0
APP-17020,0.222,1
APP-17021,10.956,0
APP-17022,0.274,1
APP-17023,0.132,1
APP-17024,0.219,1
APP-17025,0.238,1
APP-17026,0.051,1
APP-17027,0.06,1
APP-17028,8.661,1
APP-17029,9.56,1
APP-17030,5.074,1
APP-17031,0.098,0
APP-17032,0.141,1
APP-17033,5.922,1
APP-17034,0.116,0
APP-17035,0.066,1
APP-17036,0.111,0
APP-17037,0.376,1
APP-17038,0.105,1
APP-17039,4.616,0
APP-17040,0.059,1
APP-17041,2.6,0
APP-17042,0.094,0
APP-17043,0.076,1
APP-17044,0.18,1
APP-17045,0.115,0
APP-17046,0.225,1
APP-17047,0.25,1
APP-17048,0.141,1
APP-17049,0.131,0
APP-17050,8.193,1
APP-17051,0.058,1
APP-17052,0.202,1
APP-17053,0.092,1
APP-17054,0.236,1
APP-17055,12.644,0
APP-17056,7.141,0
APP-17057,0.045,1
APP-17058,6.813,1
APP-17059,7.398,1
APP-17060,0.082,1
APP-17061,0.103,1
APP-17062,0.166,1
APP-17063,6.044,0
APP-17064,0.091,1
APP-17065,0.135,0
APP-17066,0.217,0
APP-17067,0.113,1
APP-17068,0.17,1
APP-17069,0.238,1
APP-17070,0.138,0
APP-17071,3.978,0
APP-17072,0.315,0
APP-17073,3.224,1
APP-17074,0.142,1
APP-17075,0.17,0
APP-17076,0.052,0
APP-17077,0.323,1
APP-17078,0.283,1
APP-17079,7.415,0
APP-17080,0.071,0
APP-17081,4.379,0
APP-17082,6.286,1
APP-17083,10.064,1
APP-17084,0.308,1
APP-17085,0.326,1
APP-17086,0.112,0
APP-17087,0.181,1
APP-17088,0.198,1
APP-17089,0.076,1
APP-17090,0.228,0
APP-17091,2.313,1
APP-17092,3.523,1
APP-17093,5.206,1
APP-17094,0.056,1
APP-17095,0.127,1
APP-17096,0.411,1
APP-17097,3.581,0
APP-17098,0.193,0
APP-17099,0.107,1
APP-17100,0.119,1
APP-17101,0.266,1
APP-17102,0.283,0
APP-17103,0.346,1
APP-17104,0.282,0
APP-17105,13.434,1
APP-17106,4.939,1
APP-17107,0.048,1
APP-17108,0.087,1
APP-17109,0.336,0
APP-17110,6.211,1
APP-17111,2.662,0
APP-17112,0.169,1
APP-17113,0.142,0
APP-17114,0.083,1
APP-17115,0.066,0
APP-17116,0.13,0
APP-17117,5.078,1
APP-17118,8.027,0
APP-17119,11.448,0
APP-17120,10.117,0
APP-17121,0.165,0
APP-17122,4.092,1
APP-17123,0.095,0
APP-17124,9.175,1
APP-17125,0.427,1
APP-17126,8.573,0
APP-17127,12.236,0
APP-17128,0.225,0
APP-17129,14.012,1
APP-17130,0.107,1
APP-17131,0.135,0
APP-17132,0.108,1
APP-17133,0.037,1
APP-17134,0.252,1
APP-17135,0.232,1
APP-17136,8.264,0
APP-17137,7.901,1
APP-17138,3.141,1
APP-17139,0.237,0
APP-17140,0.138,1
APP-17141,0.301,0
APP-17142,0.221,0
APP-17143,0.052,0
APP-17144,0.186,1
APP-17145,0.373,1
APP-17146,0.367,1
APP-17147,1.973,1
APP-17148,5.507,1
APP-17149,0.226,1
APP-17150,0.095,1
APP-17151,0.155,0
APP-17152,11.399,0
APP-17153,0.458,1
APP-17154,0.05,1
APP-17155,0.104,0
APP-17156,0.378,1
APP-17157,2.088,1
APP-17158,0.136,1
APP-17159,0.236,1
APP-17160,10.94,1
APP-17161,4.954,0
APP-17162,0.6,0
APP-17163,0.182,1
APP-17164,6.472,1
APP-17165,0.193,1
APP-17166,9.521,0
APP-17167,0.327,1
APP-17168,5.069,1
APP-17169,7.602,1
APP-17170,4.38,1
APP-17171,0.31,1
APP-17172,0.091,1
APP-17173,4.661,0
APP-17174,0.079,1
APP-17175,15.649,0
APP-17176,5.192,0
APP-17177,0.087,1
APP-17178,0.215,0
APP-17179,0.095,1
APP-17180,0.19,1
APP-17181,3.853,0
APP-17182,0.293,0
APP-17183,8.067,0
APP-17184,0.189,1
APP-17185,8.095,0
APP-17186,0.199,1
APP-17187,0.271,1
APP-17188,6.756,0
APP-17189,0.273,1
APP-17190,0.084,1
APP-17191,0.447,1
APP-17192,0.23,1
APP-17193,6.094,0
APP-17194,12.726,0
APP-17195,0.149,1
APP-17196,0.196,0
APP-17197,0.114,1
APP-17198,7.866,0
APP-17199,0.205,1
APP-17200,13.196,0
APP-17201,8.894,0
APP-17202,0.115,1
APP-17203,0.092,1
APP-17204,3.343,0
APP-17205,0.181,1
APP-17206,6.645,0
APP-17207,0.115,1
APP-17208,0.179,1
APP-17209,0.08,1
APP-17210,8.966,0
APP-17211,0.135,1
APP-17212,0.137,0
APP-17213,0.067,0
APP-17214,0.086,0
APP-17215,0.075,1
APP-17216,7.928,0
APP-17217,4.663,0
APP-17218,0.211,0
APP-17219,0.131,1
APP-17220,0.134,0
APP-17221,0.204,1
APP-17222,7.67,0
APP-17223,0.154,1
APP-17224,9.317,0
APP-17225,0.146,0
APP-17226,6.276,1
APP-17227,11.698,0
APP-17228,0.539,1
APP-17229,6.056,0
APP-17230,5.941,0
APP-17231,6.804,1
APP-17232,0.6,0
APP-17233,4.479,0
APP-17234,0.368,0
APP-17235,0.196,1
APP-17236,0.096,1
APP-17237,0.165,1
APP-17238,0.108,1
APP-17239,0.1,1
APP-17240,4.436,1
APP-17241,5.642,1
APP-17242,0.126,1
APP-17243,0.119,1
APP-17244,13.235,0
APP-17245,13.72,1
APP-17246,7.475,0
APP-17247,0.233,1
APP-17248,4.416,1
APP-17249,0.183,1
APP-17250,5.457,1
APP-17251,0.432,1
APP-17252,9.133,0
APP-17253,2.456,1
APP-17254,0.137,0
APP-17255,0.174,0
APP-17256,4.775,0
APP-17257,0.155,1
APP-17258,0.122,0
APP-17259,9.039,0
APP-17260,0.127,1
APP-17261,0.276,0
APP-17262,0.152,0
APP-17263,0.136,1
APP-17264,0.263,0
APP-17265,13.563,1
APP-17266,3.629,0
APP-17267,0.289,1
APP-17268,3.624,0
APP-17269,0.217,0
APP-17270,0.215,1
APP-17271,0.124,0
APP-17272,0.224,1
APP-17273,0.142,1
APP-17274,0.149,0
APP-17275,0.251,0
APP-17276,8.289,0
APP-17277,0.098,1
APP-17278,0.17,1
APP-17279,0.126,1
APP-17280,0.144,0
APP-17281,9.86,0
APP-17282,0.136,0
APP-17283,6.113,0
APP-17284,0.158,1
APP-17285,0.073,1
APP-17286,0.382,1
APP-17287,6.847,1
APP-17288,11.218,0
APP-17289,0.082,0
APP-17290,0.261,1
APP-17291,0.245,1
APP-17292,3.505,0
APP-17293,0.18,0
APP-17294,0.175,1
APP-17295,6.12,0
APP-17296,0.111,0
APP-17297,0.131,1
APP-17298,0.332,1
APP-17299,0.117,0
APP-17300,9.774,0
APP-17301,0.6,1
APP-17302,0.148,1
APP-17303,0.133,1
APP-17304,0.185,1
APP-17305,0.178,1
APP-17306,0.051,0
APP-17307,0.11,1
APP-17308,0.25,1
APP-17309,0.087,1
APP-17310,0.386,0
APP-17311,0.322,1
APP-17312,10.107,0
APP-17313,0.117,1
APP-17314,0.128,1
APP-17315,0.078,0
APP-17316,0.134,0
APP-17317,0.136,1
APP-17318,4.276,1
APP-17319,0.162,0
APP-17320,0.053,1
APP-17321,11.962,1
APP-17322,0.13,1
APP-17323,6.156,1
APP-17324,0.196,1
APP-17325,0.076,0
APP-17326,0.173,0
APP-17327,0.294,1
APP-17328,0.117,0
APP-17329,0.091,1
APP-17330,0.069,1
APP-17331,0.083,1
APP-17332,0.493,1
APP-17333,12.086,0
APP-17334,4.449,0
APP-17335,0.138,1
APP-17336,0.038,1
APP-17337,0.056,1
APP-17338,0.316,1
APP-17339,8.388,0
APP-17340,0.133,1
APP-17341,0.139,0
APP-17342,0.063,1
APP-17343,6.349,0
APP-17344,0.104,0
APP-17345,10.184,1
APP-17346,0.108,1
APP-17347,0.032,1
APP-17348,6.798,1
APP-17349,8.173,0
APP-17350,0.142,0
APP-17351,0.15,0
APP-17352,8.436,0
APP-17353,0.11,1
APP-17354,10.918,0
APP-17355,7.79,0
APP-17356,0.176,1
APP-17357,0.205,0
APP-17358,7.36,0
APP-17359,0.468,1
APP-17360,0.127,1
APP-17361,0.37,0
APP-17362,0.334,1
APP-17363,6.768,1
APP-17364,1.779,0
APP-17365,0.091,1
APP-17366,0.171,1
APP-17367,0.116,1
APP-17368,0.042,0
APP-17369,0.125,1
APP-17370,2.419,1
APP-17371,0.165,1
APP-17372,0.077,1
APP-17373,0.329,1
APP-17374,2.77,0
APP-17375,0.234,0
APP-17376,7.251,1
APP-17377,0.147,0
APP-17378,0.157,1
APP-17379,0.197,0
APP-17380,0.163,0
APP-17381,6.897,1
APP-17382,0.05,0
APP-17383,0.168,1
APP-17384,6.058,1
APP-17385,0.158,0
APP-17386,6.182,0
APP-17387,0.086,0
APP-17388,10.841,1
APP-17389,0.183,1
APP-17390,0.428,1
APP-17391,0.148,1
APP-17392,0.144,0
APP-17393,0.171,1
APP-17394,13.113,0
APP-17395,0.099,1
APP-17396,0.158,1
APP-17397,2.853,1
APP-17398,0.09,0
APP-17399,9.597,0
APP-17400,0.219,1
APP-17401,0.131,1
APP-17402,8.9,0
APP-17403,0.195,1
APP-17404,0.037,0
APP-17405,0.112,1
APP-17406,9.003,0
APP-17407,7.444,0
APP-17408,9.328,0
APP-17409,0.151,1
APP-17410,7.104,0
APP-17411,4.973,0
APP-17412,12.478,0
APP-17413,0.326,0
APP-17414,0.355,0
APP-17415,0.157,1
APP-17416,4.659,0
APP-17417,2.0,1
APP-17418,6.465,0
APP-17419,0.828,0
APP-17420,0.093,0
APP-17421,0.062,1
APP-17422,0.109,1
APP-17423,0.165,1
APP-17424,0.077,1
APP-17425,7.46,0
APP-17426,0.177,0
APP-17427,0.188,1
APP-17428,0.202,0
APP-17429,1.556,1
APP-17430,0.071,1
APP-17431,0.549,1
APP-17432,0.182,0
APP-17433,2.435,1
APP-17434,13.105,1
APP-17435,0.115,0
APP-17436,0.054,1
APP-17437,3.158,1
APP-17438,0.196,1
APP-17439,0.218,0
APP-17440,0.159,1
APP-17441,1.959,1
APP-17442,0.204,0
APP-17443,0.116,1
APP-17444,0.162,1
APP-17445,0.273,0
APP-17446,0.11,1
APP-17447,0.184,0
APP-17448,4.583,0
APP-17449,0.223,1
APP-17450,0.137,0
APP-17451,8.163,0
APP-17452,0.135,1
APP-17453,7.405,0
APP-17454,0.04,1
APP-17455,0.094,1
APP-17456,0.195,1
APP-17457,0.537,0
APP-17458,0.099,1
APP-17459,0.1,0
APP-17460,0.157,1
APP-17461,0.131,1
APP-17462,0.284,0
APP-17463,16.642,1
APP-17464,0.083,0
APP-17465,0.096,0
APP-17466,7.14,0
APP-17467,0.111,1
APP-17468,4.027,0
APP-17469,4.616,1
APP-17470,0.19,1
APP-17471,0.078,1
APP-17472,9.047,1
APP-17473,0.328,1
APP-17474,0.241,0
APP-17475,1.901,1
APP-17476,11.012,1
APP-17477,0.167,1
APP-17478,0.186,1
APP-17479,0.146,1
APP-17480,0.186,1
APP-17481,0.14,1
APP-17482,0.142,1
APP-17483,0.088,1
APP-17484,0.128,1
APP-17485,0.12,0
APP-17486,5.313,1
APP-17487,0.058,0
APP-17488,0.16,1
APP-17489,0.214,1
APP-17490,0.308,1
APP-17491,0.179,1
APP-17492,0.327,0
APP-17493,0.085,1
APP-17494,0.07,1
APP-17495,0.136,1
APP-17496,0.104,1
APP-17497,0.195,1
APP-17498,5.948,0
APP-17499,0.106,1
APP-17500,0.123,1
APP-17501,0.289,0
APP-17502,0.215,1
APP-17503,5.613,1
APP-17504,0.275,1
APP-17505,6.379,1
APP-17506,11.466,0
APP-17507,0.213,0
APP-17508,2.891,0
APP-17509,0.092,0
APP-17510,1.623,0
APP-17511,0.204,1
APP-17512,0.231,1
APP-17513,0.145,1
APP-17514,11.033,1
APP-17515,10.754,1
APP-17516,6.609,0
APP-17517,0.37,1
APP-17518,0.285,1
APP-17519,6.29,0
APP-17520,0.541,0
APP-17521,0.066,0
APP-17522,0.326,1
APP-17523,0.075,0
APP-17524,0.305,1
APP-17525,0.094,1
APP-17526,10.248,0
APP-17527,0.141,0
APP-17528,0.15,1
APP-17529,10.224,0
APP-17530,0.204,1
APP-17531,0.106,0
APP-17532,0.248,0
APP-17533,0.198,1
APP-17534,0.106,1
APP-17535,4.419,1
APP-17536,0.147,1
APP-17537,1.256,0
APP-17538,0.246,1
APP-17539,0.199,1
APP-17540,0.281,1
APP-17541,0.205,1
APP-17542,0.194,0
APP-17543,0.272,1
APP-17544,4.009,0
APP-17545,5.877,1
APP-17546,6.726,1
APP-17547,0.164,1
APP-17548,0.126,1
APP-17549,5.564,0
APP-17550,0.062,1
APP-17551,0.186,1
APP-17552,0.107,1
APP-17553,0.086,1
APP-17554,10.544,0
APP-17555,9.325,0
APP-17556,5.619,0
APP-17557,0.305,0
APP-17558,0.078,1
APP-17559,0.114,1
APP-17560,0.415,1
APP-17561,0.343,1
APP-17562,5.345,1
APP-17563,3.737,1
APP-17564,0.297,1
APP-17565,0.083,1
APP-17566,0.418,1
APP-17567,0.09,1
APP-17568,6.269,1
APP-17569,4.579,0
APP-17570,0.084,1
APP-17571,0.205,0
APP-17572,0.136,0
APP-17573,0.119,1
APP-17574,0.163,1
APP-17575,0.105,1
APP-17576,0.081,1
APP-17577,5.447,1
APP-17578,0.6,0
APP-17579,7.745,1
APP-17580,6.254,1
APP-17581,9.486,0
APP-17582,0.124,0
APP-17583,9.515,1
APP-17584,0.231,1
APP-17585,0.087,1
APP-17586,6.968,1
APP-17587,0.335,1
APP-17588,3.091,0
APP-17589,0.103,1
APP-17590,0.236,1
APP-17591,0.068,1
APP-17592,0.136,0
APP-17593,0.083,1
APP-17594,0.205,1
APP-17595,0.096,1
APP-17596,7.357,0
APP-17597,2.623,0
APP-17598,2.887,1
APP-17599,2.704,0
APP-17600,4.615,1
APP-17601,0.072,1
APP-17602,0.6,1
APP-17603,0.216,0
APP-17604,0.1,1
APP-17605,0.176,1
APP-17606,0.317,1
APP-17607,0.145,1
APP-17608,0.171,1
APP-17609,0.206,1
APP-17610,1.907,0
APP-17611,0.061,1
APP-17612,0.143,0
APP-17613,0.315,1
APP-17614,0.156,1
APP-17615,0.096,1
APP-17616,10.559,1
APP-17617,0.087,1
APP-17618,0.153,0
APP-17619,0.126,0
APP-17620,0.207,1
APP-17621,0.408,1
APP-17622,0.158,0
APP-17623,0.368,1
APP-17624,0.118,0
APP-17625,9.786,1
APP-17626,7.886,1
APP-17627,0.188,0
APP-17628,6.495,0
APP-17629,0.157,1
APP-17630,0.114,1
APP-17631,0.33,0
APP-17632,0.429,0
APP-17633,0.081,1
APP-17634,0.168,1
APP-17635,0.241,1
APP-17636,0.067,1
APP-17637,9.542,1
APP-17638,0.34,1
APP-17639,0.103,1
APP-17640,8.779,0
APP-17641,0.174,1
APP-17642,0.526,0
APP-17643,4.439,1
APP-17644,0.07,0
APP-17645,8.719,1
APP-17646,0.143,1
APP-17647,0.33,1
APP-17648,0.168,1
APP-17649,5.588,1
APP-17650,13.699,1
APP-17651,0.103,1
APP-17652,0.23,1
APP-17653,0.158,1
APP-17654,0.131,0
APP-17655,0.135,1
APP-17656,0.056,1
APP-17657,0.068,1
APP-17658,9.099,0
APP-17659,11.411,0
APP-17660,0.238,0
APP-17661,0.382,1
APP-17662,5.237,0
APP-17663,6.279,0
APP-17664,6.941,1
APP-17665,0.255,1
APP-17666,6.575,0
APP-17667,0.207,0
APP-17668,5.582,0
APP-17669,0.081,1
APP-17670,8.734,1
APP-17671,0.076,1
APP-17672,0.217,1
APP-17673,4.095,1
APP-17674,0.141,0
APP-17675,9.671,0
APP-17676,5.986,1
APP-17677,9.583,1
APP-17678,0.116,1
APP-17679,0.243,1
APP-17680,0.099,1
APP-17681,0.243,1
APP-17682,0.09,0
APP-17683,0.171,1
APP-17684,0.112,0
APP-17685,5.512,0
APP-17686,0.701,0
APP-17687,0.116,0
APP-17688,0.09,1
APP-17689,0.158,1
APP-17690,0.28,0
APP-17691,0.232,0
APP-17692,0.144,1
APP-17693,0.198,1
APP-17694,0.375,1
APP-17695,11.226,0
APP-17696,7.573,1
APP-17697,3.522,1
APP-17698,0.244,0
APP-17699,5.612,0
APP-17700,0.105,0
APP-17701,7.169,0
APP-17702,0.18,0
APP-17703,0.256,1
APP-17704,6.566,1
APP-17705,0.1,0
APP-17706,0.226,1
APP-17707,0.071,0
APP-17708,0.086,1
APP-17709,3.405,0
APP-17710,6.668,0
APP-17711,0.159,0
APP-17712,9.951,0
APP-17713,7.493,0
APP-17714,5.561,1
APP-17715,0.171,1
APP-17716,0.138,0
APP-17717,0.169,1
APP-17718,0.17,1
APP-17719,0.252,1
APP-17720,0.094,1
APP-17721,0.103,1
APP-17722,0.164,1
APP-17723,8.91,1
APP-17724,0.177,1
APP-17725,0.087,0
APP-17726,0.102,1
APP-17727,0.053,1
APP-17728,0.139,1
APP-17729,7.051,1
APP-17730,0.6,1
APP-17731,5.237,0
APP-17732,6.543,1
APP-17733,0.134,1
APP-17734,8.895,0
APP-17735,0.075,1
APP-17736,7.074,1
APP-17737,8.384,1
APP-17738,0.297,1
APP-17739,3.895,1
APP-17740,0.159,1
APP-17741,8.632,0
APP-17742,9.151,1
APP-17743,0.178,1
APP-17744,0.127,1
APP-17745,0.062,1
APP-17746,10.06,0
APP-17747,0.087,1
APP-17748,0.571,0
APP-17749,3.171,0
APP-17750,2.714,1
APP-17751,0.288,1
APP-17752,0.167,1
APP-17753,0.174,1
APP-17754,0.228,1
APP-17755,0.169,1
APP-17756,0.065,0
APP-17757,0.137,0
APP-17758,0.105,1
APP-17759,3.793,0
APP-17760,0.201,1
APP-17761,6.671,1
APP-17762,0.063,1
APP-17763,0.114,1
APP-17764,0.211,0
APP-17765,7.781,0
APP-17766,0.156,1
APP-17767,3.757,1
APP-17768,0.134,0
APP-17769,0.063,0
APP-17770,0.23,1
APP-17771,4.288,1
APP-17772,0.142,1
APP-17773,0.087,0
APP-17774,0.25,1
APP-17775,5.964,0
APP-17776,0.134,1
APP-17777,0.214,1
APP-17778,0.124,0
APP-17779,6.131,0
APP-17780,4.05,0
APP-17781,0.087,0
APP-17782,0.184,1
APP-17783,0.218,1
APP-17784,0.139,1
APP-17785,0.266,1
APP-17786,2.222,1
APP-17787,0.091,1
APP-17788,0.222,0
APP-17789,0.114,1
APP-17790,0.206,1
APP-17791,2.234,1
APP-17792,8.076,0
APP-17793,4.697,1
APP-17794,0.057,1
APP-17795,0.103,1
APP-17796,0.078,0
APP-17797,0.182,1
APP-17798,0.095,1
APP-17799,0.6,1
APP-17800,0.151,1
APP-17801,0.165,1
APP-17802,0.131,0
APP-17803,0.084,1
APP-17804,0.118,1
APP-17805,0.13,1
APP-17806,0.245,1
APP-17807,0.253,1
APP-17808,0.367,1
APP-17809,0.101,1
APP-17810,0.126,1
APP-17811,0.186,0
APP-17812,8.062,0
APP-17813,0.138,0
APP-17814,0.323,1
APP-17815,6.071,0
APP-17816,6.811,0
APP-17817,0.16,1
APP-17818,0.246,0
APP-17819,0.307,0
APP-17820,10.992,0
APP-17821,0.17,0
APP-17822,0.168,1
APP-17823,0.12,1
APP-17824,0.167,1
APP-17825,8.978,1
APP-17826,7.329,0
APP-17827,10.07,0
APP-17828,0.062,1
APP-17829,0.178,1
APP-17830,0.436,1
APP-17831,12.811,0
APP-17832,0.261,1
APP-17833,0.203,0
APP-17834,0.076,0
APP-17835,0.238,1
APP-17836,0.334,1
APP-17837,0.136,1
APP-17838,0.136,0
APP-17839,0.181,1
APP-17840,10.888,1
APP-17841,5.497,1
APP-17842,0.191,1
APP-17843,6.796,0
APP-17844,0.114,1
APP-17845,0.399,1
APP-17846,3.791,1
APP-17847,0.238,0
APP-17848,0.173,1
APP-17849,0.083,1
APP-17850,0.178,0
APP-17851,0.094,1
APP-17852,6.333,1
APP-17853,0.032,1
APP-17854,0.208,1
APP-17855,8.545,0
APP-17856,4.279,0
APP-17857,0.225,0
APP-17858,15.786,0
APP-17859,0.154,1
APP-17860,0.361,1
APP-17861,0.124,0
APP-17862,0.077,1
APP-17863,0.177,0
APP-17864,0.152,1
APP-17865,0.037,1
APP-17866,10.794,0
APP-17867,0.061,1
APP-17868,0.16,1
APP-17869,0.739,1
APP-17870,0.179,1
APP-17871,0.313,1
APP-17872,0.058,1
APP-17873,6.881,0
APP-17874,0.161,1
APP-17875,0.09,1
APP-17876,7.512,0
APP-17877,5.243,1
APP-17878,0.048,1
APP-17879,0.227,1
APP-17880,0.144,0
APP-17881,0.121,1
APP-17882,0.129,1
APP-17883,0.131,1
APP-17884,8.923,0
APP-17885,7.466,1
APP-17886,3.803,1
APP-17887,0.083,1
APP-17888,10.29,1
APP-17889,0.066,1
APP-17890,0.173,0
APP-17891,0.217,0
APP-17892,0.329,0
APP-17893,0.147,1
APP-17894,0.158,1
APP-17895,0.225,1
APP-17896,0.17,1
APP-17897,0.2,0
APP-17898,0.184,1
APP-17899,0.094,1
APP-17900,5.54,1
APP-17901,0.066,1
APP-17902,13.816,0
APP-17903,0.278,0
APP-17904,0.182,1
APP-17905,0.358,1
APP-17906,0.116,1
APP-17907,0.133,1
APP-17908,0.267,1
APP-17909,0.069,1
APP-17910,0.205,0
APP-17911,0.232,1
APP-17912,6.295,0
APP-17913,8.158,1
APP-17914,0.177,1
APP-17915,0.106,1
APP-17916,0.084,0
APP-17917,0.126,1
APP-17918,5.502,0
APP-17919,7.856,1
APP-17920,5.482,0
APP-17921,5.084,1
APP-17922,7.034,0
APP-17923,0.105,1
APP-17924,0.116,1
APP-17925,0.099,0
APP-17926,5.313,0
APP-17927,6.709,0
APP-17928,0.23,0
APP-17929,6.168,1
APP-17930,0.336,1
APP-17931,0.09,1
APP-17932,0.069,0
APP-17933,0.235,0
APP-17934,0.134,1
APP-17935,0.286,0
APP-17936,0.422,1
APP-17937,0.088,0
APP-17938,0.498,1
APP-17939,4.148,0
APP-17940,0.115,1
APP-17941,0.087,1
APP-17942,0.235,1
APP-17943,0.176,1
APP-17944,0.712,1
APP-17945,3.48,0
APP-17946,0.056,1
APP-17947,0.103,0
APP-17948,0.229,1
APP-17949,0.125,0
APP-17950,0.139,0
APP-17951,0.163,1
APP-17952,0.087,1
APP-17953,5.092,1
APP-17954,0.085,1
APP-17955,0.136,0
APP-17956,0.211,1
APP-17957,11.317,1
APP-17958,0.237,1
APP-17959,0.101,1
APP-17960,1.445,0
APP-17961,0.089,1
APP-17962,0.239,0
APP-17963,0.253,1
APP-17964,0.154,1
APP-17965,4.983,0
APP-17966,6.4,1
APP-17967,0.293,1
APP-17968,0.115,0
APP-17969,0.176,1
APP-17970,0.147,1
APP-17971,4.275,0
APP-17972,6.374,1
APP-17973,0.089,1
APP-17974,10.957,0
APP-17975,0.119,1
APP-17976,0.158,1
APP-17977,0.116,1
APP-17978,0.074,1
APP-17979,0.049,0
APP-17980,5.258,0
APP-17981,0.107,1
APP-17982,5.554,1
APP-17983,0.086,0
APP-17984,11.735,0
APP-17985,5.487,0
APP-17986,0.283,0
APP-17987,0.138,0
APP-17988,0.059,1
APP-17989,0.09,0
APP-17990,0.202,1
APP-17991,0.158,1
APP-17992,0.083,0
APP-17993,0.168,0
APP-17994,3.803,1
APP-17995,0.133,1
APP-17996,6.492,1
APP-17997,0.145,0
APP-17998,0.304,0
APP-17999,3.371,0
APP-18000,0.071,1
APP-18001,0.049,1
APP-18002,0.076,1
APP-18003,3.866,0
APP-18004,0.051,1
APP-18005,0.208,1
APP-18006,0.1,1
APP-18007,0.074,0
APP-18008,1.468,1
APP-18009,10.16,0
APP-18010,0.174,1
APP-18011,8.267,1
APP-18012,6.946,0
APP-18013,0.154,1
APP-18014,10.411,0
APP-18015,0.233,0
APP-18016,0.124,0
APP-18017,0.084,1
APP-18018,4.833,1
APP-18019,0.6,1
APP-18020,5.998,1
APP-18021,0.239,1
APP-18022,0.23,1
APP-18023,0.223,1
APP-18024,0.28,1
APP-18025,0.126,1
APP-18026,0.177,1
APP-18027,0.131,1
APP-18028,6.15,1
APP-18029,5.799,1
APP-18030,0.093,1
APP-18031,10.558,0
APP-18032,0.283,1
APP-18033,0.097,1
APP-18034,0.062,1
APP-18035,0.121,0
APP-18036,0.16,1
APP-18037,0.089,0
APP-18038,0.067,1
APP-18039,0.049,0
APP-18040,5.824,1
APP-18041,0.084,1
APP-18042,0.115,0
APP-18043,0.127,1
APP-18044,0.089,1
APP-18045,0.13,0
APP-18046,0.242,1
APP-18047,12.957,0
APP-18048,9.453,0
APP-18049,3.285,0
APP-18050,0.11,1
APP-18051,8.301,0
APP-18052,0.193,1
APP-18053,9.166,0
APP-18054,0.384,1
APP-18055,0.377,1
APP-18056,0.122,1
APP-18057,0.06,1
APP-18058,0.131,0
APP-18059,10.808,0
APP-18060,0.114,0
APP-18061,6.868,1
APP-18062,0.207,1
APP-18063,0.112,1
APP-18064,0.179,1
APP-18065,9.445,0
APP-18066,0.045,0
APP-18067,0.117,1
APP-18068,0.173,1
APP-18069,0.081,1
APP-18070,0.414,0
APP-18071,0.176,0
APP-18072,0.921,1
APP-18073,8.542,0
APP-18074,0.424,0
APP-18075,0.034,0
APP-18076,0.287,1
APP-18077,0.275,0
APP-18078,6.78,1
APP-18079,12.326,0
APP-18080,0.34,0
APP-18081,3.837,0
APP-18082,6.954,1
APP-18083,5.899,1
APP-18084,0.263,1
APP-18085,0.441,1
APP-18086,0.205,1
APP-18087,0.115,0
APP-18088,0.081,0
APP-18089,0.105,0
APP-18090,7.834,0
APP-18091,9.214,0
APP-18092,7.495,0
APP-18093,1.262,1
APP-18094,0.069,1
APP-18095,1.964,1
APP-18096,0.085,0
APP-18097,0.121,1
APP-18098,4.866,0
APP-18099,0.476,0
APP-18100,0.17,1
APP-18101,2.315,0
APP-18102,0.114,0
APP-18103,4.854,1
APP-18104,0.092,1
APP-18105,0.223,0
APP-18106,0.6,1
APP-18107,0.132,1
APP-18108,10.72,0
APP-18109,0.087,1
APP-18110,0.093,1
APP-18111,0.14,1
APP-18112,6.389,0
APP-18113,0.193,0
APP-18114,10.893,0
APP-18115,0.082,1
APP-18116,4.616,0
APP-18117,0.162,1
APP-18118,8.831,1
APP-18119,4.73,1
APP-18120,7.661,1
APP-18121,8.064,0
APP-18122,0.094,1
APP-18123,0.121,0
APP-18124,8.772,0
APP-18125,0.313,1
APP-18126,5.044,1
APP-18127,2.414,0
APP-18128,0.071,1
APP-18129,0.124,1
APP-18130,10.887,0
APP-18131,0.22,1
APP-18132,6.218,1
APP-18133,0.6,1
APP-18134,0.083,1
APP-18135,0.084,0
APP-18136,6.6,0
APP-18137,8.093,0
APP-18138,0.159,1
APP-18139,0.167,1
APP-18140,7.022,0
APP-18141,0.111,1
APP-18142,0.057,1
APP-18143,0.092,1
APP-18144,0.073,1
APP-18145,7.171,0
APP-18146,0.349,1
APP-18147,6.402,0
APP-18148,0.146,1
APP-18149,0.402,0
APP-18150,0.125,1
APP-18151,0.122,1
APP-18152,7.012,1
APP-18153,10.506,1
APP-18154,0.057,1
APP-18155,0.128,1
APP-18156,0.114,1
APP-18157,4.729,1
APP-18158,0.119,1
APP-18159,0.053,1
APP-18160,0.152,0
APP-18161,8.007,0
APP-18162,8.532,1
APP-18163,0.116,1
APP-18164,6.903,0
APP-18165,0.112,1
APP-18166,0.239,1
APP-18167,3.699,1
APP-18168,6.984,1
APP-18169,0.188,1
APP-18170,0.083,1
APP-18171,0.228,0
APP-18172,9.061,0
APP-18173,0.249,1
APP-18174,0.154,1
APP-18175,0.188,1
APP-18176,0.207,1
APP-18177,0.179,1
APP-18178,11.187,1
APP-18179,0.087,1
APP-18180,0.143,1
APP-18181,0.089,1
APP-18182,3.868,0
APP-18183,0.08,1
APP-18184,0.122,0
APP-18185,0.258,1
APP-18186,4.578,1
APP-18187,1.946,1
APP-18188,0.29,1
APP-18189,0.222,0
APP-18190,7.933,1
APP-18191,0.102,1
APP-18192,0.084,1
APP-18193,0.12,0
APP-18194,0.206,1
APP-18195,0.235,1
APP-18196,6.532,0
APP-18197,0.25,0
APP-18198,5.148,0
APP-18199,8.737,0
APP-18200,0.137,1
APP-18201,0.228,0
APP-18202,0.193,1
APP-18203,0.479,0
APP-18204,0.455,1
APP-18205,0.123,1
APP-18206,0.219,0
APP-18207,7.05,1
APP-18208,0.169,1
APP-18209,0.107,0
APP-18210,4.285,1
APP-18211,0.146,1
APP-18212,6.532,0
APP-18213,0.097,1
APP-18214,0.112,0
APP-18215,3.682,0
APP-18216,0.15,1
APP-18217,5.34,0
APP-18218,0.129,0
APP-18219,8.962,0
APP-18220,8.26,0
APP-18221,0.19,1
APP-18222,0.6,1
APP-18223,0.141,1
APP-18224,0.202,1
APP-18225,0.132,1
APP-18226,5.619,0
APP-18227,0.193,1
APP-18228,0.402,1
APP-18229,6.843,0
APP-18230,0.271,1
APP-18231,0.082,1
APP-18232,0.079,1
APP-18233,0.123,1
APP-18234,0.106,0
APP-18235,0.055,1
APP-18236,0.135,1
APP-18237,4.794,0
APP-18238,8.589,0
APP-18239,0.103,1
APP-18240,7.759,1
APP-18241,4.609,0
APP-18242,11.085,0
APP-18243,0.136,1
APP-18244,2.744,1
APP-18245,0.11,1
APP-18246,0.079,1
APP-18247,7.695,0
APP-18248,11.576,0
APP-18249,2.0,0
APP-18250,0.123,1
APP-18251,0.225,1
APP-18252,0.136,0
APP-18253,9.081,1
APP-18254,0.102,1
APP-18255,0.155,1
APP-18256,0.147,0
APP-18257,0.173,0
APP-18258,0.18,0
APP-18259,0.233,0
APP-18260,0.158,0
APP-18261,12.62,0
APP-18262,0.046,1
APP-18263,0.321,0
APP-18264,0.091,0
APP-18265,5.073,0
APP-18266,10.936,0
APP-18267,0.187,0
APP-18268,0.668,1
APP-18269,12.188,0
APP-18270,0.197,0
APP-18271,0.407,1
APP-18272,0.169,0
APP-18273,0.102,1
APP-18274,0.24,1
APP-18275,0.112,0
APP-18276,0.115,1
APP-18277,0.254,1
APP-18278,0.109,1
APP-18279,0.202,0
APP-18280,6.685,0
APP-18281,4.004,0
APP-18282,0.109,1
APP-18283,0.054,1
APP-18284,0.183,0
APP-18285,0.115,1
APP-18286,9.637,0
APP-18287,4.27,0
APP-18288,0.114,1
APP-18289,4.448,0
APP-18290,0.139,0
APP-18291,3.99,1
APP-18292,0.136,1
APP-18293,8.537,0
APP-18294,12.78,0
APP-18295,9.31,0
APP-18296,0.064,1
APP-18297,0.134,0
APP-18298,0.145,0
APP-18299,8.428,1
APP-18300,5.186,1
APP-18301,3.075,0
APP-18302,5.192,0
APP-18303,3.458,0
APP-18304,0.175,0
APP-18305,0.24,0
APP-18306,4.85,0
APP-18307,0.161,0
APP-18308,5.685,0
APP-18309,2.37,1
APP-18310,0.167,1
APP-18311,0.081,1
APP-18312,6.191,0
APP-18313,0.29,1
APP-18314,0.048,0
APP-18315,10.852,0
APP-18316,4.643,0
APP-18317,0.182,0
APP-18318,0.788,1
APP-18319,0.695,1
APP-18320,0.146,1
APP-18321,4.373,0
APP-18322,0.068,0
APP-18323,0.128,1
APP-18324,0.359,1
APP-18325,4.376,1
APP-18326,9.388,1
APP-18327,0.061,1
APP-18328,0.101,1
APP-18329,0.097,1
APP-18330,5.945,0
APP-18331,14.076,0
APP-18332,6.852,1
APP-18333,0.6,0
APP-18334,0.169,1
APP-18335,5.413,1
APP-18336,0.185,1
APP-18337,0.266,1
APP-18338,0.112,0
APP-18339,0.5,0
APP-18340,4.362,0
APP-18341,0.281,1
APP-18342,6.17,0
APP-18343,0.093,1
APP-18344,0.115,0
APP-18345,2.988,1
APP-18346,0.161,1
APP-18347,0.172,0
APP-18348,0.429,0
APP-18349,4.254,0
APP-18350,0.1,0
APP-18351,3.469,0
APP-18352,5.057,0
APP-18353,10.394,0
APP-18354,2.833,0
APP-18355,0.243,1
APP-18356,0.351,0
APP-18357,4.268,0
APP-18358,5.076,0
APP-18359,0.229,1
APP-18360,0.105,0
APP-18361,11.32,0
APP-18362,0.193,1
APP-18363,1.904,1
APP-18364,0.451,0
APP-18365,0.086,1
APP-18366,0.158,1
APP-18367,0.268,0
APP-18368,0.217,1
APP-18369,0.124,1
APP-18370,0.151,1
APP-18371,5.32,1
APP-18372,0.106,1
APP-18373,14.601,0
APP-18374,0.296,0
APP-18375,0.152,1
APP-18376,0.177,1
APP-18377,0.14,1
APP-18378,0.109,1
APP-18379,0.256,0
APP-18380,0.229,1
APP-18381,0.056,1
APP-18382,0.126,1
APP-18383,9.233,0
APP-18384,0.854,1
APP-18385,7.862,0
APP-18386,0.153,0
APP-18387,5.014,1
APP-18388,0.155,1
APP-18389,4.934,0
APP-18390,0.273,1
APP-18391,8.961,1
APP-18392,0.263,1
APP-18393,0.137,0
APP-18394,0.187,0
APP-18395,0.147,1
APP-18396,0.108,0
APP-18397,0.098,1
APP-18398,0.088,1
APP-18399,0.14,0
APP-18400,6.639,0
